{"639d79cc857a6c76c2723b7e014fccb0":{"ID":"3074","post_title":"Page Banner - Static Image","post_type":"thrive_section","post_status":"publish","meta_input":{"skin_tag":"q1qj01","content":"<div class=\"thrv_wrapper thrv_text_element\" style=\"\" data-css=\"tve-u-16ffc04d542\"><h1 class=\"\" style=\"\" data-css=\"tve-u-1713abe1d26\"><span class=\"thrive-shortcode-content\" data-attr-css=\"\" data-attr-link=\"1\" data-attr-rel=\"0\" data-attr-target=\"0\" data-css=\"tve-u-170810d7426\" data-extra_key=\"\" data-option-inline=\"1\" data-shortcode=\"tcb_post_title\" data-shortcode-name=\"Post title\">[tcb_post_title css='' link='1' rel='0' target='0' inline='1']<\/span><\/h1><\/div>","type":"top","singular":"1","template_type":"singular","style":{"css":{"(min-width: 300px)":"{{css_export_placeholder}} .section-background { clip-path: url(\"#clip-bottom-855025219fc47\"); background-color: var(--tcb-skin-color-0)  !important; background-image: linear-gradient(var(--tcb-skin-color-13), var(--tcb-skin-color-13)), url(\"{{img=56ca56a4cc27dc2c3eed8ca2afdd1bfe}}\")  !important; background-size: auto, cover !important; background-position: 50% 50%, 50% 50% !important; background-attachment: scroll, scroll !important; background-repeat: no-repeat, no-repeat !important; }{{css_export_placeholder}} [data-css=\"tve-u-16ffc04d542\"] { float: none; max-width: 70%; padding: 0px !important; border: none !important; background-color: transparent !important; margin-bottom: 0px !important; margin-left: auto !important; margin-right: auto !important; }{{css_export_placeholder}} .section-content { display: flex; justify-content: center; flex-direction: column; --tve-color:rgb(255, 255, 255); padding: 40px 20px 80px !important; min-height: 450px !important; text-align: center; }:not(#tve) {{css_export_placeholder}} [data-css=\"tve-u-170810d7426\"] { color: rgb(255, 255, 255) !important; --tcb-applied-color:rgb(255, 255, 255)  !important; }:not(#tve) {{css_export_placeholder}} [data-css=\"tve-u-1713abe1d26\"] { padding-bottom: 0px !important; margin-bottom: 0px !important; }","(max-width: 1023px)":"{{css_export_placeholder}} .section-content { justify-content: center; display: flex; flex-direction: column; padding: 40px 40px 80px !important; min-height: 280px !important; }{{css_export_placeholder}} [data-css=\"tve-u-16ffc04d542\"] { max-width: 90%; }{{css_export_placeholder}} .section-background { clip-path: url(\"#clip-tablet-bottom-855025219fc47\"); }","(max-width: 767px)":"{{css_export_placeholder}} .section-content { justify-content: center; display: flex; flex-direction: column; padding: 50px 20px 70px !important; min-height: 200px !important; }{{css_export_placeholder}} .section-background { clip-path: url(\"#clip-mobile-bottom-855025219fc47\"); }{{css_export_placeholder}} [data-css=\"tve-u-16ffc04d542\"] { max-width: 100%; }"},"fonts":[],"dynamic":[]},"icons":[],"decoration":{"clip-id":"855025219fc47","svg":"<svg width=\"0\" height=\"0\" class=\"tve-decoration-svg\"><defs><clipPath id=\"clip-bottom-855025219fc47\" class=\"decoration-clip clip-path-bottom\" clipPathUnits=\"objectBoundingBox\" data-screen=\"\" decoration-type=\"slanted\" slanted-angle=\"14\" style=\"\"><polygon points=\"0 0, 0 1, 4.0108 0, 1 0\"><\/polygon><\/clipPath><clipPath id=\"clip-mobile-bottom-855025219fc47\" class=\"decoration-clip clip-path-mobile-bottom\" clipPathUnits=\"objectBoundingBox\" data-screen=\"mobile-\" decoration-type=\"slanted\" slanted-angle=\"6\" style=\"\"><polygon points=\"0 0, 0 1, 9.5144 0, 1 0\"><\/polygon><\/clipPath><clipPath id=\"clip-tablet-bottom-855025219fc47\" class=\"decoration-clip clip-path-tablet-bottom\" clipPathUnits=\"objectBoundingBox\" data-screen=\"tablet-\" decoration-type=\"slanted\" slanted-angle=\"10\" style=\"\"><polygon points=\"0 0, 0 1, 5.6713 0, 1 0\"><\/polygon><\/clipPath><clipPath id=\"clip-tablet-mobile-bottom-855025219fc47\" class=\"decoration-clip clip-path-tablet-mobile-bottom\" clipPathUnits=\"objectBoundingBox\" data-screen=\"tablet-\" decoration-type=\"slanted\" slanted-angle=\"8\" style=\"\"><polygon points=\"0 0, 0 1, 7.1154 0, 1 0\"><\/polygon><\/clipPath><\/defs><\/svg>"},"comments":[],"tve_globals":{"js_sdk":[],"fb_comment_admins":""},"attr":{"class":""}}}}