[{"ID":5176,"post_title":"Simple Shop 04","post_type":"thrive_template","meta_input":{"default":"0","layout":"20f07591c6fcb220ffe637cda29bb3f6","layout_data":{"content_width":"1080px"},"structure":"[thrive_template_section type=\"top\" ][thrive_template_content]\n[thrive_main_container]\n[thrive_template_section type=\"sidebar\" ]\n[thrive_template_section type=\"content\" ]\n[\/thrive_main_container]\n[\/thrive_template_content][thrive_template_section type=\"bottom\" ]","sidebar-type":"","sticky-sidebar":"","off-screen-sidebar":"","tve_globals":{"js_sdk":[],"fb_comment_admins":""},"comments":{"labels":[],"icons":[]},"sections":{"top":{"id":0,"content":"<div class=\"thrv_wrapper thrv_text_element\" data-css=\"tve-u-172db91c35a\" style=\"\"> <h1 class=\"\" style=\"\" data-css=\"tve-u-172db905a9c\"><span class=\"thrive-shortcode-content\" data-attr-id=\"the_title\" data-extra_key=\"the_title\" data-option-inline=\"1\" data-shortcode=\"thrive_woocommerce_shop_title\" data-shortcode-name=\"Post title\" data-css=\"tve-u-172db97575b\">[thrive_woocommerce_shop_title id='the_title' inline='1']<\/span><\/h1><\/div>","decoration":[],"comments":[],"attr":{"class":""},"posts_per_page":"8","ordering":"date-desc","hide":0},"sidebar":{"id":0,"content":"\n<div class=\"thrv_wrapper tve_image_caption\" data-css=\"tve-u-172dbc67291\" style=\"\"><span class=\"tve_image_frame\" style=\"\"><img class=\"tve_image wp-image-2336\" alt=\"\" data-id=\"2336\" width=\"353\" data-init-width=\"638\" height=\"230\" data-init-height=\"416\" title=\"middle_image_16\" loading=\"lazy\" src=\"{{img=f8eec0a08d2ab4be92d1c9d7622582f8}}\" data-width=\"353\" data-height=\"230\" style=\"\" ml-d=\"-75\" data-css=\"tve-u-172dbf27d6c\" center-h-d=\"false\" ml-t=\"-2\"><\/span><\/div><div class=\"thrv_wrapper thrv_text_element\" data-css=\"tve-u-17300ac8dc8\" style=\"\"><p data-css=\"tve-u-172dbfdbc6b\" style=\"\">We Believe In -<\/p><\/div><div class=\"thrv_wrapper thrv_text_element\" data-css=\"tve-u-172dbfe8133\" style=\"\"><p data-css=\"tve-u-172dbfdcaa3\" style=\"\">Lorem ipsum dolor sit amet, consectetur adipiscing elit, sed do eiusmod tempor incididunt ut labore et dolore magna aliqua. Ut enim ad minim veniam, quis nostrud exercitation ullamco laboris nisi ut aliquip ex ea commodo consequat.<\/p><\/div><div class=\"thrv_wrapper thrv_contentbox_shortcode thrv-content-box tve-elem-default-pad\" data-css=\"tve-u-172dbaec183\" style=\"\">\n\t<div class=\"tve-content-box-background\" style=\"\" data-css=\"tve-u-172dbaca35e\"><\/div>\n\t<div class=\"tve-cb\"><div class=\"tcb-clear\" data-css=\"tve-u-172dbc577c7\"><div class=\"thrv_wrapper thrv_icon tcb-icon-display\" data-css=\"tve-u-172dbc577c3\" style=\"\"><svg class=\"tcb-icon\" viewBox=\"0 0 576 512\" data-id=\"icon-mistletoe-light\" data-name=\"\">\n            <path d=\"M542.1 197.4c-29-29-104.4-41.3-143.9-45.8L304 57.4V8c0-4.4-3.6-8-8-8h-16c-4.4 0-8 3.6-8 8v49.4l-94.2 94.2c-39.5 4.6-114.9 16.9-143.9 45.8-40 40-45.4 99.4-12.1 132.7C36.5 344.8 56.3 352 77.2 352c26.6 0 55-11.5 77.4-33.9 14.9-14.9 25.3-42 32.6-70.2 5.6 4.9 12.7 8.1 20.8 8.1 17.7 0 32-14.3 32-32s-14.3-32-32-32c-3.6 0-6.9 1-10.2 2.1 1.1-7.3 1.9-13.9 2.6-19.9l71.6-71.6v170.5c-27.3 30.4-80 94.5-80 136.4 0 56.6 43 102.4 96 102.4s96-45.8 96-102.4c0-41.9-52.7-106-80-136.4V102.6l71.6 71.6c4.6 39.5 16.9 114.9 45.8 143.9 22.4 22.4 50.8 33.9 77.4 33.9 20.9 0 40.7-7.2 55.4-21.8 33.3-33.4 27.9-92.8-12.1-132.8zM132 295.5C116.4 311.1 96.4 320 77.2 320c-9.2 0-22.4-2.2-32.7-12.5C24 287.1 29.6 247 56.5 220c16.5-16.5 66.2-28.7 110.4-35-6.1 44.2-18.3 93.9-34.9 110.5zm220 114.1c0 38.8-28.7 70.4-64 70.4s-64-31.6-64-70.4c0-23.5 32.9-70.4 64-106.4 31.1 36 64 82.8 64 106.4zm179.5-102.1C521.2 317.8 508 320 498.8 320c-19.2 0-39.2-8.9-54.8-24.5-16.5-16.5-28.7-66.2-35-110.4 44.2 6.2 93.8 18.4 110.4 35 27 26.9 32.6 67 12.1 87.4zM384 64c17.7 0 32-14.3 32-32S401.7 0 384 0s-32 14.3-32 32 14.3 32 32 32z\"><\/path>\n        <\/svg><\/div><\/div><div class=\"thrv_wrapper thrv_text_element\" data-css=\"tve-u-172dba0d1d6\" style=\"\"><p style=\"font-size: var(--tve-font-size, 13px);\" data-css=\"tve-u-172dbfef203\">High Quality Materials<\/p><\/div><\/div>\n<\/div><div class=\"thrv_wrapper thrv_contentbox_shortcode thrv-content-box tve-elem-default-pad\" data-css=\"tve-u-172dbafa3d4\" style=\"\">\n\t<div class=\"tve-content-box-background\" style=\"\" data-css=\"tve-u-172dbf7277b\"><\/div>\n\t<div class=\"tve-cb\"><div class=\"tcb-clear\" data-css=\"tve-u-172dbc58325\"><div class=\"thrv_wrapper thrv_icon tcb-icon-display\" data-css=\"tve-u-172dbc58322\" style=\"\"><svg class=\"tcb-icon\" viewBox=\"0 0 512 512\" data-id=\"icon-badge-check-light\" data-name=\"\">\n            <path d=\"M345.34 182.46a7.98 7.98 0 0 0-5.66-2.34c-2.05 0-4.1.78-5.66 2.34L226.54 289.94l-48.57-48.57a7.98 7.98 0 0 0-5.66-2.34c-2.05 0-4.1.78-5.66 2.34l-11.31 11.31c-3.12 3.12-3.12 8.19 0 11.31l65.54 65.54c1.56 1.56 3.61 2.34 5.66 2.34s4.09-.78 5.65-2.34l124.45-124.45c3.12-3.12 3.12-8.19 0-11.31l-11.3-11.31zM512 256c0-35.5-19.4-68.2-49.6-85.5 9.1-33.6-.3-70.4-25.4-95.5s-61.9-34.5-95.5-25.4C324.2 19.4 291.5 0 256 0s-68.2 19.4-85.5 49.6c-33.6-9.1-70.4.3-95.5 25.4s-34.5 61.9-25.4 95.5C19.4 187.8 0 220.5 0 256s19.4 68.2 49.6 85.5c-9.1 33.6.3 70.4 25.4 95.5 26.5 26.5 63.4 34.1 95.5 25.4 17.4 30.2 50 49.6 85.5 49.6s68.1-19.4 85.5-49.6c32.7 8.9 69.4.7 95.5-25.4 25.1-25.1 34.5-61.9 25.4-95.5 30.2-17.3 49.6-50 49.6-85.5zm-91.1 68.3c5.3 11.8 29.5 54.1-6.5 90.1-28.9 28.9-57.5 21.3-90.1 6.5C319.7 433 307 480 256 480c-52.1 0-64.7-49.5-68.3-59.1-32.6 14.8-61.3 22.2-90.1-6.5-36.8-36.7-10.9-80.5-6.5-90.1C79 319.7 32 307 32 256c0-52.1 49.5-64.7 59.1-68.3-5.3-11.8-29.5-54.1 6.5-90.1 36.8-36.9 80.8-10.7 90.1-6.5C192.3 79 205 32 256 32c52.1 0 64.7 49.5 68.3 59.1 11.8-5.3 54.1-29.5 90.1 6.5 36.8 36.7 10.9 80.5 6.5 90.1C433 192.3 480 205 480 256c0 52.1-49.5 64.7-59.1 68.3z\"><\/path>\n        <\/svg><\/div><\/div><div class=\"thrv_wrapper thrv_text_element\" data-css=\"tve-u-172dba0d1d6\" style=\"\"><p style=\"font-size: var(--tve-font-size, 13px);\" data-css=\"tve-u-172dbfefba8\">Certified Sources<\/p><\/div><\/div>\n<\/div><div class=\"thrv_wrapper thrv_contentbox_shortcode thrv-content-box tve-elem-default-pad\" data-css=\"tve-u-172dba6cff2\" style=\"\">\n\t<div class=\"tve-content-box-background\" style=\"\" data-css=\"tve-u-172dbf7020d\"><\/div>\n\t<div class=\"tve-cb\"><div class=\"tcb-clear\" data-css=\"tve-u-172dba3aef2\"><div class=\"thrv_wrapper thrv_icon tcb-icon-display\" data-css=\"tve-u-172dba3aeee\" style=\"\"><svg class=\"tcb-icon\" viewBox=\"0 0 576 512\" data-id=\"icon-hand-holding-seedling-light\" data-name=\"\">\n            <path d=\"M248.9 192H272v56c0 4.4 3.6 8 8 8h16c4.4 0 8-3.6 8-8v-56h23.1C411.4 192 480 113 480 16V0h-55.1C364.9 0 313 40.1 288 98.1 263 40.1 211.1 0 151.1 0H96v16c0 97 68.6 176 152.9 176zm176-160h22.4c-6.7 71.9-58 128-120.1 128h-22.4c6.6-71.9 58-128 120.1-128zm-273.8 0c62.1 0 113.4 56.1 120.1 128h-22.4c-62.1 0-113.4-56.1-120.1-128h22.4zm407.2 301.6c-9.6-8.6-22.1-13.4-35.2-13.4-12.5 0-24.8 4.3-34.6 12.2l-61.6 49.3c-1.9 1.5-4.2 2.3-6.7 2.3h-41.6c4.6-9.6 6.5-20.7 4.8-32.3-4-27.9-29.6-47.7-57.8-47.7H181.3c-20.8 0-41 6.7-57.6 19.2L85.3 352H8c-4.4 0-8 3.6-8 8v16c0 4.4 3.6 8 8 8h88l46.9-35.2c11.1-8.3 24.6-12.8 38.4-12.8H328c13.3 0 24 10.7 24 24s-10.7 24-24 24h-88c-8.8 0-16 7.2-16 16s7.2 16 16 16h180.2c9.7 0 19.1-3.3 26.7-9.3l61.6-49.2c4.2-3.4 9.5-5.2 14.6-5.2 5 0 9.9 1.7 13.8 5.2 10.1 9.1 9.3 24.5-.9 32.6l-100.8 80.7c-7.6 6.1-17 9.3-26.7 9.3H8c-4.4 0-8 3.6-8 8v16c0 4.4 3.6 8 8 8h400.5c17 0 33.4-5.8 46.6-16.4L556 415c12.2-9.8 19.5-24.4 20-40s-6-30.8-17.7-41.4z\"><\/path>\n        <\/svg><\/div><\/div><div class=\"thrv_wrapper thrv_text_element\" data-css=\"tve-u-172dba0d1d6\" style=\"\"><p style=\"font-size: var(--tve-font-size, 13px);\" data-css=\"tve-u-172dba6a799\">Eco- Friendly<\/p><\/div><\/div>\n<\/div><div class=\"thrv_wrapper thrv_text_element\" data-css=\"tve-u-172dbff6940\" style=\"\"><p data-css=\"tve-u-172dc081fc8\" style=\"\">Want more info?<\/p><p data-css=\"tve-u-172dc077b56\" style=\"\">Send us a message and get a detailed offer:<\/p><\/div><div class=\"thrv_wrapper thrv_lead_generation tve-lead-generation-template tcb-local-vars-root tcb-file-style-applied\" data-connection=\"api\" id=\"lg-keu3sy5g\" data-templateconfig=\"{&quot;checkbox&quot;:{&quot;option&quot;:{&quot;data-value&quot;:&quot;style-7&quot;},&quot;data-columns&quot;:&quot;1&quot;},&quot;radio&quot;:{&quot;option&quot;:{&quot;data-value&quot;:&quot;gradient-4&quot;,&quot;color&quot;:&quot;var(--tcb-skin-color-13)&quot;},&quot;data-columns&quot;:&quot;1&quot;},&quot;select&quot;:{&quot;_class&quot;:&quot;&quot;,&quot;data-show-placeholder&quot;:&quot;1&quot;,&quot;data-style&quot;:&quot;style-2&quot;,&quot;data-icon&quot;:&quot;style_3&quot;,&quot;color&quot;:&quot;var(--tcb-local-color-d5091)&quot;}}\" data-css=\"tve-u-1746e5096e5\" tcb-template-name=\"Contact Form 07\" tcb-template-id=\"61337\" data-keep-css_id=\"1\" style=\"\" data-element-name=\"Form\"><div class=\"thrive-colors-palette-config\" style=\"display: none !important\">__CONFIG_colors_palette__{\"active_palette\":0,\"config\":{\"colors\":{\"d5091\":{\"name\":\"Main Accent\",\"parent\":-1}},\"gradients\":[]},\"palettes\":[{\"name\":\"Default\",\"value\":{\"colors\":{\"d5091\":{\"val\":\"var(--tcb-skin-color-13)\",\"hsl\":{\"h\":210,\"s\":0.8,\"l\":0.01,\"a\":1}}},\"gradients\":[]},\"original\":{\"colors\":{\"d5091\":{\"val\":\"rgb(47, 138, 229)\",\"hsl\":{\"h\":210,\"s\":0.77,\"l\":0.54,\"a\":1}}},\"gradients\":[]}}]}__CONFIG_colors_palette__<\/div><input type=\"hidden\" class=\"tve-lg-err-msg\" value=\"{&quot;email&quot;:&quot;Email address invalid&quot;,&quot;phone&quot;:&quot;Phone number invalid&quot;,&quot;password&quot;:&quot;Password invalid&quot;,&quot;passwordmismatch&quot;:&quot;Password mismatch error&quot;,&quot;required&quot;:&quot;Required field missing&quot;}\">\n\t<div class=\"thrv_lead_generation_container tve_clearfix\">\n\t\t<form action=\"#\" method=\"post\" novalidate=\"novalidate\">\n\t\t\t<div class=\"tve_lead_generated_inputs_container tve_clearfix\">\n\t\t\t\t\n\t\t\t\t\n\t\t\t\t<div class=\"tve_lg_input_container tve_lg_input tve_lg_regular_input tcb-plain-text tcb-no-clone\" data-css=\"tve-u-1746e50967d\" data-label=\"tve-lg-173525c7eb0\" style=\"\" data-tcb_hover_state_parent=\"\">\n\t\t\t\t\t<input class=\"tcb-plain-text\" type=\"text\" data-field=\"name\" name=\"name\" placeholder=\"Name\" data-placeholder=\"Name\" style=\"border-radius: 0px; overflow: hidden;\">\n\t\t\t\t<\/div><div class=\"tve_lg_input_container tve_lg_input tve_lg_regular_input tcb-plain-text tcb-no-clone tcb-no-delete\" data-css=\"tve-u-1746e50967e\" data-label=\"tve-lg-17352656cb7\" style=\"\" data-tcb_hover_state_parent=\"\">\n\t\t\t\t\t<input class=\"tcb-plain-text\" type=\"email\" data-field=\"email\" data-required=\"1\" data-validation=\"email\" name=\"email\" placeholder=\"Email\" data-placeholder=\"Email\" style=\"border-radius: 0px; overflow: hidden;\">\n\t\t\t\t<\/div><div class=\"tve_lg_input_container tve_lg_textarea tve_lg_regular_input tcb-plain-text\" data-label=\"tve-lg-1746e5301c1\">\n\t<textarea class=\"tcb-plain-text\" rows=\"3\" data-min=\"0\" maxlength=\"350\" data-required=\"0\" name=\"mapping_textarea_779\" placeholder=\"Message\" data-field=\"mapping_textarea\" data-validation=\"\" data-placeholder=\"Message\" data-name=\"Textarea\" data-mapping=\"YTowOnt9\" style=\"\"><\/textarea>\n\t<div class=\"thrv_wrapper thrv_text_element tve-lg-textarea-counter\" data-css=\"tve-u-1746e52d188\" style=\"\">\t\t<div class=\"tcb-plain-text\" style=\"\" data-css=\"tve-u-1746e52a803\"><span class=\"tve-fill-text-dynamic\">0 of 350<\/span><\/div> \t<\/div>\n<\/div><div class=\"thrv_wrapper tve-form-button tcb-local-vars-root tve-color-set\" data-tcb_hover_state_parent=\"\" data-button-style=\"btn-tpl-58270\" data-css=\"tve-u-1746e509681\" style=\"\"><div class=\"thrive-colors-palette-config\" style=\"display: none !important\">__CONFIG_colors_palette__{\"active_palette\":0,\"config\":{\"colors\":{\"57caf\":{\"name\":\"Main Accent\",\"parent\":-1}},\"gradients\":[]},\"palettes\":[{\"name\":\"Default Palette\",\"value\":{\"colors\":{\"57caf\":{\"val\":\"var(--tcb-local-color-d5091)\"}},\"gradients\":[]},\"original\":{\"colors\":{\"57caf\":{\"val\":\"rgb(19, 114, 211)\",\"hsl\":{\"h\":210,\"s\":0.83,\"l\":0.45}}},\"gradients\":[]}}]}__CONFIG_colors_palette__<\/div>\n\t\t\t\t\t\n\t\t\t\t\t<a href=\"#\" class=\"tcb-button-link tve-form-button-submit tcb-plain-text\" style=\"\">\n\t\t\t\t\t\t<span class=\"tcb-button-texts\" style=\"\"><span class=\"tcb-button-text thrv-inline-text\" style=\"\">Send Message<\/span><\/span>\n\t\t\t\t\t<\/a>\n\t\t\t\t\t<input type=\"submit\" style=\"display: none !important;\">\n\t\t\t\t<\/div>\n\t\t\t<\/div>\n\t\t\t<input id=\"_submit_option\" type=\"hidden\" name=\"_submit_option\" value=\"redirect\">\n\t\t\t<input id=\"_sendParams\" type=\"hidden\" name=\"_sendParams\" value=\"1\">\n\t\t\t<input id=\"_back_url\" type=\"hidden\" name=\"_back_url\" value=\"#\">\n\t\t<input type=\"hidden\" id=\"tve_labels\" name=\"tve_labels\" value=\"YTozOntzOjQ6Im5hbWUiO3M6NDoiTmFtZSI7czo1OiJlbWFpbCI7czo1OiJFbWFpbCI7czoyMDoibWFwcGluZ190ZXh0YXJlYV83NzkiO3M6ODoiVGV4dGFyZWEiO30=\"><input type=\"hidden\" id=\"tve_mapping\" name=\"tve_mapping\" value=\"YToxOntzOjIwOiJtYXBwaW5nX3RleHRhcmVhXzc3OSI7YTowOnt9fQ==\"><\/form>\n\t<\/div>\n<\/div><div class=\"thrv_wrapper thrv_text_element\" data-css=\"tve-u-172dc0b3b1e\" style=\"\"><p data-css=\"tve-u-172dc0b4589\" style=\"\">We're Social -<\/p><p data-css=\"tve-u-172dc077b56\" style=\"\">Follow Us Here<\/p><\/div><div class=\"tcb-clear\" data-css=\"tve-u-17300aec9c9\"><div class=\"thrv_wrapper thrv_social_custom thrive_author_links\" data-css=\"tve-u-172dc0bb92c\" style=\"\"><div class=\"tve_social_items tve_social_custom tve_links_style_3 tve_social_itb\" style=\"\">\n\n\n\n\n\n\n\n\n<div class=\"tve_s_item tve_s_fb_share\" data-network=\"fb\" data-s=\"fb_share\" data-href=\"\">\n\t<a href=\"[thrive_global_fields_url id=fb]\" class=\"tve-dynamic-link\" target=\"_blank\" data-dynamic-link=\"thrive_global_fields_url\" data-shortcode-id=\"fb\">\n\t\t<span class=\"tve_s_icon\">\n\t\t\t <svg class=\"tcb-icon\" viewBox=\"0 0 264 512\" data-id=\"icon-fb\" data-name=\"\">\n            <path d=\"M76.7 512V283H0v-91h76.7v-71.7C76.7 42.4 124.3 0 193.8 0c33.3 0 61.9 2.5 70.2 3.6V85h-48.2c-37.8 0-45.1 18-45.1 44.3V192H256l-11.7 91h-73.6v229\"><\/path>\n        <\/svg>\n\t\t<\/span>\n\t<\/a>\n<\/div>\n<div class=\"tve_s_item tve_s_yt_share\" data-network=\"yt\" data-s=\"yt_share\" data-href=\"\">\n\t<a href=\"[thrive_global_fields_url id=yt]\" class=\"tve-dynamic-link\" target=\"_blank\" data-dynamic-link=\"thrive_global_fields_url\" data-shortcode-id=\"yt\">\n\t\t<span class=\"tve_s_icon\">\n\t\t\t <svg class=\"tcb-icon\" viewBox=\"0 0 576 512\" data-id=\"icon-yt\" data-name=\"\">\n            <path d=\"M549.655 124.083c-6.281-23.65-24.787-42.276-48.284-48.597C458.781 64 288 64 288 64S117.22 64 74.629 75.486c-23.497 6.322-42.003 24.947-48.284 48.597-11.412 42.867-11.412 132.305-11.412 132.305s0 89.438 11.412 132.305c6.281 23.65 24.787 41.5 48.284 47.821C117.22 448 288 448 288 448s170.78 0 213.371-11.486c23.497-6.321 42.003-24.171 48.284-47.821 11.412-42.867 11.412-132.305 11.412-132.305s0-89.438-11.412-132.305zm-317.51 213.508V175.185l142.739 81.205-142.739 81.201z\"><\/path>\n        <\/svg>\n\t\t<\/span>\n\t<\/a>\n<\/div>\n<div class=\"tve_s_item tve_s_t_share\" data-network=\"t\" data-s=\"t_share\" data-href=\"\">\n\t<a href=\"[thrive_global_fields_url id=t]\" class=\"tve-dynamic-link\" target=\"_blank\" data-dynamic-link=\"thrive_global_fields_url\" data-shortcode-id=\"t\">\n\t\t<span class=\"tve_s_icon\">\n\t\t\t <svg class=\"tcb-icon\" viewBox=\"0 0 512 512\" data-id=\"icon-t\" data-name=\"\">\n            <path d=\"M459.37 151.716c.325 4.548.325 9.097.325 13.645 0 138.72-105.583 298.558-298.558 298.558-59.452 0-114.68-17.219-161.137-47.106 8.447.974 16.568 1.299 25.34 1.299 49.055 0 94.213-16.568 130.274-44.832-46.132-.975-84.792-31.188-98.112-72.772 6.498.974 12.995 1.624 19.818 1.624 9.421 0 18.843-1.3 27.614-3.573-48.081-9.747-84.143-51.98-84.143-102.985v-1.299c13.969 7.797 30.214 12.67 47.431 13.319-28.264-18.843-46.781-51.005-46.781-87.391 0-19.492 5.197-37.36 14.294-52.954 51.655 63.675 129.3 105.258 216.365 109.807-1.624-7.797-2.599-15.918-2.599-24.04 0-57.828 46.782-104.934 104.934-104.934 30.213 0 57.502 12.67 76.67 33.137 23.715-4.548 46.456-13.32 66.599-25.34-7.798 24.366-24.366 44.833-46.132 57.827 21.117-2.273 41.584-8.122 60.426-16.243-14.292 20.791-32.161 39.308-52.628 54.253z\"><\/path>\n        <\/svg>\n\t\t<\/span>\n\t<\/a>\n<\/div>\n<\/div>\n<\/div><\/div>\n\n","decoration":[],"comments":[],"attr":{"class":""},"posts_per_page":"8","ordering":"date-desc","hide":0},"content":{"id":0,"content":"[thrive_shop_template posts_per_page='8' columns='2' orderby='date' order='desc' align-items='left' hide-result-count='1' hide-catalog-ordering='1' hide-sale-flash='0' hide-title='0' hide-price='0' hide-rating='1' hide-cart='1' hide-pagination='0' ct='shop-0' ct-name='Original Shop']","decoration":[],"comments":[],"attr":{"class":""},"posts_per_page":"8","ordering":"date-desc","hide":0},"bottom":{"id":0,"content":"<div class=\"thrv_wrapper thrv-columns\" data-css=\"tve-u-1727fba3b1e\" style=\"\"><div class=\"tcb-flex-row v-2 tcb-medium-no-wrap tcb-mobile-wrap m-edit tcb--cols--3\" data-css=\"tve-u-1727fba3b1d\" style=\"\"><div class=\"tcb-flex-col\" style=\"\"><div class=\"tcb-col\"><div class=\"thrv_wrapper thrv_contentbox_shortcode thrv-content-box tve-elem-default-pad\" data-css=\"tve-u-1727fba3b34\" style=\"\">\n<div class=\"tve-content-box-background\"><\/div>\n<div class=\"tve-cb\" data-css=\"tve-u-1727fbc11fe\" style=\"\"><div class=\"thrv_wrapper thrv_icon tcb-icon-display\" data-css=\"tve-u-172f0a91a27\" style=\"\"><svg class=\"tcb-icon\" viewBox=\"0 0 640 512\" data-id=\"icon-truck-loading-light\" data-name=\"\">\n<path d=\"M100.4 414.6l213.4-68.2c16.8-5.4 26.1-23.4 20.7-40.2L276 123.3c-5.4-16.9-23.5-26.2-40.2-20.8L22.5 170.7C5.7 176-3.7 194 1.7 210.9l58.4 182.9c5.3 16.6 23.2 26.2 40.3 20.8zm53.7-252.4l19.5 61-30.4 9.8-19.5-61 30.4-9.8zm-61 19.5l29.3 91.4 91.4-29.2-29.2-91.4 60.9-19.5L304 315.9 90.6 384.1 32.2 201.2l60.9-19.5zM416 32h224V0H416c-35.3 0-64 28.7-64 64v307.9L5.9 480.8c-4.3 1.2-6.8 5.6-5.6 9.8L4.5 506c1.2 4.3 5.6 6.8 9.8 5.6L367.2 400H416c0 61.9 50.1 112 112 112s112-50.1 112-112-50.1-112-112-112c-50.6 0-92.8 33.9-106.7 80H384V64c0-17.6 14.4-32 32-32zm112 288c44.1 0 80 35.9 80 80s-35.9 80-80 80-80-35.9-80-80 35.9-80 80-80z\"><\/path>\n<\/svg><\/div><div class=\"thrv_wrapper thrv_text_element\" style=\"\" data-css=\"tve-u-172f0a83b87\"><p class=\"tcb-global-text-\" data-css=\"tve-u-1727fba3b1f\" style=\"\">Fast Shipping<\/p><\/div><div class=\"thrv_wrapper thrv_text_element\" data-css=\"tve-u-1727fbd0aca\" style=\"\"><p class=\"tcb-global-text-\" style=\"\" data-css=\"tve-u-1727fbde03a\">Lorem ipsum dolor sit amet, consectetur adipiscing elit. Duis nec vestibulum<\/p><\/div><\/div>\n<\/div><\/div><\/div><div class=\"tcb-flex-col\" style=\"\"><div class=\"tcb-col\"><div class=\"thrv_wrapper thrv_contentbox_shortcode thrv-content-box tve-elem-default-pad\" data-css=\"tve-u-1727fba3b21\" style=\"\">\n<div class=\"tve-content-box-background\"><\/div>\n<div class=\"tve-cb\"><div class=\"thrv_wrapper thrv_contentbox_shortcode thrv-content-box tve-elem-default-pad\" data-css=\"tve-u-172f0a01668\" style=\"\">\n<div class=\"tve-content-box-background\"><\/div>\n<div class=\"tve-cb\" data-css=\"tve-u-1727fbc11fe\" style=\"\"><div class=\"thrv_wrapper thrv_icon tcb-icon-display\" data-css=\"tve-u-172f0a90e52\" style=\"\"><svg class=\"tcb-icon\" viewBox=\"0 0 512 512\" data-id=\"icon-exchange-light\" data-name=\"\">\n<path d=\"M508.485 184.485l-92.485 92c-4.687 4.686-12.284 4.686-16.97 0l-7.071-7.07c-4.687-4.686-4.687-12.284 0-16.971L452.893 192H12c-6.627 0-12-5.373-12-12v-8c0-6.627 5.373-12 12-12h440.905l-60.946-60.444c-4.687-4.686-4.687-12.284 0-16.971l7.07-7.07c4.687-4.686 12.284-4.686 16.971 0l92.485 92c4.687 4.686 4.686 12.284 0 16.97zm-504.97 160l92.485 92c4.687 4.686 12.284 4.686 16.971 0l7.07-7.07c4.687-4.686 4.687-12.284 0-16.971L59.095 352H500c6.627 0 12-5.373 12-12v-8c0-6.627-5.373-12-12-12H59.107l60.934-60.444c4.687-4.686 4.687-12.284 0-16.971l-7.071-7.07c-4.686-4.686-12.284-4.687-16.97 0l-92.485 92c-4.686 4.686-4.687 12.284 0 16.97z\"><\/path>\n<\/svg><\/div><div class=\"thrv_wrapper thrv_text_element\" style=\"\" data-css=\"tve-u-172f0a84889\"><p class=\"tcb-global-text-\" data-css=\"tve-u-172f0a8c196\" style=\"\">easy returns<\/p><\/div><div class=\"thrv_wrapper thrv_text_element\" data-css=\"tve-u-1727fbd0aca\" style=\"\"><p class=\"tcb-global-text-\" data-css=\"tve-u-1727fbde03a\">Lorem ipsum dolor sit amet, consectetur adipiscing elit. Duis nec vestibulum<\/p><\/div><\/div>\n<\/div><\/div>\n<\/div><\/div><\/div><div class=\"tcb-flex-col\" style=\"\"><div class=\"tcb-col\"><div class=\"thrv_wrapper thrv_contentbox_shortcode thrv-content-box tve-elem-default-pad\" data-css=\"tve-u-172f09fe468\" style=\"\">\n<div class=\"tve-content-box-background\"><\/div>\n<div class=\"tve-cb\" data-css=\"tve-u-1727fbc11fe\" style=\"\"><div class=\"thrv_wrapper thrv_icon tcb-icon-display\" data-css=\"tve-u-1727fbfa6af\" style=\"\"><svg class=\"tcb-icon\" viewBox=\"0 0 576 512\" data-id=\"icon-credit-card-blank-light\" data-name=\"\">\n<path d=\"M528 31H48C21.5 31 0 52.5 0 79v352c0 26.5 21.5 48 48 48h480c26.5 0 48-21.5 48-48V79c0-26.5-21.5-48-48-48zm16 400c0 8.8-7.2 16-16 16H48c-8.8 0-16-7.2-16-16V79c0-8.8 7.2-16 16-16h480c8.8 0 16 7.2 16 16v352zm-352-68v8c0 6.6-5.4 12-12 12h-72c-6.6 0-12-5.4-12-12v-8c0-6.6 5.4-12 12-12h72c6.6 0 12 5.4 12 12zm192 0v8c0 6.6-5.4 12-12 12H236c-6.6 0-12-5.4-12-12v-8c0-6.6 5.4-12 12-12h136c6.6 0 12 5.4 12 12z\"><\/path>\n<\/svg><\/div><div class=\"thrv_wrapper thrv_text_element\" style=\"\" data-css=\"tve-u-172f0a853c7\"><p class=\"tcb-global-text-\" data-css=\"tve-u-172f0a8cbd2\" style=\"font-size: 11px !important;\">Secure payment<\/p><\/div><div class=\"thrv_wrapper thrv_text_element\" data-css=\"tve-u-1727fbd0aca\" style=\"\"><p class=\"tcb-global-text-\" data-css=\"tve-u-1727fbde03a\">Lorem ipsum dolor sit amet, consectetur adipiscing elit. Duis nec vestibulum<\/p><\/div><\/div>\n<\/div><\/div><\/div><\/div><\/div>","decoration":[],"comments":[],"attr":{"class":""},"posts_per_page":"8","ordering":"date-desc","hide":0},"header":{"id":"4ea06fbc83cdd0a06020c35d50e1e89a","hide":0},"footer":{"id":"9fd81843ad7f202f26c1a174c7357585","hide":0}},"icons":[],"style":{"css":{"(min-width: 300px)":".tve-theme-__template_id__ #wrapper { --header-background-width:100%; --footer-background-width:100%; --top-background-width:100%; --bottom-background-width:100%; }.tve-theme-__template_id__ .main-container { padding: 20px 10px !important; margin-top: 0px !important; margin-bottom: 0px !important; }:not(#layout) .tve-theme-__template_id__ .main-container { --sidebar-size:26.02%; --separator-size:15px; }.tve-theme-__template_id__ #content { padding-top: 0px !important; margin-top: 0px !important; }.tve-theme-__template_id__ .content-section .section-content { padding: 0px 10px 20px !important; }:not(#tve) .tve-theme-__template_id__ .content-section .shop-template-wrapper .product a.button:hover { color: var(--tve-color, rgb(255, 255, 255))  !important; --tve-color:rgb(255, 255, 255)  !important; --tcb-applied-color:rgb(255, 255, 255)  !important; background-color: var(--tcb-skin-color-0)  !important; }:not(#layout) .tve-theme-__template_id__ #wrapper { --layout-content-width:1080px; --layout-background-width:1080px; }.tve-theme-__template_id__ .content-section .shop-template-wrapper .products { --tve-woo-image-size:90%  !important; }.tve-theme-__template_id__ .content-section .section-background { border: none; }.tve-theme-__template_id__ .top-section .section-background { background-color: rgb(255, 255, 255) !important; background-image: none !important; }.tve-theme-__template_id__ .top-section .section-content { display: flex; flex-direction: column; justify-content: flex-end; text-transform: var(--tve-text-transform, none); --tve-text-transform:none; text-align: center; min-height: 1px !important; padding: 30px 20px 20px !important; }:not(#tve) .tve-theme-__template_id__ .top-section [data-css=\"tve-u-172db905a9c\"] { color: var(--tcb-skin-color-0)  !important; --tcb-applied-color:var$(--tcb-skin-color-0)  !important; padding-bottom: 0px !important; margin-bottom: 0px !important; }.tve-theme-__template_id__ .top-section [data-css=\"tve-u-172db91c35a\"] { float: none; padding: 0px 0px 12px !important; margin-left: auto !important; margin-right: auto !important; border-bottom: 4px solid var(--tcb-skin-color-8)  !important; }:not(#tve) .tve-theme-__template_id__ .top-section [data-css=\"tve-u-172db97575b\"] { font-size: 36px !important; }.tve-theme-__template_id__ .bottom-section .section-background { border-top: 1px solid rgb(238, 238, 238); background-color: transparent !important; background-image: none !important; }.tve-theme-__template_id__ .bottom-section .section-content { display: flex; flex-direction: column; min-height: 1px !important; padding: 40px 20px !important; }.tve-theme-__template_id__ .bottom-section [data-css=\"tve-u-1727fba3b1d\"] { margin-left: -40px; padding: 0px !important; }.tve-theme-__template_id__ .bottom-section [data-css=\"tve-u-1727fba3b1e\"] { margin-top: 0px !important; margin-bottom: 0px !important; background-color: transparent !important; }:not(#tve) .tve-theme-__template_id__ .bottom-section [data-css=\"tve-u-1727fba3b1f\"] { letter-spacing: 2px; padding-bottom: 4px !important; margin-bottom: 0px !important; text-transform: uppercase !important; font-size: 13px !important; color: var(--tcb-skin-color-4)  !important; --tcb-applied-color:var$(--tcb-skin-color-4)  !important; font-weight: var(--g-bold-weight, bold)  !important; line-height: 1.3em !important; }.tve-theme-__template_id__ .bottom-section [data-css=\"tve-u-1727fba3b21\"] { padding: 1px !important; margin: 0px !important; }.tve-theme-__template_id__ .bottom-section [data-css=\"tve-u-1727fba3b34\"] { float: none; padding: 1px !important; margin: 0px auto !important; }.tve-theme-__template_id__ .bottom-section [data-css=\"tve-u-1727fbc11fe\"] { text-align: center; }.tve-theme-__template_id__ .bottom-section [data-css=\"tve-u-1727fbd0aca\"] { float: none; margin-left: auto !important; margin-right: auto !important; }:not(#tve) .tve-theme-__template_id__ .bottom-section [data-css=\"tve-u-1727fbde03a\"] { padding-bottom: 0px !important; margin-bottom: 0px !important; font-size: 12px !important; }.tve-theme-__template_id__ .bottom-section [data-css=\"tve-u-1727fbfa6af\"] { font-size: 28px; width: 28px; height: 28px; border-radius: 0px; overflow: hidden; border: none; float: none; z-index: 3; position: relative; padding: 1px !important; margin: 0px auto 17px !important; background-color: transparent !important; }:not(#tve) .tve-theme-__template_id__ .bottom-section [data-css=\"tve-u-1727fbfa6af\"] > :first-child { color: rgb(166, 174, 179); }.tve-theme-__template_id__ .bottom-section [data-css=\"tve-u-172f09fe468\"] { padding: 1px !important; margin-top: 0px !important; margin-bottom: 0px !important; }.tve-theme-__template_id__ .bottom-section [data-css=\"tve-u-172f0a01668\"] { float: none; padding: 1px !important; margin: 0px auto !important; }.tve-theme-__template_id__ .bottom-section [data-css=\"tve-u-172f0a83b87\"] { margin-bottom: 18px !important; }.tve-theme-__template_id__ .bottom-section [data-css=\"tve-u-172f0a84889\"] { margin-bottom: 18px !important; }.tve-theme-__template_id__ .bottom-section [data-css=\"tve-u-172f0a853c7\"] { margin-bottom: 18px !important; }:not(#tve) .tve-theme-__template_id__ .bottom-section [data-css=\"tve-u-172f0a8c196\"] { letter-spacing: 2px; padding-bottom: 4px !important; margin-bottom: 0px !important; text-transform: uppercase !important; font-size: 13px !important; color: var(--tcb-skin-color-4)  !important; --tcb-applied-color:var$(--tcb-skin-color-4)  !important; font-weight: var(--g-bold-weight, bold)  !important; line-height: 1.3em !important; }:not(#tve) .tve-theme-__template_id__ .bottom-section [data-css=\"tve-u-172f0a8cbd2\"] { letter-spacing: 2px; padding-bottom: 4px !important; margin-bottom: 0px !important; text-transform: uppercase !important; font-size: 13px !important; color: var(--tcb-skin-color-4)  !important; --tcb-applied-color:var$(--tcb-skin-color-4)  !important; font-weight: var(--g-bold-weight, bold)  !important; line-height: 1.3em !important; }.tve-theme-__template_id__ .bottom-section [data-css=\"tve-u-172f0a90e52\"] { font-size: 26px; width: 26px; height: 26px; border-radius: 0px; overflow: hidden; border: none; float: none; z-index: 3; position: relative; padding: 1px !important; margin: 0px auto 17px !important; background-color: transparent !important; }:not(#tve) .tve-theme-__template_id__ .bottom-section [data-css=\"tve-u-172f0a90e52\"] > :first-child { color: rgb(166, 174, 179); }.tve-theme-__template_id__ .bottom-section [data-css=\"tve-u-172f0a91a27\"] { font-size: 28px; width: 28px; height: 28px; border-radius: 0px; overflow: hidden; border: none; float: none; z-index: 3; position: relative; padding: 1px !important; margin: 0px auto 17px !important; background-color: transparent !important; }:not(#tve) .tve-theme-__template_id__ .bottom-section [data-css=\"tve-u-172f0a91a27\"] > :first-child { color: rgb(166, 174, 179); }.tve-theme-__template_id__ .bottom-section [data-css=\"tve-u-1727fba3b1d\"] > .tcb-flex-col { padding-left: 40px; }.tve-theme-__template_id__ .sidebar-section .section-background { border: medium none; background-color: transparent !important; }.tve-theme-__template_id__ .sidebar-section .section-content { text-align: left; --tve-color:var(--tcb-skin-color-3); padding: 20px 10px !important; }.tve-theme-__template_id__ .sidebar-section { margin: 0px !important; }.tve-theme-__template_id__ .sidebar-section [data-css=\"tve-u-172dba0d1d6\"] { padding: 0px !important; }.tve-theme-__template_id__ .sidebar-section [data-css=\"tve-u-172dba3aeee\"] { font-size: 18px; width: 18px; height: 18px; border-radius: 0px; overflow: hidden; border: none; float: left; z-index: 3; position: relative; padding: 6px !important; margin: 0px auto 6px !important; background-color: transparent !important; }:not(#tve) .tve-theme-__template_id__ .sidebar-section [data-css=\"tve-u-172dba3aeee\"] > :first-child { color: var(--tcb-skin-color-0); }.tve-theme-__template_id__ .sidebar-section [data-css=\"tve-u-172dba3aef2\"]::after { clear: both; }:not(#tve) .tve-theme-__template_id__ .sidebar-section [data-css=\"tve-u-172dba6a799\"] { padding-bottom: 0px !important; margin-bottom: 0px !important; font-weight: var(--g-bold-weight, bold) !important; }.tve-theme-__template_id__ .sidebar-section [data-css=\"tve-u-172dba6cff2\"] { padding: 10px 10px 10px 0px !important; margin: 0px 0px 60px !important; }.tve-theme-__template_id__ .sidebar-section [data-css=\"tve-u-172dbaca35e\"] { background-color: rgba(255, 255, 255, 0.7) !important; border: none !important; }.tve-theme-__template_id__ .sidebar-section [data-css=\"tve-u-172dbaec183\"] { padding: 10px 10px 10px 0px !important; margin: 0px 0px 8px !important; }.tve-theme-__template_id__ .sidebar-section [data-css=\"tve-u-172dbafa3d4\"] { padding: 10px 10px 10px 0px !important; margin: 0px !important; }.tve-theme-__template_id__ .sidebar-section [data-css=\"tve-u-172dbc577c3\"] { font-size: 18px; width: 18px; height: 18px; border-radius: 0px; overflow: hidden; border: none; float: left; z-index: 3; position: relative; padding: 6px !important; margin: 0px auto 6px !important; background-color: transparent !important; }:not(#tve) .tve-theme-__template_id__ .sidebar-section [data-css=\"tve-u-172dbc577c3\"] > :first-child { color: var(--tcb-skin-color-0); }.tve-theme-__template_id__ .sidebar-section [data-css=\"tve-u-172dbc577c7\"]::after { clear: both; }.tve-theme-__template_id__ .sidebar-section [data-css=\"tve-u-172dbc58322\"] { font-size: 18px; width: 18px; height: 18px; border-radius: 0px; overflow: hidden; border: none; float: left; z-index: 3; position: relative; padding: 6px !important; margin: 0px auto 6px !important; background-color: transparent !important; }:not(#tve) .tve-theme-__template_id__ .sidebar-section [data-css=\"tve-u-172dbc58322\"] > :first-child { color: var(--tcb-skin-color-0); }.tve-theme-__template_id__ .sidebar-section [data-css=\"tve-u-172dbc58325\"]::after { clear: both; }.tve-theme-__template_id__ .sidebar-section [data-css=\"tve-u-172dbc67291\"] { width: 500px; margin-top: 0px !important; margin-bottom: 20px !important; }.tve-theme-__template_id__ .sidebar-section [data-css=\"tve-u-172dbc67291\"] .tve_image_frame { height: 100%; }.tve-theme-__template_id__ .sidebar-section [data-css=\"tve-u-172dbf27d6c\"] { margin-left: -75px; width: 153% !important; max-width: none !important; }.tve-theme-__template_id__ .sidebar-section [data-css=\"tve-u-172dbf7020d\"] { background-color: rgba(255, 255, 255, 0.7) !important; border: none !important; }.tve-theme-__template_id__ .sidebar-section [data-css=\"tve-u-172dbf7277b\"] { background-color: rgba(255, 255, 255, 0.7) !important; border-top: 1px solid var(--tcb-skin-color-8) !important; border-right: none !important; border-bottom: 1px solid var(--tcb-skin-color-8) !important; border-left: none !important; border-image: initial !important; }.tve-theme-__template_id__ .sidebar-section .section-content p, .tve-theme-__template_id__ .sidebar-section .section-content li, .tve-theme-__template_id__ .sidebar-section .section-content label, .tve-theme-__template_id__ .sidebar-section .section-content .tcb-plain-text { color: var(--tve-color, var(--tcb-skin-color-3)); --tcb-applied-color:var$(--tcb-skin-color-3); }:not(#tve) .tve-theme-__template_id__ .sidebar-section [data-css=\"tve-u-172dbfdbc6b\"] { font-weight: var(--g-bold-weight, bold) !important; padding-bottom: 0px !important; margin-bottom: 0px !important; }:not(#tve) .tve-theme-__template_id__ .sidebar-section [data-css=\"tve-u-172dbfdcaa3\"] { font-weight: var(--g-regular-weight, normal) !important; padding-bottom: 0px !important; margin-bottom: 0px !important; font-size: 14px !important; }.tve-theme-__template_id__ .sidebar-section [data-css=\"tve-u-172dbfe8133\"] { margin-bottom: 20px !important; }:not(#tve) .tve-theme-__template_id__ .sidebar-section [data-css=\"tve-u-172dbfef203\"] { padding-bottom: 0px !important; margin-bottom: 0px !important; font-weight: var(--g-bold-weight, bold) !important; }:not(#tve) .tve-theme-__template_id__ .sidebar-section [data-css=\"tve-u-172dbfefba8\"] { padding-bottom: 0px !important; margin-bottom: 0px !important; font-weight: var(--g-bold-weight, bold) !important; }.tve-theme-__template_id__ .sidebar-section [data-css=\"tve-u-172dbff6940\"] { margin-bottom: 10px !important; }:not(#tve) .tve-theme-__template_id__ .sidebar-section [data-css=\"tve-u-172dc077b56\"] { letter-spacing: 1px; font-weight: var(--g-regular-weight, normal) !important; padding-bottom: 0px !important; margin-bottom: 0px !important; font-size: 13px !important; color: var(--tcb-skin-color-5) !important; --tcb-applied-color:var$(--tcb-skin-color-5) !important; }:not(#tve) .tve-theme-__template_id__ .sidebar-section [data-css=\"tve-u-172dc081fc8\"] { font-weight: var(--g-bold-weight, bold) !important; padding-bottom: 16px !important; margin-bottom: 0px !important; }.tve-theme-__template_id__ .sidebar-section [data-css=\"tve-u-172dc0b3b1e\"] { margin-bottom: 0px !important; }:not(#tve) .tve-theme-__template_id__ .sidebar-section [data-css=\"tve-u-172dc0b4589\"] { font-weight: var(--g-bold-weight, bold) !important; padding-bottom: 0px !important; margin-bottom: 0px !important; }.tve-theme-__template_id__ .sidebar-section [data-css=\"tve-u-172dc0bb92c\"] .tve_social_items { font-size: 8px !important; }.tve-theme-__template_id__ .sidebar-section [data-css=\"tve-u-17300ac8dc8\"] { margin-bottom: 10px !important; }.tve-theme-__template_id__ .sidebar-section [data-css=\"tve-u-172dc0bb92c\"] { margin-bottom: 0px !important; }.tve-theme-__template_id__ .sidebar-section [data-css=\"tve-u-1746e509681\"] .tcb-button-link { letter-spacing: var(--tve-letter-spacing, 2px); box-shadow: rgba(0, 0, 0, 0.2) 0px 2px 6px 0px; background-color: var(--tcb-local-color-57caf) !important; padding: 18px !important; }:not(#tve) .tve-theme-__template_id__ .sidebar-section [data-css=\"tve-u-1746e509681\"] .tcb-button-link span { font-weight: var(--tve-font-weight, var(--g-bold-weight, bold)); }.tve-theme-__template_id__ .sidebar-section [data-css=\"tve-u-1746e509681\"] { --tve-font-weight:var(--g-bold-weight, bold); --tve-letter-spacing:2px; --tcb-local-color-85291:rgb(19, 114, 211); --tcb-local-color-57caf:var(--tcb-local-color-d5091); }:not(#tve) .tve-theme-__template_id__ .sidebar-section [data-css=\"tve-u-1746e509681\"]:hover .tcb-button-link { background-color: var(--tcb-local-color-57caf) !important; background-image: linear-gradient(rgba(255, 255, 255, 0.08), rgba(255, 255, 255, 0.08)) !important; background-size: auto !important; background-position: 50% 50% !important; background-attachment: scroll !important; background-repeat: no-repeat !important; box-shadow: rgba(0, 0, 0, 0.1) 0px 8px 14px 0px !important; }.tve-theme-__template_id__ .sidebar-section [data-css=\"tve-u-1746e5096e5\"] { --tcb-local-color-bcd13:var(--tcb-local-color-d5091); --form-color:--tcb-skin-color-13; float: none; --tcb-local-color-d5091:var(--tcb-skin-color-13); margin-left: auto !important; margin-right: auto !important; margin-bottom: 40px !important; }.tve-theme-__template_id__ .sidebar-section #lg-keu3sy5g .tve-form-button.tve-color-set { --tcb-local-color-3e1f8:rgb(47, 138, 229); --tcb-local-color-55dc4:rgb(47, 138, 229); --tcb-local-color-34f05:var(--tcb-local-color-d5091); --tcb-local-color-57caf:var(--tcb-local-color-d5091); }.tve-theme-__template_id__ .sidebar-section #lg-keu3sy5g .tve-form-button { --tve-letter-spacing:4px; --tve-text-transform:uppercase; --tve-font-size:11px; --tve-color:rgb(255, 255, 255); --tve-applied---tve-color:rgb(255, 255, 255); --tcb-local-color-3e1f8:rgb(47, 138, 229) !important; margin-top: 0px !important; min-width: 100% !important; --tcb-local-color-34f05:rgb(241, 94, 100) !important; margin-bottom: 0px !important; }:not(#tve) .tve-theme-__template_id__ .sidebar-section #lg-keu3sy5g .tve_lg_regular_input:not(.tcb-excluded-from-group-item) input, :not(#tve) .tve-theme-__template_id__ .sidebar-section #lg-keu3sy5g .tve_lg_regular_input:not(.tcb-excluded-from-group-item) textarea { border: 1px solid rgb(215, 215, 215); --tve-applied-border:1px solid rgb(215, 215, 215); background-color: transparent !important; --tve-applied-background-color:transparent !important; margin-bottom: -1px !important; margin-top: 0px !important; padding: 12px !important; }:not(#tve) .tve-theme-__template_id__ .sidebar-section #lg-keu3sy5g .tve_lg_regular_input:not(.tcb-excluded-from-group-item) input, :not(#tve) .tve-theme-__template_id__ .sidebar-section #lg-keu3sy5g .tve_lg_regular_input:not(.tcb-excluded-from-group-item) textarea, :not(#tve) .tve-theme-__template_id__ .sidebar-section #lg-keu3sy5g .tve_lg_regular_input:not(.tcb-excluded-from-group-item) ::placeholder { font-weight: var(--tve-font-weight, var(--g-regular-weight, normal)); font-family: var(--tve-font-family, Arial,Helvetica,sans-serif); font-size: var(--tve-font-size, 14px); letter-spacing: var(--tve-letter-spacing, 1px); --tcb-applied-color:rgb(85, 85, 85); color: var(--tve-color, rgb(85, 85, 85)); --tve-applied-color:var$(--tve-color, rgb(85, 85, 85)); }.tve-theme-__template_id__ .sidebar-section #lg-keu3sy5g .tve_lg_regular_input:not(.tcb-excluded-from-group-item) { --tve-font-weight:var(--g-regular-weight, normal); --tve-font-family:Arial,Helvetica,sans-serif; --tve-font-size:14px; --tve-letter-spacing:1px; --tve-color:rgb(85, 85, 85); --tve-applied---tve-color:rgb(85, 85, 85); }:not(#tve) .tve-theme-__template_id__ .sidebar-section #lg-keu3sy5g .tve_lg_regular_input:not(.tcb-excluded-from-group-item):hover input, :not(#tve) .tve-theme-__template_id__ .sidebar-section #lg-keu3sy5g .tve_lg_regular_input:not(.tcb-excluded-from-group-item):hover textarea { border: 1px solid rgb(215, 215, 215) !important; --tve-applied-border:1px solid rgb(215, 215, 215) !important; }:not(#tve) .tve-theme-__template_id__ .sidebar-section #lg-keu3sy5g .tve_lg_regular_input:not(.tcb-excluded-from-group-item):hover input, :not(#tve) .tve-theme-__template_id__ .sidebar-section #lg-keu3sy5g .tve_lg_regular_input:not(.tcb-excluded-from-group-item):hover textarea, :not(#tve) .tve-theme-__template_id__ .sidebar-section #lg-keu3sy5g .tve_lg_regular_input:not(.tcb-excluded-from-group-item):hover ::placeholder { color: var(--tve-color, rgb(17, 17, 17)) !important; --tve-applied-color:var$(--tve-color, rgb(17, 17, 17)) !important; --tcb-applied-color:rgb(17, 17, 17) !important; }:not(#tve) .tve-theme-__template_id__ .sidebar-section #lg-keu3sy5g .tve_lg_regular_input:not(.tcb-excluded-from-group-item):hover { --tve-color:rgb(17, 17, 17) !important; --tve-applied---tve-color:rgb(17, 17, 17) !important; }.tve-theme-__template_id__ .sidebar-section #lg-keu3sy5g .tve-form-button .tcb-button-link { border-radius: 0px; overflow: hidden; letter-spacing: var(--tve-letter-spacing, 4px); background-color: var(--tcb-local-color-d5091) !important; --tve-applied-background-color:var$(--tcb-local-color-d5091) !important; padding: 14px !important; }:not(#tve) .tve-theme-__template_id__ .sidebar-section #lg-keu3sy5g .tve-form-button .tcb-button-link span { text-transform: var(--tve-text-transform, uppercase); color: var(--tve-color, rgb(255, 255, 255)); --tve-applied-color:var$(--tve-color, rgb(255, 255, 255)); --tcb-applied-color:rgb(255, 255, 255); }:not(#tve) .tve-theme-__template_id__ .sidebar-section #lg-keu3sy5g .tve-form-button .tcb-button-link { font-size: var(--tve-font-size, 11px) !important; }.tve-theme-__template_id__ .sidebar-section #lg-keu3sy5g .tve_lg_regular_input:not(.tcb-excluded-from-group-item) input, .tve-theme-__template_id__ .sidebar-section #lg-keu3sy5g .tve_lg_regular_input:not(.tcb-excluded-from-group-item) textarea { padding-left: 15px !important; padding-bottom: 10px !important; }:not(#tve) .tve-theme-__template_id__ .sidebar-section #lg-keu3sy5g .tve_lg_regular_input:not(.tcb-excluded-from-group-item) { margin-bottom: 0px !important; margin-top: 0px !important; }:not(#tve) .tve-theme-__template_id__ .sidebar-section #lg-keu3sy5g .tve-form-button:hover .tcb-button-link span { color: var(--tve-color, rgb(255, 255, 255)) !important; --tve-applied-color:var$(--tve-color, rgb(255, 255, 255)) !important; --tcb-applied-color:rgb(255, 255, 255) !important; }:not(#tve) .tve-theme-__template_id__ .sidebar-section #lg-keu3sy5g .tve-form-button:hover { --tve-color:rgb(255, 255, 255) !important; --tve-applied---tve-color:rgb(255, 255, 255) !important; }:not(#tve) .tve-theme-__template_id__ .sidebar-section #lg-keu3sy5g .tve-form-button:hover .tcb-button-link { background-color: var(--tcb-local-color-d5091) !important; --tve-applied-background-color:var$(--tcb-local-color-d5091) !important; }:not(#tve) .tve-theme-__template_id__ .sidebar-section [data-css=\"tve-u-1746e52a803\"] { font-size: 11px !important; color: rgb(188, 188, 188) !important; --tcb-applied-color:rgb(188, 188, 188) !important; --tve-applied-color:rgb(188, 188, 188) !important; letter-spacing: 2px; }.tve-theme-__template_id__ .sidebar-section [data-css=\"tve-u-1746e52d188\"] { margin-bottom: 15px !important; }","(max-width: 1023px)":":not(#layout) .tve-theme-__template_id__ .main-container { --sidebar-size:32.23%; --separator-size:15px; }.tve-theme-__template_id__ .content-section .section-content { padding: 0px 10px 10px !important; }.tve-theme-__template_id__ .main-container { padding: 20px !important; }.tve-theme-__template_id__ .top-section .section-content { padding-left: 40px !important; padding-right: 40px !important; }.tve-theme-__template_id__ .top-section [data-css=\"tve-u-172db91c35a\"] { padding-bottom: 12px !important; }:not(#tve) .tve-theme-__template_id__ .top-section [data-css=\"tve-u-172db97575b\"] { font-size: 34px !important; }.tve-theme-__template_id__ .content-section .shop-template-wrapper .products { --tve-woo-image-size:100%  !important; }.tve-theme-__template_id__ .bottom-section [data-css=\"tve-u-1727fba3b1d\"] { flex-wrap: nowrap !important; }.tve-theme-__template_id__ .bottom-section [data-css=\"tve-u-1727fba3b1e\"] { margin-bottom: 0px !important; }.tve-theme-__template_id__ .bottom-section [data-css=\"tve-u-172f0a83b87\"] { margin-bottom: 8px !important; }.tve-theme-__template_id__ .bottom-section [data-css=\"tve-u-172f0a84889\"] { margin-bottom: 8px !important; }.tve-theme-__template_id__ .bottom-section [data-css=\"tve-u-172f0a853c7\"] { margin-bottom: 8px !important; }:not(#tve) .tve-theme-__template_id__ .bottom-section [data-css=\"tve-u-172f0a8c196\"] { padding-bottom: 0px !important; margin-bottom: 0px !important; font-size: 11px !important; }:not(#tve) .tve-theme-__template_id__ .bottom-section [data-css=\"tve-u-172f0a8cbd2\"] { padding-bottom: 0px !important; margin-bottom: 0px !important; }:not(#tve) .tve-theme-__template_id__ .bottom-section [data-css=\"tve-u-1727fba3b1f\"] { padding-bottom: 0px !important; margin-bottom: 0px !important; font-size: 11px !important; }.tve-theme-__template_id__ .bottom-section [data-css=\"tve-u-172f0a90e52\"] { font-size: 24px; width: 24px; height: 24px; }.tve-theme-__template_id__ .bottom-section [data-css=\"tve-u-172f0a91a27\"] { font-size: 26px; width: 26px; height: 26px; }.tve-theme-__template_id__ .bottom-section [data-css=\"tve-u-1727fbfa6af\"] { font-size: 26px; width: 26px; height: 26px; }.tve-theme-__template_id__ .bottom-section .section-content { padding: 20px 40px !important; }.tve-theme-__template_id__ .sidebar-section .section-content { padding: 20px 10px !important; }.tve-theme-__template_id__ .sidebar-section { margin: 0px !important; }.tve-theme-__template_id__ .sidebar-section [data-css=\"tve-u-172dbc67291\"] { width: 320px; float: none; margin-left: auto !important; margin-right: auto !important; }.tve-theme-__template_id__ .sidebar-section [data-css=\"tve-u-172dbf27d6c\"] { margin-left: -2px; }.tve-theme-__template_id__ .sidebar-section [data-css=\"tve-u-17300ac8dc8\"] { float: none; max-width: 320px; margin-left: auto !important; margin-right: auto !important; }.tve-theme-__template_id__ .sidebar-section [data-css=\"tve-u-172dbfe8133\"] { float: none; max-width: 320px; margin-left: auto !important; margin-right: auto !important; }.tve-theme-__template_id__ .sidebar-section [data-css=\"tve-u-172dbaec183\"] { float: none; max-width: 320px; margin-left: auto !important; margin-right: auto !important; }.tve-theme-__template_id__ .sidebar-section [data-css=\"tve-u-172dbafa3d4\"] { float: none; max-width: 320px; margin-left: auto !important; margin-right: auto !important; }.tve-theme-__template_id__ .sidebar-section [data-css=\"tve-u-172dba6cff2\"] { float: none; max-width: 320px; margin-left: auto !important; margin-right: auto !important; }.tve-theme-__template_id__ .sidebar-section [data-css=\"tve-u-172dbff6940\"] { float: none; margin-left: auto !important; margin-right: auto !important; padding-top: 12px !important; border-top: 1px solid rgba(0, 0, 0, 0.08) !important; }.tve-theme-__template_id__ .sidebar-section [data-css=\"tve-u-172dc0b3b1e\"] { float: none; margin-left: auto !important; margin-right: auto !important; }.tve-theme-__template_id__ .sidebar-section [data-css=\"tve-u-172dc0bb92c\"] { float: left; z-index: 3; position: relative; margin-left: auto !important; margin-right: auto !important; }.tve-theme-__template_id__ .sidebar-section [data-css=\"tve-u-17300aec9c9\"]::after { clear: both; }","(max-width: 767px)":".tve-theme-__template_id__ .main-container { padding: 10px !important; }.tve-theme-__template_id__ .top-section .section-content { padding-left: 20px !important; padding-right: 20px !important; }:not(#tve) .tve-theme-__template_id__ .top-section [data-css=\"tve-u-172db97575b\"] { font-size: 30px !important; }.tve-theme-__template_id__ .bottom-section [data-css=\"tve-u-1727fba3b34\"] { margin-bottom: 15px !important; }.tve-theme-__template_id__ .bottom-section [data-css=\"tve-u-1727fba3b1d\"] { flex-wrap: wrap !important; }.tve-theme-__template_id__ .bottom-section [data-css=\"tve-u-1727fba3b1d\"] > .tcb-flex-col { flex-basis: 148px !important; }.tve-theme-__template_id__ .bottom-section [data-css=\"tve-u-1727fbfa6af\"] { float: none; z-index: 3; position: relative; font-size: 24px; width: 24px; height: 24px; padding: 1px !important; margin-left: auto !important; margin-right: auto !important; }.tve-theme-__template_id__ .bottom-section [data-css=\"tve-u-172f09fe468\"] { margin-bottom: 15px !important; }.tve-theme-__template_id__ .bottom-section [data-css=\"tve-u-172f0a01668\"] { margin-bottom: 15px !important; }.tve-theme-__template_id__ .bottom-section [data-css=\"tve-u-172f0a90e52\"] { float: none; z-index: 3; position: relative; font-size: 22px; width: 22px; height: 22px; padding: 1px !important; margin-left: auto !important; margin-right: auto !important; }.tve-theme-__template_id__ .bottom-section [data-css=\"tve-u-172f0a91a27\"] { float: none; z-index: 3; position: relative; font-size: 24px; width: 24px; height: 24px; padding: 1px !important; margin-left: auto !important; margin-right: auto !important; }.tve-theme-__template_id__ .bottom-section .section-content { padding-left: 20px !important; padding-right: 20px !important; }.tve-theme-__template_id__ .bottom-section [data-css=\"tve-u-1727fba3b1e\"] { margin-bottom: 0px !important; }.tve-theme-__template_id__ .sidebar-section .section-content { padding: 20px 10px 10px !important; }.tve-theme-__template_id__ .sidebar-section { margin-left: 0px !important; margin-right: 0px !important; margin-bottom: 0px !important; }.tve-theme-__template_id__ .sidebar-section [data-css=\"tve-u-172dba3aeee\"] { float: left; z-index: 3; position: relative; font-size: 18px; width: 18px; height: 18px; padding: 18px !important; }.tve-theme-__template_id__ .sidebar-section [data-css=\"tve-u-172dbc577c3\"] { float: left; z-index: 3; position: relative; font-size: 18px; width: 18px; height: 18px; padding: 18px !important; }.tve-theme-__template_id__ .sidebar-section [data-css=\"tve-u-172dbc58322\"] { float: left; z-index: 3; position: relative; font-size: 18px; width: 18px; height: 18px; padding: 18px !important; }.tve-theme-__template_id__ .sidebar-section [data-css=\"tve-u-172dbc577c7\"]::after { clear: both; }.tve-theme-__template_id__ .sidebar-section [data-css=\"tve-u-172dbc58325\"]::after { clear: both; }.tve-theme-__template_id__ .sidebar-section [data-css=\"tve-u-172dba3aef2\"]::after { clear: both; }"},"fonts":[],"dynamic":[]},"format":"standard","tag":"5ef086c211591","no_search_results":"","primary_template":"archive","secondary_template":"product","variable_template":""},"post_status":"publish"}]