[{"ID":5366,"post_title":"WooCommerce Checkout 02","post_type":"thrive_template","meta_input":{"default":"0","layout":"20f07591c6fcb220ffe637cda29bb3f6","layout_data":{"hide_sidebar":1},"structure":"[thrive_template_section type=\"top\" ][thrive_template_content]\n[thrive_main_container]\n[thrive_template_section type=\"sidebar\" ]\n[thrive_template_section type=\"content\" ]\n[\/thrive_main_container]\n[\/thrive_template_content][thrive_template_section type=\"bottom\" ]","sidebar-type":"","sticky-sidebar":"","off-screen-sidebar":"","tve_globals":{"js_sdk":[],"fb_comment_admins":""},"comments":{"labels":[],"icons":[]},"sections":{"top":{"id":0,"content":"<div class=\"thrv_wrapper thrv-columns\" data-css=\"tve-u-173005c9cf6\" style=\"\"><div class=\"tcb-flex-row v-2 tcb--cols--5 tcb-medium-no-wrap tcb-mobile-wrap m-edit tcb-resized\" data-css=\"tve-u-173005c9889\" style=\"\"><div class=\"tcb-flex-col\" style=\"\" data-css=\"tve-u-173042b14b7\"><div class=\"tcb-col\" style=\"\"><div class=\"tcb-clear\" data-css=\"tve-u-173005595a4\"><div class=\"thrv_wrapper thrv_contentbox_shortcode thrv-content-box tve-elem-default-pad\" data-css=\"tve-u-172f02e6c7c\" style=\"\">\n<div class=\"tve-content-box-background\"><\/div>\n<div class=\"tve-cb\"><div class=\"tcb-clear\" data-css=\"tve-u-172c7b45c68\"><div class=\"thrv_wrapper thrv_icon tcb-icon-display\" data-css=\"tve-u-172f02d3cd5\" style=\"\" data-float-d=\"1\"><svg class=\"tcb-icon\" viewBox=\"0 0 512 512\" data-id=\"icon-badge-check-regular\" data-name=\"\">\n<path d=\"M332.73 178.37c-3.85-3.88-10.11-3.9-13.98-.06l-87.36 86.66-37.88-38.19c-3.84-3.88-10.11-3.9-13.98-.06l-23.4 23.21c-3.88 3.85-3.9 10.11-.06 13.98l68.05 68.6c3.85 3.88 10.11 3.9 13.98.06l117.78-116.83c3.88-3.85 3.9-10.11.06-13.98l-23.21-23.39zM512 256c0-36.5-18.8-68.4-46.7-86.7 6.8-32.9-2.7-68.7-28.3-94.3-25.6-25.7-61.5-35.1-94.3-28.3C324.2 18.7 292.3 0 256 0s-68.3 18.7-86.7 46.7C136.4 39.9 100.6 49.4 75 75c-25.7 25.6-35.1 61.5-28.3 94.3C18.6 187.8 0 219.8 0 256c0 36.3 18.7 68.3 46.7 86.7-6.8 32.9 2.7 68.7 28.3 94.3 25.6 25.7 61.2 35.1 94.3 28.3 18.5 28.1 50.5 46.7 86.7 46.7 36.4 0 68.3-18.8 86.7-46.7 33.1 6.8 68.7-2.7 94.3-28.3 25.7-25.6 35.1-61.5 28.3-94.3 28.1-18.5 46.7-50.5 46.7-86.7zm-108.3 61.3c9.1 19.9 30.3 54.8-.7 85.8-28 28-55.3 14.5-85.8.7-7.7 20.6-17.3 60.2-61.2 60.2-45.3 0-54.7-42.8-61.2-60.2-21.1 9.6-54.9 30.2-85.9-.8-32-32-8.4-68.9-.7-85.8C87.6 309.5 48 299.9 48 256c0-45.3 42.8-54.7 60.3-61.3-9.1-19.9-30.3-54.8.7-85.8 32-32 68.9-8.4 85.8-.7C202.5 87.6 212.1 48 256 48c45.3 0 54.7 42.8 61.2 60.4 19.9-9.1 54.8-30.3 85.8.7 32 32 8.4 68.9.7 85.8 20.6 7.7 60.2 17.3 60.2 61.2 0 45.3-42.8 54.7-60.2 61.2z\"><\/path>\n<\/svg><\/div><\/div><div class=\"thrv_wrapper thrv_text_element\" data-css=\"tve-u-173042c81f3\" style=\"\"><p class=\"tcb-global-text-\" data-css=\"tve-u-173042e5660\" style=\"\">price match promise<\/p><\/div><\/div>\n<\/div><\/div><\/div><\/div><div class=\"tcb-flex-col\" style=\"\" data-css=\"tve-u-173042b14fb\"><div class=\"tcb-col\" style=\"\"><div class=\"thrv_wrapper thrv_contentbox_shortcode thrv-content-box tve-elem-default-pad\" data-css=\"tve-u-172f02e4828\" style=\"\">\n<div class=\"tve-content-box-background\"><\/div>\n<div class=\"tve-cb\"><div class=\"tcb-clear\" data-css=\"tve-u-172c7b45c68\"><div class=\"thrv_wrapper thrv_icon tcb-icon-display\" data-css=\"tve-u-172f02d4877\" style=\"\" data-float-d=\"1\"><svg class=\"tcb-icon\" viewBox=\"0 0 640 512\" data-id=\"icon-truck-regular\" data-name=\"\">\n<path d=\"M624 368h-16V251.9c0-19-7.7-37.5-21.1-50.9L503 117.1C489.6 103.7 471 96 452.1 96H416V56c0-30.9-25.1-56-56-56H56C25.1 0 0 25.1 0 56v304c0 30.9 25.1 56 56 56h8c0 53 43 96 96 96s96-43 96-96h128c0 53 43 96 96 96s96-43 96-96h48c8.8 0 16-7.2 16-16v-16c0-8.8-7.2-16-16-16zm-464 96c-26.5 0-48-21.5-48-48s21.5-48 48-48 48 21.5 48 48-21.5 48-48 48zm208-96H242.7c-16.6-28.6-47.2-48-82.7-48s-66.1 19.4-82.7 48H56c-4.4 0-8-3.6-8-8V56c0-4.4 3.6-8 8-8h304c4.4 0 8 3.6 8 8v312zm48-224h36.1c6.3 0 12.5 2.6 17 7l73 73H416v-80zm64 320c-26.5 0-48-21.5-48-48s21.5-48 48-48 48 21.5 48 48-21.5 48-48 48zm80-100.9c-17.2-25.9-46.6-43.1-80-43.1-24.7 0-47 9.6-64 24.9V272h144v91.1z\"><\/path>\n<\/svg><\/div><\/div><div class=\"thrv_wrapper thrv_text_element\" data-css=\"tve-u-172f0fb1660\" style=\"\"><p class=\"tcb-global-text-\" data-css=\"tve-u-173042e6430\" style=\"\">free 100 days returns<\/p><\/div><\/div>\n<\/div><\/div><\/div><div class=\"tcb-flex-col\" style=\"\" data-css=\"tve-u-173042b1539\"><div class=\"tcb-col\" style=\"\"><div class=\"thrv_wrapper thrv_contentbox_shortcode thrv-content-box tve-elem-default-pad\" data-css=\"tve-u-173005d123d\" style=\"\">\n<div class=\"tve-content-box-background\"><\/div>\n<div class=\"tve-cb\" data-css=\"tve-u-173005d58d1\" style=\"\"><div class=\"tcb-clear\" data-css=\"tve-u-173005ea40f\"><div class=\"thrv_wrapper thrv-rating\" data-style=\"style1\" data-max=\"5\" data-value=\"4.5\" data-css=\"tve-u-172f0263dcb\" style=\"\"><svg viewBox=\"-6 -6 70 70\" class=\"\"><path class=\"sr-fill\" fill=\"#F0C419\" d=\"M46.976,57.227c-0.422,0-0.834-0.104-1.228-0.312l-13.167-6.921c-0.663-0.349-1.409-0.533-2.158-0.533s-1.495,0.185-2.158,0.533L15.1,56.915c-0.393,0.208-0.807,0.312-1.229,0.312c-0.765,0-1.524-0.358-2.03-0.958c-0.501-0.595-0.703-1.353-0.569-2.134l2.515-14.661c0.258-1.505-0.241-3.039-1.334-4.105L1.8,24.985c-0.736-0.717-0.985-1.728-0.668-2.704c0.318-0.977,1.114-1.649,2.13-1.796l14.72-2.139c1.512-0.22,2.817-1.168,3.493-2.537L28.059,2.47C28.513,1.55,29.396,1,30.423,1c1.027,0,1.911,0.55,2.365,1.471l6.584,13.339c0.676,1.369,1.98,2.317,3.492,2.537l14.721,2.139c1.016,0.147,1.813,0.819,2.129,1.795c0.317,0.977,0.068,1.988-0.668,2.705L48.394,35.369c-1.092,1.065-1.59,2.6-1.334,4.105l2.516,14.661c0.134,0.781-0.068,1.539-0.569,2.134C48.5,56.869,47.743,57.227,46.976,57.227\"><\/path><path class=\"sr-outline\" fill=\"#FBB040\" d=\"M30.423,2c0.306,0,1.063,0.089,1.469,0.913l6.584,13.339c0.821,1.664,2.407,2.817,4.244,3.084l14.721,2.139c0.91,0.132,1.228,0.824,1.322,1.115c0.096,0.291,0.243,1.038-0.414,1.679L47.697,34.652c-1.329,1.295-1.936,3.161-1.621,4.991l2.515,14.661c0.106,0.623-0.131,1.061-0.349,1.319c-0.318,0.378-0.791,0.604-1.266,0.604c-0.259,0-0.515-0.067-0.763-0.197l-13.166-6.922c-0.806-0.423-1.713-0.647-2.624-0.647c-0.911,0-1.818,0.224-2.624,0.647L14.633,56.03c-0.248,0.13-0.504,0.197-0.763,0.197c-0.474,0-0.948-0.226-1.266-0.604c-0.218-0.258-0.454-0.696-0.348-1.319l2.515-14.661c0.314-1.83-0.292-3.696-1.621-4.991L2.5,24.269c-0.659-0.641-0.51-1.388-0.415-1.679c0.095-0.291,0.413-0.983,1.322-1.115l14.721-2.139c1.837-0.267,3.423-1.42,4.245-3.084l6.583-13.339C29.361,2.089,30.118,2,30.423,2 M30.423,0c-1.297,0-2.595,0.676-3.262,2.027l-6.584,13.339c-0.53,1.074-1.554,1.819-2.739,1.99l-14.72,2.14c-2.984,0.434-4.175,4.101-2.016,6.205l10.652,10.383c0.857,0.836,1.248,2.04,1.045,3.221l-2.514,14.66c-0.403,2.351,1.465,4.262,3.585,4.262c0.559,0,1.136-0.134,1.694-0.426l13.166-6.923c0.53-0.278,1.111-0.417,1.693-0.417s1.163,0.139,1.693,0.417l13.166,6.923c0.558,0.293,1.135,0.426,1.693,0.426c2.121,0,3.988-1.911,3.586-4.262l-2.515-14.66c-0.202-1.181,0.188-2.385,1.045-3.221l10.652-10.383c2.159-2.104,0.968-5.771-2.017-6.205l-14.72-2.14c-1.185-0.171-2.21-0.916-2.739-1.99L33.687,2.027C33.019,0.676,31.72,0,30.423,0\"><\/path><\/svg><svg viewBox=\"-6 -6 70 70\" class=\"\"><path class=\"sr-fill\" fill=\"#F0C419\" d=\"M46.976,57.227c-0.422,0-0.834-0.104-1.228-0.312l-13.167-6.921c-0.663-0.349-1.409-0.533-2.158-0.533s-1.495,0.185-2.158,0.533L15.1,56.915c-0.393,0.208-0.807,0.312-1.229,0.312c-0.765,0-1.524-0.358-2.03-0.958c-0.501-0.595-0.703-1.353-0.569-2.134l2.515-14.661c0.258-1.505-0.241-3.039-1.334-4.105L1.8,24.985c-0.736-0.717-0.985-1.728-0.668-2.704c0.318-0.977,1.114-1.649,2.13-1.796l14.72-2.139c1.512-0.22,2.817-1.168,3.493-2.537L28.059,2.47C28.513,1.55,29.396,1,30.423,1c1.027,0,1.911,0.55,2.365,1.471l6.584,13.339c0.676,1.369,1.98,2.317,3.492,2.537l14.721,2.139c1.016,0.147,1.813,0.819,2.129,1.795c0.317,0.977,0.068,1.988-0.668,2.705L48.394,35.369c-1.092,1.065-1.59,2.6-1.334,4.105l2.516,14.661c0.134,0.781-0.068,1.539-0.569,2.134C48.5,56.869,47.743,57.227,46.976,57.227\"><\/path><path class=\"sr-outline\" fill=\"#FBB040\" d=\"M30.423,2c0.306,0,1.063,0.089,1.469,0.913l6.584,13.339c0.821,1.664,2.407,2.817,4.244,3.084l14.721,2.139c0.91,0.132,1.228,0.824,1.322,1.115c0.096,0.291,0.243,1.038-0.414,1.679L47.697,34.652c-1.329,1.295-1.936,3.161-1.621,4.991l2.515,14.661c0.106,0.623-0.131,1.061-0.349,1.319c-0.318,0.378-0.791,0.604-1.266,0.604c-0.259,0-0.515-0.067-0.763-0.197l-13.166-6.922c-0.806-0.423-1.713-0.647-2.624-0.647c-0.911,0-1.818,0.224-2.624,0.647L14.633,56.03c-0.248,0.13-0.504,0.197-0.763,0.197c-0.474,0-0.948-0.226-1.266-0.604c-0.218-0.258-0.454-0.696-0.348-1.319l2.515-14.661c0.314-1.83-0.292-3.696-1.621-4.991L2.5,24.269c-0.659-0.641-0.51-1.388-0.415-1.679c0.095-0.291,0.413-0.983,1.322-1.115l14.721-2.139c1.837-0.267,3.423-1.42,4.245-3.084l6.583-13.339C29.361,2.089,30.118,2,30.423,2 M30.423,0c-1.297,0-2.595,0.676-3.262,2.027l-6.584,13.339c-0.53,1.074-1.554,1.819-2.739,1.99l-14.72,2.14c-2.984,0.434-4.175,4.101-2.016,6.205l10.652,10.383c0.857,0.836,1.248,2.04,1.045,3.221l-2.514,14.66c-0.403,2.351,1.465,4.262,3.585,4.262c0.559,0,1.136-0.134,1.694-0.426l13.166-6.923c0.53-0.278,1.111-0.417,1.693-0.417s1.163,0.139,1.693,0.417l13.166,6.923c0.558,0.293,1.135,0.426,1.693,0.426c2.121,0,3.988-1.911,3.586-4.262l-2.515-14.66c-0.202-1.181,0.188-2.385,1.045-3.221l10.652-10.383c2.159-2.104,0.968-5.771-2.017-6.205l-14.72-2.14c-1.185-0.171-2.21-0.916-2.739-1.99L33.687,2.027C33.019,0.676,31.72,0,30.423,0\"><\/path><\/svg><svg viewBox=\"-6 -6 70 70\" class=\"\"><path class=\"sr-fill\" fill=\"#F0C419\" d=\"M46.976,57.227c-0.422,0-0.834-0.104-1.228-0.312l-13.167-6.921c-0.663-0.349-1.409-0.533-2.158-0.533s-1.495,0.185-2.158,0.533L15.1,56.915c-0.393,0.208-0.807,0.312-1.229,0.312c-0.765,0-1.524-0.358-2.03-0.958c-0.501-0.595-0.703-1.353-0.569-2.134l2.515-14.661c0.258-1.505-0.241-3.039-1.334-4.105L1.8,24.985c-0.736-0.717-0.985-1.728-0.668-2.704c0.318-0.977,1.114-1.649,2.13-1.796l14.72-2.139c1.512-0.22,2.817-1.168,3.493-2.537L28.059,2.47C28.513,1.55,29.396,1,30.423,1c1.027,0,1.911,0.55,2.365,1.471l6.584,13.339c0.676,1.369,1.98,2.317,3.492,2.537l14.721,2.139c1.016,0.147,1.813,0.819,2.129,1.795c0.317,0.977,0.068,1.988-0.668,2.705L48.394,35.369c-1.092,1.065-1.59,2.6-1.334,4.105l2.516,14.661c0.134,0.781-0.068,1.539-0.569,2.134C48.5,56.869,47.743,57.227,46.976,57.227\"><\/path><path class=\"sr-outline\" fill=\"#FBB040\" d=\"M30.423,2c0.306,0,1.063,0.089,1.469,0.913l6.584,13.339c0.821,1.664,2.407,2.817,4.244,3.084l14.721,2.139c0.91,0.132,1.228,0.824,1.322,1.115c0.096,0.291,0.243,1.038-0.414,1.679L47.697,34.652c-1.329,1.295-1.936,3.161-1.621,4.991l2.515,14.661c0.106,0.623-0.131,1.061-0.349,1.319c-0.318,0.378-0.791,0.604-1.266,0.604c-0.259,0-0.515-0.067-0.763-0.197l-13.166-6.922c-0.806-0.423-1.713-0.647-2.624-0.647c-0.911,0-1.818,0.224-2.624,0.647L14.633,56.03c-0.248,0.13-0.504,0.197-0.763,0.197c-0.474,0-0.948-0.226-1.266-0.604c-0.218-0.258-0.454-0.696-0.348-1.319l2.515-14.661c0.314-1.83-0.292-3.696-1.621-4.991L2.5,24.269c-0.659-0.641-0.51-1.388-0.415-1.679c0.095-0.291,0.413-0.983,1.322-1.115l14.721-2.139c1.837-0.267,3.423-1.42,4.245-3.084l6.583-13.339C29.361,2.089,30.118,2,30.423,2 M30.423,0c-1.297,0-2.595,0.676-3.262,2.027l-6.584,13.339c-0.53,1.074-1.554,1.819-2.739,1.99l-14.72,2.14c-2.984,0.434-4.175,4.101-2.016,6.205l10.652,10.383c0.857,0.836,1.248,2.04,1.045,3.221l-2.514,14.66c-0.403,2.351,1.465,4.262,3.585,4.262c0.559,0,1.136-0.134,1.694-0.426l13.166-6.923c0.53-0.278,1.111-0.417,1.693-0.417s1.163,0.139,1.693,0.417l13.166,6.923c0.558,0.293,1.135,0.426,1.693,0.426c2.121,0,3.988-1.911,3.586-4.262l-2.515-14.66c-0.202-1.181,0.188-2.385,1.045-3.221l10.652-10.383c2.159-2.104,0.968-5.771-2.017-6.205l-14.72-2.14c-1.185-0.171-2.21-0.916-2.739-1.99L33.687,2.027C33.019,0.676,31.72,0,30.423,0\"><\/path><\/svg><svg viewBox=\"-6 -6 70 70\" class=\"\"><path class=\"sr-fill\" fill=\"#F0C419\" d=\"M46.976,57.227c-0.422,0-0.834-0.104-1.228-0.312l-13.167-6.921c-0.663-0.349-1.409-0.533-2.158-0.533s-1.495,0.185-2.158,0.533L15.1,56.915c-0.393,0.208-0.807,0.312-1.229,0.312c-0.765,0-1.524-0.358-2.03-0.958c-0.501-0.595-0.703-1.353-0.569-2.134l2.515-14.661c0.258-1.505-0.241-3.039-1.334-4.105L1.8,24.985c-0.736-0.717-0.985-1.728-0.668-2.704c0.318-0.977,1.114-1.649,2.13-1.796l14.72-2.139c1.512-0.22,2.817-1.168,3.493-2.537L28.059,2.47C28.513,1.55,29.396,1,30.423,1c1.027,0,1.911,0.55,2.365,1.471l6.584,13.339c0.676,1.369,1.98,2.317,3.492,2.537l14.721,2.139c1.016,0.147,1.813,0.819,2.129,1.795c0.317,0.977,0.068,1.988-0.668,2.705L48.394,35.369c-1.092,1.065-1.59,2.6-1.334,4.105l2.516,14.661c0.134,0.781-0.068,1.539-0.569,2.134C48.5,56.869,47.743,57.227,46.976,57.227\"><\/path><path class=\"sr-outline\" fill=\"#FBB040\" d=\"M30.423,2c0.306,0,1.063,0.089,1.469,0.913l6.584,13.339c0.821,1.664,2.407,2.817,4.244,3.084l14.721,2.139c0.91,0.132,1.228,0.824,1.322,1.115c0.096,0.291,0.243,1.038-0.414,1.679L47.697,34.652c-1.329,1.295-1.936,3.161-1.621,4.991l2.515,14.661c0.106,0.623-0.131,1.061-0.349,1.319c-0.318,0.378-0.791,0.604-1.266,0.604c-0.259,0-0.515-0.067-0.763-0.197l-13.166-6.922c-0.806-0.423-1.713-0.647-2.624-0.647c-0.911,0-1.818,0.224-2.624,0.647L14.633,56.03c-0.248,0.13-0.504,0.197-0.763,0.197c-0.474,0-0.948-0.226-1.266-0.604c-0.218-0.258-0.454-0.696-0.348-1.319l2.515-14.661c0.314-1.83-0.292-3.696-1.621-4.991L2.5,24.269c-0.659-0.641-0.51-1.388-0.415-1.679c0.095-0.291,0.413-0.983,1.322-1.115l14.721-2.139c1.837-0.267,3.423-1.42,4.245-3.084l6.583-13.339C29.361,2.089,30.118,2,30.423,2 M30.423,0c-1.297,0-2.595,0.676-3.262,2.027l-6.584,13.339c-0.53,1.074-1.554,1.819-2.739,1.99l-14.72,2.14c-2.984,0.434-4.175,4.101-2.016,6.205l10.652,10.383c0.857,0.836,1.248,2.04,1.045,3.221l-2.514,14.66c-0.403,2.351,1.465,4.262,3.585,4.262c0.559,0,1.136-0.134,1.694-0.426l13.166-6.923c0.53-0.278,1.111-0.417,1.693-0.417s1.163,0.139,1.693,0.417l13.166,6.923c0.558,0.293,1.135,0.426,1.693,0.426c2.121,0,3.988-1.911,3.586-4.262l-2.515-14.66c-0.202-1.181,0.188-2.385,1.045-3.221l10.652-10.383c2.159-2.104,0.968-5.771-2.017-6.205l-14.72-2.14c-1.185-0.171-2.21-0.916-2.739-1.99L33.687,2.027C33.019,0.676,31.72,0,30.423,0\"><\/path><\/svg><svg viewBox=\"-6 -6 70 70\" class=\"\"><path class=\"sr-background\" fill=\"transparent\" d=\"M46.976,57.227c-0.422,0-0.834-0.104-1.228-0.312l-13.167-6.921c-0.663-0.349-1.409-0.533-2.158-0.533s-1.495,0.185-2.158,0.533L15.1,56.915c-0.393,0.208-0.807,0.312-1.229,0.312c-0.765,0-1.524-0.358-2.03-0.958c-0.501-0.595-0.703-1.353-0.569-2.134l2.515-14.661c0.258-1.505-0.241-3.039-1.334-4.105L1.8,24.985c-0.736-0.717-0.985-1.728-0.668-2.704c0.318-0.977,1.114-1.649,2.13-1.796l14.72-2.139c1.512-0.22,2.817-1.168,3.493-2.537L28.059,2.47C28.513,1.55,29.396,1,30.423,1c1.027,0,1.911,0.55,2.365,1.471l6.584,13.339c0.676,1.369,1.98,2.317,3.492,2.537l14.721,2.139c1.016,0.147,1.813,0.819,2.129,1.795c0.317,0.977,0.068,1.988-0.668,2.705L48.394,35.369c-1.092,1.065-1.59,2.6-1.334,4.105l2.516,14.661c0.134,0.781-0.068,1.539-0.569,2.134C48.5,56.869,47.743,57.227,46.976,57.227\"><\/path><path class=\"sr-fill\" fill=\"#F0C419\" d=\"M28.731,50.878l-13.166,6.923c-2.67,1.402-5.789-0.863-5.279-3.836l2.517-14.66c0.201-1.181-0.188-2.385-1.047-3.221L1.104,25.701c-2.16-2.104-0.968-5.771,2.016-6.205l14.721-2.139c1.186-0.172,2.209-0.917,2.74-1.991l6.582-13.339C27.829,0.676,29.126,0,30.423,0l0.002,50.461C29.843,50.46,29.261,50.6,28.731,50.878\"><\/path><path class=\"sr-outline\" fill=\"#FBB040\" d=\"M30.423,2c0.307,0,1.063,0.089,1.471,0.913l6.582,13.339c0.822,1.664,2.408,2.817,4.246,3.084l14.721,2.139c0.908,0.132,1.228,0.824,1.322,1.115c0.094,0.291,0.242,1.038-0.414,1.679L47.698,34.652c-1.33,1.295-1.936,3.16-1.623,4.99l2.517,14.662c0.106,0.622-0.131,1.061-0.349,1.318c-0.319,0.378-0.793,0.604-1.266,0.604c-0.26,0-0.516-0.066-0.764-0.197l-13.166-6.922c-0.807-0.422-1.713-0.646-2.625-0.646c-0.908,0-1.816,0.225-2.623,0.646l-13.166,6.922c-0.248,0.131-0.504,0.197-0.764,0.197c-0.473,0-0.947-0.226-1.264-0.604c-0.22-0.258-0.455-0.696-0.351-1.318l2.517-14.662c0.313-1.83-0.293-3.695-1.621-4.99L2.499,24.269c-0.658-0.641-0.51-1.388-0.416-1.679c0.096-0.291,0.414-0.983,1.322-1.115l14.721-2.139c1.838-0.267,3.424-1.42,4.246-3.084l6.582-13.339C29.362,2.089,30.118,2,30.423,2 M30.423,0c-1.297,0-2.594,0.676-3.262,2.027l-6.582,13.339c-0.531,1.074-1.555,1.819-2.74,1.99l-14.721,2.14c-2.984,0.434-4.174,4.101-2.016,6.205l10.651,10.383c0.856,0.836,1.248,2.04,1.045,3.221l-2.515,14.66c-0.403,2.352,1.466,4.262,3.584,4.262c0.562,0,1.138-0.134,1.695-0.426l13.166-6.923c0.529-0.278,1.109-0.417,1.691-0.417s1.164,0.139,1.693,0.417l13.166,6.923c0.559,0.293,1.135,0.426,1.694,0.426c2.119,0,3.988-1.91,3.584-4.262l-2.514-14.66c-0.203-1.181,0.188-2.385,1.045-3.221l10.651-10.383c2.16-2.104,0.97-5.771-2.016-6.205l-14.721-2.14c-1.186-0.171-2.211-0.916-2.738-1.99L33.683,2.027C33.019,0.676,31.722,0,30.423,0\"><\/path><\/svg><\/div><\/div><div class=\"tcb-clear\" data-css=\"tve-u-172f0fb8fbd\"><div class=\"thrv_wrapper thrv_text_element\" data-css=\"tve-u-172f0fb8fb9\" style=\"\"><p class=\"tcb-global-text-\" data-css=\"tve-u-172f0292599\" style=\"text-align: center;\">rated excellent<\/p><\/div><\/div><\/div>\n<\/div><\/div><\/div><div class=\"tcb-flex-col\" style=\"\" data-css=\"tve-u-173042b1578\"><div class=\"tcb-col\" style=\"\"><div class=\"thrv_wrapper thrv_contentbox_shortcode thrv-content-box tve-elem-default-pad\" data-css=\"tve-u-172f02a62fe\" style=\"\">\n<div class=\"tve-content-box-background\"><\/div>\n<div class=\"tve-cb\" data-css=\"tve-u-172f02a4e75\" style=\"\"><div class=\"tcb-clear\" data-css=\"tve-u-172c7b45c68\"><div class=\"thrv_wrapper thrv_icon tcb-icon-display\" data-css=\"tve-u-172f0211e47\" style=\"\" data-float-d=\"1\"><svg class=\"tcb-icon\" viewBox=\"0 0 512 512\" data-id=\"icon-coins-regular\" data-name=\"\">\n<path d=\"M320 0C214 0 128 35.8 128 80v52.6C53.5 143.6 0 173.2 0 208v224c0 44.2 86 80 192 80s192-35.8 192-80v-52.7c74.5-11 128-40.5 128-75.3V80c0-44.2-86-80-192-80zm16 428.3C326 440 275.6 464 192 464S58 440 48 428.3v-39.5c35.2 16.6 86.6 27.2 144 27.2s108.8-10.6 144-27.2v39.5zm0-96C326 344 275.6 368 192 368S58 344 48 332.3v-44.9c35.2 20 86.6 32.6 144 32.6s108.8-12.7 144-32.6v44.9zM192 272c-79.5 0-144-21.5-144-48s64.5-48 144-48 144 21.5 144 48-64.5 48-144 48zm272 28.3c-7.1 8.3-34.9 22.6-80 30.4V283c31-4.6 58.7-12.1 80-22.2v39.5zm0-96c-7.1 8.3-34.9 22.6-80 30.4V208c0-7.2-2.5-14.2-6.8-20.9 33.8-5.3 64-14.8 86.8-27.8v45zM320 144c-5 0-9.8-.3-14.7-.5-26-7.9-56.8-13.2-90.4-14.9C191 120 176 108.6 176 96c0-26.5 64.5-48 144-48s144 21.5 144 48-64.5 48-144 48z\"><\/path>\n<\/svg><\/div><\/div><div class=\"thrv_wrapper thrv_text_element\" data-css=\"tve-u-173042d2b38\" style=\"\"><p class=\"tcb-global-text-\" data-css=\"tve-u-173042e7cc0\" style=\"\">pay with a0 finance<\/p><\/div><\/div>\n<\/div><\/div><\/div><div class=\"tcb-flex-col\" style=\"\" data-css=\"tve-u-173042b15b6\"><div class=\"tcb-col\" style=\"\"><div class=\"thrv_wrapper thrv_contentbox_shortcode thrv-content-box tve-elem-default-pad\" data-css=\"tve-u-172c77d3f8d\" style=\"\">\n<div class=\"tve-content-box-background\"><\/div>\n<div class=\"tve-cb\"><div class=\"tcb-clear\" data-css=\"tve-u-172c7b45c68\"><div class=\"thrv_wrapper thrv_icon tcb-icon-display\" data-css=\"tve-u-172f02d51f5\" style=\"\" data-float-d=\"1\"><svg class=\"tcb-icon\" viewBox=\"0 0 640 512\" data-id=\"icon-truck-loading-regular\" data-name=\"\">\n<path d=\"M640 48V0H384c-17.7 0-32 14.3-32 32v340.6L5.9 465.4c-4.3 1.1-6.8 5.5-5.7 9.8l8.3 30.9c1.1 4.3 5.5 6.8 9.8 5.7L416.5 405c2.7 59.5 51.4 107 111.5 107 61.9 0 112-50.1 112-112s-50.1-112-112-112c-44.6 0-82.8 26.3-100.8 64H400V48h240zM528 336c35.3 0 64 28.7 64 64s-28.7 64-64 64-64-28.7-64-64 28.7-64 64-64zM50.2 375.6c2.3 8.5 11.1 13.6 19.6 11.3l216.4-58c8.5-2.3 13.6-11.1 11.3-19.6l-49.7-185.5c-2.3-8.5-11.1-13.6-19.6-11.3L151 133.3l24.8 92.7-61.8 16.5-24.8-92.7-77.3 20.7C3.4 172.8-1.7 181.6.6 190.1l49.6 185.5z\"><\/path>\n<\/svg><\/div><\/div><div class=\"thrv_wrapper thrv_text_element\" data-css=\"tve-u-172c7c0c14c\" style=\"\"><p class=\"tcb-global-text-\" data-css=\"tve-u-172c77fc740\" style=\"letter-spacing: 1px;\">next day delivery<\/p><\/div><\/div>\n<\/div><\/div><\/div><\/div><\/div>","decoration":[],"comments":[],"attr":{"class":""},"hide":0},"sidebar":{"id":0,"content":"\n<div class=\"thrv_wrapper thrv_contentbox_shortcode thrv-content-box tve-elem-default-pad\" data-css=\"tve-u-17299dd7209\" style=\"\">\n<div class=\"tve-content-box-background\" style=\"\" data-css=\"tve-u-17299dc406f\"><\/div>\n<div class=\"tve-cb\"><div class=\"thrv_wrapper thrv-columns\" data-css=\"tve-u-17300cf515e\" style=\"\"><div class=\"tcb-flex-row v-2 tcb-resized tcb--cols--2 tcb-mobile-no-wrap m-edit\" data-css=\"tve-u-17299dac952\" style=\"\"><div class=\"tcb-flex-col c-33\" data-css=\"tve-u-17304aa5040\" style=\"\"><div class=\"tcb-col\" style=\"\"><div class=\"tcb-clear\" data-css=\"tve-u-17300cf1d4a\"><div class=\"thrv_wrapper thrv_icon tcb-icon-display\" data-css=\"tve-u-17299dac966\" style=\"\"><svg class=\"tcb-icon\" viewBox=\"0 0 640 512\" data-id=\"icon-truck-light\" data-name=\"\">\n<path d=\"M632 384h-24V275.9c0-16.8-6.8-33.3-18.8-45.2l-83.9-83.9c-11.8-12-28.3-18.8-45.2-18.8H416V78.6c0-25.7-22.2-46.6-49.4-46.6H49.4C22.2 32 0 52.9 0 78.6v290.8C0 395.1 22.2 416 49.4 416h16.2c-1.1 5.2-1.6 10.5-1.6 16 0 44.2 35.8 80 80 80s80-35.8 80-80c0-5.5-.6-10.8-1.6-16h195.2c-1.1 5.2-1.6 10.5-1.6 16 0 44.2 35.8 80 80 80s80-35.8 80-80c0-5.5-.6-10.8-1.6-16H632c4.4 0 8-3.6 8-8v-16c0-4.4-3.6-8-8-8zM460.1 160c8.4 0 16.7 3.4 22.6 9.4l83.9 83.9c.8.8 1.1 1.9 1.8 2.8H416v-96h44.1zM144 480c-26.5 0-48-21.5-48-48s21.5-48 48-48 48 21.5 48 48-21.5 48-48 48zm63.6-96C193 364.7 170 352 144 352s-49 12.7-63.6 32h-31c-9.6 0-17.4-6.5-17.4-14.6V78.6C32 70.5 39.8 64 49.4 64h317.2c9.6 0 17.4 6.5 17.4 14.6V384H207.6zM496 480c-26.5 0-48-21.5-48-48s21.5-48 48-48 48 21.5 48 48-21.5 48-48 48zm0-128c-26.1 0-49 12.7-63.6 32H416v-96h160v96h-16.4c-14.6-19.3-37.5-32-63.6-32z\"><\/path>\n<\/svg><\/div><\/div><\/div><\/div><div class=\"tcb-flex-col c-66\" data-css=\"tve-u-17304aa5042\" style=\"\"><div class=\"tcb-col\" style=\"\"><div class=\"thrv_wrapper thrv_text_element\"><p data-css=\"tve-u-17299dac94f\">free Shipping<\/p><\/div><div class=\"thrv_wrapper thrv_text_element\"><p data-css=\"tve-u-17299dac951\">On Orders over $99<\/p><\/div><\/div><\/div><\/div><\/div><\/div>\n<\/div><div class=\"thrv_wrapper thrv_contentbox_shortcode thrv-content-box tve-elem-default-pad\" data-css=\"tve-u-17299ddf06d\" style=\"\">\n<div class=\"tve-content-box-background\" style=\"\" data-css=\"tve-u-17299dc406f\"><\/div>\n<div class=\"tve-cb\"><div class=\"thrv_wrapper thrv-columns\" data-css=\"tve-u-17300cf6848\" style=\"\"><div class=\"tcb-flex-row v-2 tcb-resized tcb--cols--2 tcb-mobile-no-wrap m-edit\" data-css=\"tve-u-17299e9725b\" style=\"\"><div class=\"tcb-flex-col c-33\" data-css=\"tve-u-17304aa49a2\" style=\"\"><div class=\"tcb-col\" style=\"\"><div class=\"tcb-clear\" data-css=\"tve-u-17300cf2408\"><div class=\"thrv_wrapper thrv_icon tcb-icon-display\" data-css=\"tve-u-17299dec597\" style=\"\"><svg class=\"tcb-icon\" viewBox=\"0 0 448 512\" data-id=\"icon-box-heart-light\" data-name=\"\">\n<path d=\"M447.9 176c0-10.6-2.6-21-7.6-30.3l-49.1-91.9c-4.3-13-16.5-21.8-30.3-21.8H87.1c-13.8 0-26 8.8-30.4 21.9L7.6 145.8c-5 9.3-7.6 19.7-7.6 30.3C.1 236.6 0 448 0 448c0 17.7 14.3 32 32 32h384c17.7 0 32-14.3 32-32 0 0-.1-211.4-.1-272zM240 64h120.9l50.8 96H240V64zM87.1 64H208v96H36.3l50.8-96zM224 448H32s.1-181.1.1-256H416c0 74.9.1 256 .1 256H224zm90.2-210.8c-13.9-11.6-47.7-28.5-90.2 14.5-42.6-43-76.4-26.1-90.2-14.5-27.5 23-28.9 64.2-4.3 89.1l84.7 85.6c5.5 5.5 14.3 5.5 19.8 0l84.7-85.6c24.5-24.9 23-66.1-4.5-89.1zm-18.4 66.5L224 376.4l-71.8-72.6c-10.2-10.3-12.3-30 2.1-42 13.7-11.5 31.2-3.4 38.4 3.7l31.4 31.7 31.4-31.7c7.1-7.2 24.6-15.2 38.4-3.7 14.2 12 12.2 31.6 1.9 41.9z\"><\/path>\n<\/svg><\/div><\/div><\/div><\/div><div class=\"tcb-flex-col c-66\" data-css=\"tve-u-17304aa49a5\" style=\"\"><div class=\"tcb-col\" style=\"\"><div class=\"thrv_wrapper thrv_text_element\"><p data-css=\"tve-u-17299eab053\">Eco- Packaging<\/p><\/div><div class=\"thrv_wrapper thrv_text_element\"><p data-css=\"tve-u-172b8a1f92b\" style=\"\">more Here<\/p><\/div><\/div><\/div><\/div><\/div><\/div>\n<\/div><div class=\"thrv_wrapper thrv_contentbox_shortcode thrv-content-box tve-elem-default-pad\" data-css=\"tve-u-17299ec002b\" style=\"\">\n<div class=\"tve-content-box-background\" style=\"\" data-css=\"tve-u-17299dc406f\"><\/div>\n<div class=\"tve-cb\"><div class=\"thrv_wrapper thrv-columns\" data-css=\"tve-u-17300cf8049\" style=\"\"><div class=\"tcb-flex-row v-2 tcb-resized tcb--cols--2 tcb-mobile-no-wrap m-edit\" data-css=\"tve-u-17299e95f26\" style=\"\"><div class=\"tcb-flex-col c-33\" data-css=\"tve-u-17304aa32b5\" style=\"\"><div class=\"tcb-col\" style=\"\"><div class=\"tcb-clear\" data-css=\"tve-u-17300cf2b1e\"><div class=\"thrv_wrapper thrv_icon tcb-icon-display\" data-css=\"tve-u-17299deb6e1\" style=\"\"><svg class=\"tcb-icon\" viewBox=\"0 0 512 512\" data-id=\"icon-sync-light\" data-name=\"\">\n<path d=\"M492 8h-10c-6.627 0-12 5.373-12 12v110.627C426.929 57.261 347.224 8 256 8 123.228 8 14.824 112.338 8.31 243.493 7.971 250.311 13.475 256 20.301 256h10.016c6.353 0 11.646-4.949 11.977-11.293C48.157 132.216 141.097 42 256 42c82.862 0 154.737 47.077 190.289 116H332c-6.627 0-12 5.373-12 12v10c0 6.627 5.373 12 12 12h160c6.627 0 12-5.373 12-12V20c0-6.627-5.373-12-12-12zm-.301 248h-10.015c-6.352 0-11.647 4.949-11.977 11.293C463.841 380.158 370.546 470 256 470c-82.608 0-154.672-46.952-190.299-116H180c6.627 0 12-5.373 12-12v-10c0-6.627-5.373-12-12-12H20c-6.627 0-12 5.373-12 12v160c0 6.627 5.373 12 12 12h10c6.627 0 12-5.373 12-12V381.373C85.071 454.739 164.777 504 256 504c132.773 0 241.176-104.338 247.69-235.493.339-6.818-5.165-12.507-11.991-12.507z\"><\/path>\n<\/svg><\/div><\/div><\/div><\/div><div class=\"tcb-flex-col c-66\" data-css=\"tve-u-17304aa32b8\" style=\"\"><div class=\"tcb-col\" style=\"\"><div class=\"thrv_wrapper thrv_text_element\"><p data-css=\"tve-u-17299eaa4a7\">Easy returns<\/p><\/div><div class=\"thrv_wrapper thrv_text_element\"><p data-css=\"tve-u-17299dac951\">More Here<\/p><\/div><\/div><\/div><\/div><\/div><\/div>\n<\/div><div class=\"thrv_wrapper thrv_contentbox_shortcode thrv-content-box tve-elem-default-pad\" data-css=\"tve-u-17299dac964\" style=\"\">\n<div class=\"tve-content-box-background\" style=\"\" data-css=\"tve-u-17299dc406f\"><\/div>\n<div class=\"tve-cb\"><div class=\"thrv_wrapper thrv-columns\" data-css=\"tve-u-17299dac953\" style=\"\"><div class=\"tcb-flex-row v-2 tcb-resized tcb--cols--2 tcb-mobile-no-wrap m-edit\" data-css=\"tve-u-17299e9512b\" style=\"\"><div class=\"tcb-flex-col c-33\" data-css=\"tve-u-17299dac955\" style=\"\"><div class=\"tcb-col\" style=\"\"><div class=\"tcb-clear\" data-css=\"tve-u-17299dac967\"><div class=\"thrv_wrapper thrv_icon tcb-icon-display\" data-css=\"tve-u-17299e991f6\" style=\"\"><svg class=\"tcb-icon\" viewBox=\"0 0 576 512\" data-id=\"icon-hand-holding-usd-light\" data-name=\"\">\n<path d=\"M256.7 135.7l56.4 16.1c8.8 2.5 14.9 10.6 14.9 19.7 0 11.3-9.2 20.5-20.5 20.5h-36.9c-8.2 0-16.1-2.6-22.6-7.3-3-2.2-7.2-1.5-9.8 1.2l-11.4 11.4c-3.5 3.5-2.9 9.2 1 12.2 12.3 9.4 27.2 14.5 42.9 14.5h1.4v24c0 4.4 3.6 8 8 8h16c4.4 0 8-3.6 8-8v-24h1.4c22.8 0 44.3-13.6 51.7-35.2 10.1-29.6-7.3-59.8-35.1-67.8L263 104.1c-8.8-2.5-14.9-10.6-14.9-19.7 0-11.3 9.2-20.5 20.5-20.5h36.9c8.2 0 16.1 2.6 22.6 7.3 3 2.2 7.2 1.5 9.8-1.2l11.4-11.4c3.5-3.5 2.9-9.2-1-12.2C336 37.1 321.1 32 305.4 32H304V8c0-4.4-3.6-8-8-8h-16c-4.4 0-8 3.6-8 8v24h-3.5c-30.6 0-55.1 26.3-52.2 57.5 2 22.1 19 40.1 40.4 46.2zm301.6 197.9c-19.7-17.7-49.4-17.6-69.9-1.2l-61.6 49.3c-1.9 1.5-4.2 2.3-6.7 2.3h-41.6c4.6-9.6 6.5-20.7 4.8-32.3-4-27.9-29.6-47.7-57.8-47.7H181.3c-20.8 0-41 6.7-57.6 19.2L85.3 352H8c-4.4 0-8 3.6-8 8v16c0 4.4 3.6 8 8 8h88l46.9-35.2c11.1-8.3 24.6-12.8 38.4-12.8H328c13.3 0 24 10.7 24 24s-10.7 24-24 24h-88c-8.8 0-16 7.2-16 16s7.2 16 16 16h180.2c9.7 0 19.1-3.3 26.7-9.3l61.6-49.2c7.7-6.1 20-7.6 28.4 0 10.1 9.1 9.3 24.5-.9 32.6l-100.8 80.7c-7.6 6.1-17 9.3-26.7 9.3H8c-4.4 0-8 3.6-8 8v16c0 4.4 3.6 8 8 8h400.5c17 0 33.4-5.8 46.6-16.4L556 415c12.2-9.8 19.5-24.4 20-40s-6-30.8-17.7-41.4z\"><\/path>\n<\/svg><\/div><\/div><\/div><\/div><div class=\"tcb-flex-col c-66\" data-css=\"tve-u-17299dac956\" style=\"\"><div class=\"tcb-col\" style=\"\"><div class=\"thrv_wrapper thrv_text_element\"><p data-css=\"tve-u-17299ea959f\">30-day money- back<\/p><\/div><div class=\"thrv_wrapper thrv_text_element\"><p data-css=\"tve-u-17299dac951\">More Here<\/p><\/div><\/div><\/div><\/div><\/div><\/div>\n<\/div><div class=\"thrv_wrapper thrv_contentbox_shortcode thrv-content-box tve-elem-default-pad\" data-css=\"tve-u-1725bac5eae\" style=\"\" data-class=\"\">\n<div class=\"tve-content-box-background\" data-css=\"tve-u-1725ba1e54e\" style=\"\"><\/div>\n<div class=\"tve-cb\" style=\"\" data-css=\"tve-u-1725ba26717\"><div class=\"thrv_wrapper thrv_text_element\" style=\"\" data-css=\"tve-u-17299ca265f\"><p data-css=\"tve-u-17299d3b4c7\">-20%<\/p><\/div><div class=\"thrv_wrapper thrv_text_element\" style=\"\" data-css=\"tve-u-17299451e08\"><p data-css=\"tve-u-17299cd57a8\" style=\"\">All Summer Collection<\/p><\/div><div class=\"thrv_wrapper thrv-button thrv-button-v2 tcb-local-vars-root tve_ea_thrive_animation tve_anim_bob\" data-button-style=\"btn-tpl-58341\" data-css=\"tve-u-17299d28974\" style=\"\"><div class=\"thrive-colors-palette-config\" style=\"display: none !important\">__CONFIG_colors_palette__{\"active_palette\":0,\"config\":{\"colors\":{\"1d30b\":{\"name\":\"Main Accent\",\"parent\":-1},\"3d2c0\":{\"name\":\"Main Accent Low Opacity\",\"parent\":\"1d30b\",\"lock\":{\"saturation\":1,\"lightness\":1}}},\"gradients\":[]},\"palettes\":[{\"name\":\"Default Palette\",\"value\":{\"colors\":{\"1d30b\":{\"val\":\"var(--tcb-skin-color-0)\"},\"3d2c0\":{\"val\":\"rgba(20, 115, 210, 0.2)\",\"hsl_parent_dependency\":{\"h\":210,\"l\":0.45,\"s\":0.83}}},\"gradients\":[]},\"original\":{\"colors\":{\"1d30b\":{\"val\":\"rgb(19, 114, 211)\",\"hsl\":{\"h\":210,\"s\":0.83,\"l\":0.45}},\"3d2c0\":{\"val\":\"rgba(19, 114, 211, 0.2)\",\"hsl_parent_dependency\":{\"h\":210,\"s\":0.83,\"l\":0.45}}},\"gradients\":[]}}]}__CONFIG_colors_palette__<\/div>\n<a href=\"#\" class=\"tcb-button-link tve_evt_manager_listen tve_et_mouseover\" data-tcb-events=\"__TCB_EVENT_[{&quot;t&quot;:&quot;mouseover&quot;,&quot;config&quot;:{&quot;anim&quot;:&quot;bob&quot;,&quot;loop&quot;:1},&quot;a&quot;:&quot;thrive_animation&quot;}]_TNEVE_BCT__\">\n<span class=\"tcb-button-texts\" style=\"\"><span class=\"tcb-button-text thrv-inline-text\" style=\"\">Buy Now<\/span><span class=\"tcb-secondary-text thrv-inline-text tve-froala fr-box\" style=\"\"><\/span><\/span>\n<\/a>\n<\/div><\/div>\n<\/div><div class=\"thrv_wrapper thrv_widget thrv_woocommerce_products\"><div class=\"widget-config\" style=\"display: none;\">__CONFIG_thrive_widget__{\"title\":\"On Sale Now\",\"number\":\"4\",\"show\":\"onsale\",\"orderby\":\"date\",\"order\":\"desc\",\"hide_free\":\"0\",\"show_hidden\":\"0\",\"type\":\"widget_woocommerce_products\",\"tve_shortcode_rendered\":0}__CONFIG_thrive_widget__<\/div><\/div><div class=\"thrv_wrapper thrv_widget thrv_woocommerce_recently_viewed_products\"><div class=\"widget-config\" style=\"display: none;\">__CONFIG_thrive_widget__{\"title\":\"Recently Viewed Products\",\"number\":\"10\",\"type\":\"widget_woocommerce_recently_viewed_products\",\"tve_shortcode_rendered\":0}__CONFIG_thrive_widget__<\/div>\n<\/div><div class=\"thrv_wrapper thrv_widget thrv_woocommerce_widget_cart\"><div class=\"widget-config\" style=\"display: none;\">__CONFIG_thrive_widget__{\"title\":\"Cart\",\"hide_if_empty\":\"0\",\"type\":\"widget_woocommerce_widget_cart\",\"tve_shortcode_rendered\":0}__CONFIG_thrive_widget__<\/div>\n\n\n<\/div>\n","decoration":[],"comments":[],"attr":{"class":""},"hide":1},"content":{"id":0,"content":"[thrive_checkout_template]","decoration":[],"comments":[],"attr":{"class":""},"hide":0},"bottom":{"id":0,"content":"<div class=\"thrv_wrapper thrv-columns\" data-css=\"tve-u-172f0121a57\" style=\"\"><div class=\"tcb-flex-row v-2 m-edit tcb-mobile-wrap tcb-medium-wrap tcb--cols--2\" data-css=\"tve-u-172f0121a55\" style=\"\"><div class=\"tcb-flex-col\" data-css=\"tve-u-172f02823f6\" style=\"\"><div class=\"tcb-col\" style=\"\"><div class=\"thrv_wrapper thrv_contentbox_shortcode thrv-content-box tve-elem-default-pad\" data-css=\"tve-u-172f04d338e\" style=\"\">\n<div class=\"tve-content-box-background\" style=\"\" data-css=\"tve-u-172f0862baf\"><\/div>\n<div class=\"tve-cb\"><div class=\"thrv_wrapper thrv-columns\" data-css=\"tve-u-172f044b119\" style=\"\"><div class=\"tcb-flex-row v-2 tcb--cols--2 tcb-resized tcb-mobile-no-wrap m-edit\" data-css=\"tve-u-172f04e38b8\" style=\"\"><div class=\"tcb-flex-col c-33\" data-css=\"tve-u-172f0448dd6\" style=\"\"><div class=\"tcb-col\" style=\"\"><div class=\"tcb-clear\" data-css=\"tve-u-172f0502711\"><div class=\"thrv_wrapper thrv_icon tcb-icon-display\" data-css=\"tve-u-172f04bd161\" style=\"\"><svg class=\"tcb-icon\" viewBox=\"0 0 448 512\" data-id=\"icon-lock-alt-light\" data-name=\"\">\n<path d=\"M224 420c-11 0-20-9-20-20v-64c0-11 9-20 20-20s20 9 20 20v64c0 11-9 20-20 20zm224-148v192c0 26.5-21.5 48-48 48H48c-26.5 0-48-21.5-48-48V272c0-26.5 21.5-48 48-48h16v-64C64 71.6 136-.3 224.5 0 312.9.3 384 73.1 384 161.5V224h16c26.5 0 48 21.5 48 48zM96 224h256v-64c0-70.6-57.4-128-128-128S96 89.4 96 160v64zm320 240V272c0-8.8-7.2-16-16-16H48c-8.8 0-16 7.2-16 16v192c0 8.8 7.2 16 16 16h352c8.8 0 16-7.2 16-16z\"><\/path>\n<\/svg><\/div><\/div><\/div><\/div><div class=\"tcb-flex-col c-66\" data-css=\"tve-u-172f0448e00\" style=\"\"><div class=\"tcb-col\" style=\"\"><div class=\"thrv_wrapper thrv_text_element\" data-css=\"tve-u-172f03e133e\" style=\"\"><p class=\"tcb-global-text-\" data-css=\"tve-u-172f04c38b5\" style=\"\">100%<span style=\"\" data-css=\"tve-u-172f086aacf\"> <\/span>secure checkout<\/p><\/div><\/div><\/div><\/div><\/div><\/div>\n<\/div><\/div><\/div><div class=\"tcb-flex-col\" style=\"\" data-css=\"tve-u-172f051dfbb\"><div class=\"tcb-col\" style=\"\"><div class=\"thrv_wrapper thrv_text_element\" data-css=\"tve-u-172f08908ae\" style=\"\"><p class=\"tcb-global-text-\" data-css=\"tve-u-172f08954b8\" style=\"\">We strive to make your shopping experience safe, secure &amp; enjoyable<\/p><\/div><div class=\"thrv_wrapper thrv_text_element\" data-css=\"tve-u-172f08b1f6c\" style=\"\"><p class=\"tcb-global-text-\" data-css=\"tve-u-172f03e596c\" style=\"\">pay safely with:<\/p><\/div><div class=\"thrv_wrapper thrv-credit\" data-style=\"style4\" data-cards=\"visa,masterCard,americanExpress,payPal,googlePay,applePay,bitcoin\" data-css=\"tve-u-172f08aedd4\" style=\"\"><svg viewBox=\"0 0 72 52\" class=\"tcb-visa-card\"><g><polygon class=\"visa-style-4-st0\" points=\"52.3,28.1 55.5,28.1 54.3,22.7\" style=\"\"><\/polygon><path class=\"visa-style-4-st0\" d=\"M64.4,1H7.6C4,1,1,4,1,7.6v36.7C1,48,4,51,7.6,51h56.7c3.7,0,6.6-3,6.6-6.6V7.6C71,4,68,1,64.4,1z M20.4,33.3L17,20.6c0,0-0.1,0-0.1,0c-0.2-0.1-0.5-0.3-0.7-0.4c0,0,0,0-0.1,0c-0.2-0.1-0.5-0.2-0.7-0.3c0,0-0.1,0-0.1,0c-0.4-0.2-0.8-0.4-1.2-0.5c0,0,0,0-0.1,0c-0.2-0.1-0.3-0.1-0.5-0.2c0,0,0,0,0,0c-0.1,0-0.3-0.1-0.3-0.1c0,0,0,0,0,0c-0.1,0-0.2,0-0.2-0.1c0,0,0,0,0,0c0,0-0.1,0-0.1,0l0.1-0.2h3h3c1.7,0,1.8,1.3,1.8,1.3l1.3,6.5v0l0.4,2.2l3.7-10h4.1l-6.1,14.5H20.4z M29.6,33.3L32,18.7h3.8l-2.4,14.5H29.6z M40.1,33.5c-2.6,0-4.3-0.8-4.3-0.8l0.6-3.3c1.6,1.2,6.3,1.6,6.3-0.4c0-2-5.3-2-5.3-5.8c0-4,4.5-4.8,6.4-4.8c1.8,0,3.5,0.6,3.5,0.6l-0.5,3.1c-1.6-0.9-5.4-1.1-5.4,0.5c0,1.6,5.4,2,5.4,5.8C46.7,32.2,42.7,33.5,40.1,33.5z M56.5,33.3l-0.4-2.2h-4.9l-0.8,2.2h-4l5.7-13.5c0,0,0.3-1.1,1.8-1.1H57l3.1,14.5H56.5z\" style=\"\"><\/path><\/g><\/svg><svg viewBox=\"0 0 72 52\" class=\"tcb-masterCard-card\"><g><g><path class=\"masterCard-style-4-st0\" d=\"M39.2,18.6C39.2,18.6,39.2,18.6,39.2,18.6C39.2,18.6,39.2,18.6,39.2,18.6L39.2,18.6z\" style=\"\"><\/path><path class=\"masterCard-style-4-st0\" d=\"M40,31.9C40,31.9,40,31.9,40,31.9L40,31.9C40,31.9,40,31.9,40,31.9z\" style=\"\"><\/path><path class=\"masterCard-style-4-st0\" d=\"M39.2,33.4C39.2,33.4,39.2,33.4,39.2,33.4C39.2,33.4,39.2,33.4,39.2,33.4L39.2,33.4z\" style=\"\"><\/path><path class=\"masterCard-style-4-st0\" d=\"M64.4,1H7.6C4,1,1,4,1,7.6v36.7C1,48,4,51,7.6,51h56.7c3.7,0,6.6-3,6.6-6.6V7.6C71,4,68,1,64.4,1z M46.1,39.9c-3.6,0-6.9-1.4-9.4-3.6c0,0,0,0,0.1-0.1c-2.5,2.3-5.8,3.7-9.4,3.7c-7.7,0-14-6.2-14-13.9c0-7.7,6.2-13.9,14-13.9c3.6,0,6.9,1.4,9.3,3.6c0,0,0,0,0,0c2.5-2.2,5.8-3.6,9.4-3.6c7.7,0,14,6.2,14,13.9C60.1,33.7,53.8,39.9,46.1,39.9z\" style=\"\"><\/path><path class=\"masterCard-style-4-st0\" d=\"M40,20.1C40,20.1,40,20.1,40,20.1C40,20.1,40,20.1,40,20.1L40,20.1z\" style=\"\"><\/path><\/g><path class=\"masterCard-style-4-st0\" d=\"M57.7,29.7h-1.4l0.1-0.5c-0.4,0.4-0.8,0.6-1.4,0.6c-1.1,0-1.8-0.9-1.8-2.4c0-1.9,1.1-3.5,2.5-3.5c0.6,0,1,0.2,1.4,0.8l0.3-2h1.5L57.7,29.7L57.7,29.7z M55.5,28.4c0.7,0,1.2-0.8,1.2-1.9c0-0.7-0.3-1.1-0.8-1.1c-0.7,0-1.2,0.8-1.2,1.9C54.7,28,55,28.4,55.5,28.4L55.5,28.4z\" style=\"\"><\/path><path class=\"masterCard-style-4-st0\" d=\"M50.9,23.8c-0.2,1.8-0.5,3.6-0.8,5.4L50,29.5h1.5c0.5-3.5,0.7-4.2,1.5-4.1c0.1-0.7,0.4-1.4,0.6-1.7c-0.6-0.1-1,0.2-1.5,0.9c0-0.3,0.1-0.6,0.1-0.9H50.9\" style=\"\"><\/path><path class=\"masterCard-style-4-st0\" d=\"M48.5,27.1c-0.2,0-0.2,0-0.3,0c-0.9,0-1.3,0.3-1.3,0.9c0,0.4,0.2,0.6,0.5,0.6C48,28.5,48.5,27.9,48.5,27.1L48.5,27.1z M49.6,29.6h-1.3l0-0.6c-0.4,0.5-0.9,0.7-1.6,0.7c-0.8,0-1.4-0.6-1.4-1.6c0-1.4,1-2.2,2.7-2.2c0.2,0,0.4,0,0.6,0c0-0.2,0.1-0.3,0.1-0.4c0-0.4-0.3-0.5-1-0.5c-0.7,0-1.4,0.2-1.6,0.3c0-0.1,0.2-1.3,0.2-1.3c0.8-0.2,1.3-0.3,1.8-0.3c1.3,0,2,0.6,2,1.7c0,0.3,0,0.7-0.1,1.1C49.9,27.4,49.7,29.2,49.6,29.6L49.6,29.6z\" style=\"\"><\/path><path class=\"masterCard-style-4-st0\" d=\"M46.1,22.8l-0.2,1.5c-0.5-0.3-0.9-0.4-1.4-0.4c-1.1,0-1.9,1.1-1.9,2.6c0,1.1,0.5,1.7,1.4,1.7c0.4,0,0.8-0.1,1.3-0.4L45,29.6c-0.6,0.2-0.9,0.2-1.3,0.2c-1.6,0-2.6-1.2-2.6-3.1c0-2.5,1.4-4.3,3.4-4.3C45.1,22.4,45.9,22.7,46.1,22.8\" style=\"\"><\/path><path class=\"masterCard-style-4-st0\" d=\"M38.6,23.8c-0.2,1.8-0.5,3.6-0.8,5.4l-0.1,0.4h1.5c0.5-3.5,0.7-4.2,1.5-4.1c0.1-0.7,0.4-1.4,0.6-1.7c-0.6-0.1-1,0.2-1.5,0.9c0-0.3,0.1-0.6,0.1-0.9H38.6\" style=\"\"><\/path><path class=\"masterCard-style-4-st0\" d=\"M37.2,29.5c-0.5,0.2-1,0.2-1.5,0.2c-1.7,0-2.6-0.9-2.6-2.6c0-2,1.1-3.4,2.6-3.4c1.2,0,2,0.8,2,2.1c0,0.4-0.1,0.8-0.2,1.4h-3c-0.1,0.8,0.4,1.2,1.3,1.2c0.5,0,1-0.1,1.6-0.4L37.2,29.5L37.2,29.5z M36.3,26.1c0-0.1,0.2-1-0.7-1c-0.5,0-0.8,0.4-1,1H36.3L36.3,26.1z\" style=\"\"><\/path><path class=\"masterCard-style-4-st0\" d=\"M32.5,29.6c-0.4,0.1-0.7,0.2-1.1,0.2c-0.8,0-1.2-0.4-1.2-1.3c0-0.3,0.1-0.9,0.2-1.5c0.1-0.5,0.7-3.9,0.7-3.9h1.5l-0.2,0.9h0.8L33,25.3h-0.8c-0.2,1.1-0.4,2.5-0.4,2.6c0,0.3,0.2,0.4,0.5,0.4c0.2,0,0.3,0,0.4-0.1L32.5,29.6\" style=\"\"><\/path><path class=\"masterCard-style-4-st0\" d=\"M26.6,25.7c0,0.7,0.4,1.2,1.2,1.6c0.6,0.3,0.7,0.4,0.7,0.6c0,0.4-0.3,0.5-0.9,0.5c-0.5,0-0.9-0.1-1.4-0.2c0,0-0.2,1.3-0.2,1.3c0.3,0.1,0.7,0.1,1.6,0.2c1.6,0,2.3-0.6,2.3-1.9c0-0.8-0.3-1.3-1.1-1.6c-0.6-0.3-0.7-0.4-0.7-0.6c0-0.3,0.3-0.5,0.7-0.5c0.3,0,0.7,0,1.1,0.1l0.2-1.3c-0.4-0.1-1-0.1-1.3-0.1C27.2,23.7,26.6,24.6,26.6,25.7\" style=\"\"><\/path><path class=\"masterCard-style-4-st0\" d=\"M24.7,27.1c-0.2,0-0.2,0-0.3,0c-0.9,0-1.3,0.3-1.3,0.9c0,0.4,0.2,0.6,0.5,0.6C24.2,28.5,24.7,27.9,24.7,27.1L24.7,27.1z M25.8,29.6h-1.3l0-0.6c-0.4,0.5-0.9,0.7-1.6,0.7c-0.8,0-1.4-0.6-1.4-1.6c0-1.4,1-2.2,2.7-2.2c0.2,0,0.4,0,0.6,0c0-0.2,0.1-0.3,0.1-0.4c0-0.4-0.3-0.5-1-0.5c-0.7,0-1.4,0.2-1.6,0.3c0-0.1,0.2-1.3,0.2-1.3c0.8-0.2,1.3-0.3,1.8-0.3c1.3,0,2,0.6,2,1.7c0,0.3,0,0.7-0.1,1.1C26.1,27.4,25.8,29.2,25.8,29.6L25.8,29.6z\" style=\"\"><\/path><polyline class=\"masterCard-style-4-st0\" points=\"20.8,29.7 19.3,29.7 20.2,24.3 18.3,29.7 17.2,29.7 17.1,24.3 16.2,29.7 14.8,29.7 16,22.6 18.1,22.6 18.2,27 19.7,22.6 22,22.6 20.8,29.7\" style=\"\"><\/polyline><\/g><\/svg><svg viewBox=\"0 0 72 52\" class=\"tcb-americanExpress-card\"><g><path class=\"americanExpress-style-4-st0\" d=\"M37.5,28.2c-0.1,0-0.2,0-0.2,0h-4.2v0h-1.3l-2,2.1l-2-2.1h-0.9h-5.4V35h5.4h1l1.8-2l1.8,2h1.5h1.7v-2.2h1.7c2.2,0,3-0.6,3-2.6C39.5,28.4,38,28.2,37.5,28.2z M26.9,33.5h-3.6v-1.1h3.5v-1.5h-3.5v-1h3.6l1.7,1.8L26.9,33.5z M33.1,34L31,31.7l2.1-2.3V34z M36.6,31.1h-1.8v-1.3h1.8c0.5,0,0.9,0.3,0.9,0.6C37.5,30.8,37.1,31.1,36.6,31.1z\" style=\"\"><\/path><path class=\"americanExpress-style-4-st0\" d=\"M45.6,22.1c0,0.1,0,0.3,0,0.4c0,0.7,0.2,0.7,0.3,0.7c0,0,0,0,0,0l0.7-1.6l-0.7,0C45.9,21.6,45.7,21.6,45.6,22.1z\" style=\"\"><\/path><rect x=\"40.5\" y=\"19.1\" class=\"americanExpress-style-4-st0\" width=\"1.7\" height=\"6.7\" style=\"\"><\/rect><polygon class=\"americanExpress-style-4-st0\" points=\"32.5,24.3 28.9,24.3 28.9,23.2 32.4,23.2 32.4,21.7 28.9,21.7 28.9,20.6 32.5,20.6 32.5,19.1 27.1,19.1 27.1,25.8 32.5,25.8 \t\" style=\"\"><\/polygon><path class=\"americanExpress-style-4-st0\" d=\"M45.1,25.8H46h0.3h1.6l0.6-1.4h3.2l0.6,1.4h1.6h0.3h1.5v-4.5l2.7,4.5h2.4v-6.7H59v4.4l-2.7-4.4h-2.4v6.1l-2.6-6.1h-2.4l-2.1,5c0,0-0.3,0.1-0.7,0.1c-0.6,0-1.3-0.3-1.3-1.7c0-0.1,0-0.3,0-0.5c0.1-1.5,1.3-1.5,1.3-1.5l1.7,0v-1.5L45.5,19c-0.1,0-2.7-0.1-2.7,3.6C42.8,25.4,45.1,25.8,45.1,25.8z M50,20.6l0.8,2h-1.7L50,20.6z\" style=\"\"><\/path><path class=\"americanExpress-style-4-st0\" d=\"M56.5,30.8c-0.1,0-0.2,0-0.2,0s-0.1,0-0.2,0c-0.3,0-1.1,0-1.1-0.5c0-0.4,0.4-0.5,0.7-0.5c0.2,0,0.3,0,0.3,0h2.7v-1.6h-3.3c0,0,0,0-0.1,0c-0.4,0-2.1,0.1-2.1,2.1c0,1.9,1.7,2,2.2,2c0.1,0,0.2,0,0.2,0s0,0,0.1,0c0.3,0,1.4,0,1.4,0.6c0,0.5-0.5,0.5-0.8,0.5c-0.1,0-0.2,0-0.2,0h-2.7V35h3.1c0,0,0.1,0,0.2,0c0.6,0,2.3-0.2,2.3-2.4C58.9,30.9,57,30.8,56.5,30.8z\" style=\"\"><\/path><path class=\"americanExpress-style-4-st0\" d=\"M62.5,30.8c-0.1,0-0.2,0-0.2,0s-0.1,0-0.2,0c-0.3,0-1.1,0-1.1-0.5c0-0.4,0.4-0.5,0.7-0.5c0.2,0,0.3,0,0.3,0h2.7v-1.6h-3.3c0,0,0,0-0.1,0c-0.4,0-2.1,0.1-2.1,2.1c0,1.9,1.7,2,2.2,2c0.1,0,0.2,0,0.2,0s0,0,0.1,0c0.3,0,1.4,0,1.4,0.6c0,0.5-0.5,0.5-0.8,0.5c-0.1,0-0.2,0-0.2,0h-2.7V35h3.1c0,0,0.1,0,0.2,0c0.6,0,2.3-0.2,2.3-2.4C65,30.9,63.1,30.8,62.5,30.8z\" style=\"\"><\/path><path class=\"americanExpress-style-4-st0\" d=\"M46.4,30.2c0-1.8-1.4-2-2-2c-0.1,0-0.2,0-0.2,0h-4.2V35h1.7v-2.3h1.7c1.1,0,1.2,1,1.2,1V35h1.7v-1.7c0-1.1-0.8-1.5-0.8-1.5S46.4,31.4,46.4,30.2z M43.6,31.1h-1.8v-1.3h1.8c0.5,0,0.9,0.3,0.9,0.6S44.1,31.1,43.6,31.1z\" style=\"\"><\/path><path class=\"americanExpress-style-4-st0\" d=\"M64.4,1H7.6C4,1,1,4,1,7.6v36.7C1,48,4,51,7.6,51h56.7c3.7,0,6.6-3,6.6-6.6V7.6C71,4,68,1,64.4,1z M19.9,26.2l-0.3-0.6v0.1v1h-1h-1.5h-0.2h-1.7h-0.7l-0.3-0.6L14,25.4h-1.8l-0.3,0.8l-0.3,0.6h-0.7H9H7.5l0.6-1.4l2.9-6.7l0.3-0.6h0.7h2.4H15l0.3,0.6l0.7,1.7v-1.3v-1h1h2.7h0.6l0.3,0.6l1,2.2l1-2.2l0.3-0.6h0.6h2.7h1v0h5.2v0h1h4.1c0.1,0,0.1,0,0.3,0c0.6,0,1.2,0.1,1.7,0.4v-0.4h1h1.7h1v0.8c0.6-0.5,1.4-0.8,2.2-0.9l0,0l0.1,0l2.1,0.1l0.5,0l0,0h0.7h2.4h0.7l0.3,0.6l0.7,1.6v-1.2v-1h1h2.4h0.6l0.3,0.5l0.9,1.4v-0.9v-1h1h1.7h1v1v6.7v1h-1h-2.4h-0.6l-0.3-0.5l-0.9-1.5v0.9v1h-1h-1.5h-0.3h-1.6h-0.7l-0.3-0.6l-0.3-0.8h-1.8l-0.3,0.8l-0.3,0.6h-0.7h-1.6H46h-0.8h-0.1l-0.1,0c-0.5-0.1-1.2-0.3-1.8-0.8v0.9h-1h-1.7h-1v0H38h-1v-1v-1.2c0,0,0-0.1,0-0.1c0,0,0,0-0.1,0h-0.7v1.3v1h-1h-1.7h-1v0h-5.2v0h-1h-1.7h-1v-1v-0.1l-0.3,0.6l-0.3,0.6h-0.6h-1.4h-0.6L19.9,26.2z M62.7,36c-0.1,0-0.2,0-0.3,0h-3h-1v-0.5c-0.6,0.3-1.2,0.5-1.8,0.5c-0.1,0-0.2,0-0.3,0h-2.8v0h-1h-5.2v0h-1h-1.7h-1v-1v-1.2c0,0,0-0.1,0-0.1c0,0,0,0-0.1,0h-0.7V35v1h-1h-1.7h-1v-1v-1.7c-0.6,0.3-1.5,0.5-2.6,0.5h-0.7V35v1h-1h-1.7h-1.5h-0.4l-0.3-0.3l-1.1-1.2l-1.1,1.2L28.4,36h-0.4h-1h-5.4h-1v-1v-6.7v-1h1h5.4h0.9h0.4l0.3,0.3l1.3,1.4l1.3-1.3l0.3-0.3h0.4h0.3v0h1h4.1c0.1,0,0.1,0,0.2,0c0.5,0,1.1,0.1,1.6,0.4v-0.4h1h4.1c0.1,0,0.1,0,0.3,0c0.6,0,1.2,0.1,1.7,0.4v-0.4h1h5.4h1v0.4c0.5-0.3,1.1-0.4,1.7-0.4c0,0,0.1,0,0.1,0h3.3h1v0.4c0.5-0.3,1.1-0.4,1.7-0.4c0,0,0.1,0,0.1,0h3.3h1v1v1.6v1h-0.3c0.4,0.5,0.6,1.1,0.6,1.8C66,35.1,64.2,36,62.7,36z\" style=\"\"><\/path><path class=\"americanExpress-style-4-st0\" d=\"M35.1,23.4h1.7c1.1,0,1.2,1,1.2,1v1.3h1.7v-1.7c0-1.1-0.8-1.5-0.8-1.5s1-0.4,1-1.6c0-1.8-1.4-2-2-2c-0.1,0-0.2,0-0.2,0h-4.2v6.7h1.7V23.4z M35.1,20.6h1.8c0.5,0,0.9,0.3,0.9,0.6c0,0.4-0.4,0.6-0.9,0.6h-1.8V20.6z\" style=\"\"><\/path><path class=\"americanExpress-style-4-st0\" d=\"M22.2,25.8l2.2-4.6v4.6h1.7v-6.7h-2.7l-1.9,4.2l-1.9-4.2h-2.7v6.2l-2.6-6.2h-2.4L9,25.8h1.9l0.6-1.4h3.2l0.6,1.4h1.7h0.2h1.5v-4.6l2.2,4.6H22.2z M12.2,22.7l0.8-2l0.8,2H12.2z\" style=\"\"><\/path><polygon class=\"americanExpress-style-4-st0\" points=\"47.2,35 52.5,35 52.5,33.5 48.9,33.5 48.9,32.4 52.5,32.4 52.5,30.9 48.9,30.9 48.9,29.8 52.5,29.8 52.5,28.3 47.2,28.3 \t\" style=\"\"><\/polygon><\/g><\/svg><svg viewBox=\"0 0 72 52\" class=\"tcb-payPal-card\"><g><path class=\"payPal-style-4-st0\" d=\"M54.8,24.6c-1.2,0-2.1,0.8-2.3,2c-0.1,0.6,0,1.1,0.3,1.4c0.3,0.4,0.8,0.6,1.4,0.6c1.2,0,2.1-0.8,2.3-2c0.1-0.6,0-1.1-0.4-1.5C55.9,24.8,55.4,24.6,54.8,24.6z\" style=\"\"><\/path><g><path class=\"payPal-style-4-st0\" d=\"M44.9,21h-0.3c-0.2,0-0.3,0.1-0.4,0.3l-0.5,2.9h0.7c1.1,0,2.3,0,2.6-1.5c0.1-0.5,0-0.9-0.2-1.2C46.4,21,45.7,21,44.9,21z\" style=\"\"><\/path><g><g><path class=\"payPal-style-4-st0\" d=\"M14.1,21h-0.3c-0.2,0-0.3,0.1-0.4,0.3L13,24.2h0.7c1.1,0,2.3,0,2.6-1.5c0.1-0.5,0-0.9-0.2-1.2C15.6,21,14.9,21,14.1,21z\" style=\"\"><\/path><path class=\"payPal-style-4-st0\" d=\"M64.4,1H7.6C4,1,1,4,1,7.6v36.7C1,48,4,51,7.6,51h56.7c3.7,0,6.6-3,6.6-6.6V7.6C71,4,68,1,64.4,1zM14.5,26.6h-1.4c-0.3,0-0.5,0.2-0.6,0.5l-0.5,3c0,0.3-0.3,0.5-0.6,0.5H9.4c-0.2,0-0.4-0.2-0.4-0.4l1.7-11c0-0.3,0.3-0.5,0.6-0.5h4.3c1.4,0,2.5,0.4,3.1,1.1c0.6,0.7,0.7,1.6,0.6,2.8C19,25.2,17.4,26.6,14.5,26.6z M27.9,30.1c0,0.3-0.3,0.5-0.6,0.5h-1.9c-0.2,0-0.4-0.2-0.4-0.4l0.1-0.6c0,0-1,1.2-2.9,1.2c-1.1,0-2-0.3-2.6-1c-0.7-0.8-1-2-0.8-3.2c0.4-2.4,2.3-4.1,4.6-4.1c1,0,2,0.2,2.4,0.9l0.1,0.2l0.1-0.6c0-0.2,0.2-0.3,0.4-0.3h2.1c0.2,0,0.4,0.2,0.4,0.4L27.9,30.1zM32.5,33.4h-2.1c-0.3,0-0.5-0.3-0.3-0.6l2.2-3L30,23.1c-0.1-0.2,0.1-0.5,0.3-0.5h2c0.3,0,0.5,0.2,0.6,0.4l1.2,4l2.9-4.2c0.1-0.2,0.3-0.3,0.5-0.3h2.1c0.3,0,0.5,0.3,0.3,0.6L33,33.1C32.9,33.3,32.7,33.4,32.5,33.4z M45.3,26.6H44c-0.3,0-0.5,0.2-0.6,0.5l-0.5,3.1c0,0.2-0.2,0.4-0.4,0.4h-2.2c-0.2,0-0.4-0.2-0.4-0.4l1.7-11c0-0.3,0.3-0.5,0.6-0.5h4.3c1.4,0,2.5,0.4,3.1,1.1c0.6,0.7,0.7,1.6,0.6,2.8C49.8,25.2,48.2,26.6,45.3,26.6z M58.7,30.1c0,0.3-0.3,0.5-0.6,0.5h-1.9c-0.2,0-0.4-0.2-0.4-0.4l0.1-0.6c0,0-1,1.2-2.9,1.2c-1.1,0-2-0.3-2.6-1c-0.7-0.8-1-2-0.8-3.2c0.4-2.4,2.3-4.1,4.6-4.1c1,0,2,0.2,2.4,0.9l0.1,0.2l0.1-0.6c0-0.2,0.2-0.3,0.4-0.3h2.1c0.2,0,0.4,0.2,0.4,0.4L58.7,30.1z M62.8,30.1c0,0.3-0.3,0.5-0.6,0.5h-1.8c-0.2,0-0.4-0.2-0.4-0.4l1.8-11.2c0-0.2,0.2-0.3,0.4-0.3h2c0.2,0,0.4,0.2,0.4,0.4L62.8,30.1z\" style=\"\"><\/path><\/g><path class=\"payPal-style-4-st0\" d=\"M24,24.6c-1.2,0-2.1,0.8-2.3,2c-0.1,0.6,0,1.1,0.3,1.4c0.3,0.4,0.8,0.6,1.4,0.6c1.2,0,2.1-0.8,2.3-2c0.1-0.6,0-1.1-0.4-1.5C25.1,24.8,24.6,24.6,24,24.6z\" style=\"\"><\/path><\/g><\/g><\/g><\/svg><svg viewBox=\"0 0 72 52\" class=\"tcb-googlePay-card\"><g><path class=\"googlePay-style-4-st0\" d=\"M45.7,27.4c-0.6,0.4-0.8,0.9-0.8,1.5c0,0.5,0.2,1,0.7,1.3c0.4,0.4,1,0.5,1.6,0.5c0.9,0,1.7-0.3,2.3-0.9\t\tc0.7-0.6,1-1.4,1-2.2c-0.6-0.5-1.5-0.8-2.6-0.8C46.9,26.8,46.2,27,45.7,27.4z\" style=\"\"><\/path><path class=\"googlePay-style-4-st0\" d=\"M39.9,19.1c-0.5-0.6-1.3-0.9-2-0.8h-3.4v0v5.5h3.4c0.8,0,1.5-0.3,2-0.8C41,22,41,20.2,39.9,19.1\t\tC40,19.2,39.9,19.1,39.9,19.1z\" style=\"\"><\/path><path class=\"googlePay-style-4-st0\" d=\"M64.4,1H7.6C4,1,1,4,1,7.6v36.7C1,48,4,51,7.6,51h56.7c3.7,0,6.6-3,6.6-6.6V7.6C71,4,68,1,64.4,1z M23.6,31.1\t\tL23.6,31.1L23.6,31.1c-1.5,1.4-3.6,2.2-6,2.2c-3.4,0-6.6-1.9-8.1-5c-1.3-2.6-1.3-5.6,0-8.2c1.5-3.1,4.7-5,8.1-5\tc2.3,0,4.4,0.8,6.1,2.4L21.1,20c-0.9-0.9-2.2-1.4-3.5-1.4c-2.4,0-4.4,1.6-5.1,3.7c-0.4,1.1-0.4,2.3,0,3.5c0.7,2.2,2.7,3.7,5.1,3.7\t\tc1.2,0,2.3-0.3,3.1-0.9v0c1-0.6,1.6-1.6,1.8-2.8h-4.9v-3.5h8.6c0.1,0.6,0.2,1.2,0.2,1.8C26.3,27.1,25.3,29.5,23.6,31.1z M37.9,25.7\t\th-3.4v0v6.4h-2V16.3h5.4c1.3,0,2.6,0.5,3.5,1.4c0.9,0.8,1.5,2.1,1.5,3.3c0,1.3-0.5,2.5-1.5,3.4C40.4,25.3,39.3,25.7,37.9,25.7z\t\t M52.3,32.2h-1.9v-1.5h-0.1c-0.8,1.2-2,1.9-3.4,1.9c-1.2,0-2.2-0.4-3-1.1c-0.8-0.7-1.2-1.6-1.2-2.6c0-1.1,0.4-2,1.3-2.7s2-1,3.4-1\t\tc1.2,0,2.2,0.2,3,0.7v-0.5c0-0.7-0.3-1.4-0.8-1.8c-0.5-0.5-1.2-0.7-2-0.7c-1.1,0-2,0.5-2.7,1.4l-1.8-1.1c1-1.4,2.4-2.1,4.4-2.1\t\tc1.5,0,2.7,0.4,3.6,1.2c0.9,0.8,1.3,1.9,1.3,3.3V32.2z M56.7,36.9h-2.1l2.5-5.5l-4.5-10.1h2.2l3.2,7.8h0l3.1-7.8h2.2L56.7,36.9z\" style=\"\"><\/path><\/g><\/svg><svg viewBox=\"0 0 72 52\" class=\"tcb-applePay-card\"><g><path class=\"applePay-style-4-st0\" d=\"M32.8,17.2h-3l-0.1,6.6h3c2.3,0,3.6-1.2,3.6-3.3S35,17.2,32.8,17.2z\" style=\"\"><\/path><path class=\"applePay-style-4-st0\" d=\"M42,28.3c0,1.1,0.9,1.7,2.3,1.7c1.8-0.2,3.1-1.3,3.1-2.8v-0.9l-2.9,0.2C42.9,26.6,42,27.2,42,28.3z\" style=\"\"><\/path><path class=\"applePay-style-4-st0\" d=\"M63.4,0H6.6C3,0,0,3,0,6.6v36.7C0,47,3,50,6.6,50h56.7c3.7,0,6.6-3,6.6-6.6V6.6C70,3,67,0,63.4,0z M15.7,15.1\t\tc0.7-0.8,1.7-1.3,2.7-1.4c0.1,1-0.2,2.1-0.9,2.9c-0.6,0.8-1.6,1.3-2.8,1.3C14.7,16.9,15,15.9,15.7,15.1z M21,29.6\t\tc-0.8,1.1-1.6,2.2-2.8,2.2s-1.6-0.7-3-0.7c-1.4,0-1.8,0.7-3,0.7s-2.1-1.2-2.9-2.3c-1.5-2.2-2.7-6.3-1.1-9.1C9,19,10.4,18.1,12,18.1\t\tc1.2,0,2.3,0.8,3,0.8s2-0.9,3.5-0.8c1.3,0,2.5,0.7,3.4,1.7c-1.2,0.8-2,2.1-2,3.5c0,1.6,0.9,3.1,2.4,3.7C22,27.9,21.5,28.8,21,29.6z\t\t M33.3,26h-3.6v5.7h-2.6V15h6.3c3.3,0,5.5,2.2,5.5,5.5S36.6,26,33.3,26z M49.9,31.6h-2.4v-2h-0.1c-0.8,1.4-2.3,2.2-3.8,2.1\t\tc-2.4,0.1-4.1-1.3-4.1-3.5c0-2.1,1.6-3.4,4.7-3.6l3.2-0.2v-0.9c0-1.3-0.9-2.1-2.5-2.1c-1.3,0-2.3,0.7-2.5,1.7h-2.3\t\tc0.1-2.2,2.1-3.8,4.9-3.8c3,0,4.9,1.6,4.9,4V31.6z M57.9,32.4c-1,2.9-2.2,3.9-4.8,3.9c-0.3,0-0.6-0.1-1-0.1v-2c0.3,0,0.5,0,0.8,0\t\tc1.1,0,1.8-0.5,2.2-1.7l0.2-0.7l-4.4-12.2h2.7l3.1,9.9h0.1l3.1-9.9h2.6L57.9,32.4z\" style=\"\"><\/path><\/g>\n<\/svg><svg viewBox=\"0 0 72 52\" class=\"tcb-bitcoin-card\"><g><path class=\"bitcoin-style-4-st0\" d=\"M38.3,22.6c0.8-0.1,1.4-0.3,1.9-0.8c0.5-0.4,0.7-1,0.7-1.8s-0.2-1.3-0.6-1.8c-0.4-0.4-1-0.7-1.8-0.8\t\tc-0.5-0.1-1.9-0.1-4.1-0.1h-2.7v5.4h3.1C36.7,22.7,37.8,22.7,38.3,22.6z\" style=\"\"><\/path><path class=\"bitcoin-style-4-st0\" d=\"M41.2,27.9c-0.4-0.5-0.9-0.9-1.5-1.1c-0.6-0.2-2-0.3-4.2-0.3h-3.8v6.3h4.4c1.8,0,2.8,0,3.3-0.1\t\tc0.7-0.1,1.3-0.4,1.7-0.9c0.4-0.3,0.7-1,0.6-2.1C41.7,29,41.5,28.4,41.2,27.9z\" style=\"\"><\/path><path class=\"bitcoin-style-4-st0\" d=\"M63.4,0H6.6C3,0,0,3,0,6.6v36.7C0,47,3,50,6.6,50h56.7c3.7,0,6.6-3,6.6-6.6V6.6C70,3,67,0,63.4,0z M45.9,33.4\t\tc-0.5,1-1.1,1.8-2,2.4c-0.9,0.6-1.9,1-3.2,1.1c-0.5,0-1.5,0.1-2.9,0.1v3.2h-3.9V37h-2.2h-0.3v3.2h-3.9V37h-0.6h-3.6v-4h3.6V17.2\t\th-3.6v-3.9h3.6h0.6V9.8h3.9v3.5h0.3h2.2V9.8h3.9v3.5c1.1,0,2,0.1,2.7,0.2c1,0.2,1.8,0.5,2.5,1s1.3,1.2,1.8,2\t\tc0.5,0.9,0.7,1.8,0.7,2.8c0,1.1-0.3,2.1-0.9,3c-0.6,0.9-1.4,1.6-2.4,2.1c1.4,0.4,2.5,1.1,3.3,2.1s1.2,2.3,1.1,3.8\t\tC46.6,31.3,46.4,32.4,45.9,33.4z\" style=\"\"><\/path><\/g>\n<\/svg><\/div><\/div><\/div><\/div><\/div>","decoration":[],"comments":[],"attr":{"class":""},"hide":0},"header":{"id":"4ea06fbc83cdd0a06020c35d50e1e89a","hide":0},"footer":{"id":"9fd81843ad7f202f26c1a174c7357585","hide":0}},"icons":[],"style":{"css":{"(min-width: 300px)":".tve-theme-__template_id__ #wrapper { --header-background-width:100%; --footer-background-width:100%; --top-background-width:100%; --bottom-background-width:100%; }.tve-theme-__template_id__ .content-section .section-content { padding: 20px 10px !important; }.tve-theme-__template_id__ .main-container { padding: 20px 10px !important; }.tve-theme-__template_id__ .content-section .checkout-template-wrapper { margin-top: 0px !important; margin-bottom: 0px !important; padding: 0px !important; background-color: transparent !important; }.tve-theme-__template_id__ .sidebar-section .section-background { border: medium none; background-color: transparent !important; }.tve-theme-__template_id__ .sidebar-section .section-content { padding: 20px 10px !important; }.tve-theme-__template_id__ .sidebar-section { margin: 0px !important; }.tve-theme-__template_id__ .sidebar-section [data-css=\"tve-u-1725ba1e54e\"] { border-radius: 4px; overflow: hidden; background-color: var(--tcb-skin-color-2)  !important; background-image: url(\"{{img=c527601f9454555cb914fec91805adab}}\") !important; border: none !important; background-size: cover !important; background-position: 50% 50% !important; background-attachment: scroll !important; background-repeat: no-repeat !important; }.tve-theme-__template_id__ .sidebar-section [data-css=\"tve-u-1725ba26717\"] { text-align: center; min-height: 185px !important; }.tve-theme-__template_id__ .sidebar-section [data-css=\"tve-u-1725bac5eae\"] { padding: 0px 20px 20px !important; margin-bottom: 40px !important; margin-top: 40px !important; }.tve-theme-__template_id__ .sidebar-section [data-css=\"tve-u-17299451e08\"] { float: none; padding: 0px !important; background-color: transparent !important; margin-left: auto !important; margin-right: auto !important; margin-bottom: 20px !important; }.tve-theme-__template_id__ .sidebar-section [data-css=\"tve-u-17299ca265f\"] { float: none; max-width: 99px; margin-bottom: 20px !important; margin-left: auto !important; margin-right: auto !important; background-color: rgb(255, 255, 255) !important; padding: 8px !important; background-image: none !important; }:not(#tve) .tve-theme-__template_id__ .sidebar-section [data-css=\"tve-u-17299cd57a8\"] { padding-bottom: 0px !important; margin-bottom: 0px !important; font-size: 20px !important; line-height: 1.3em !important; font-weight: var(--g-bold-weight, bold)  !important; color: var(--tcb-skin-color-3)  !important; --tcb-applied-color:var$(--tcb-skin-color-3)  !important; }.tve-theme-__template_id__ .sidebar-section [data-css=\"tve-u-17299d28974\"] .tcb-button-link { border-radius: 185px; overflow: hidden; letter-spacing: var(--tve-letter-spacing, 2px); box-shadow: 0px 4px 16px 0px var(--tcb-local-color-3d2c0); padding: 16px !important; background-color: var(--tcb-local-color-1d30b)  !important; }:not(#tve) .tve-theme-__template_id__ .sidebar-section [data-css=\"tve-u-17299d28974\"] .tcb-button-link { font-size: var(--tve-font-size, 11px)  !important; }.tve-theme-__template_id__ .sidebar-section [data-css=\"tve-u-17299d28974\"] { --tve-font-size:11px; --tve-letter-spacing:2px; --tve-font-weight:var(--g-bold-weight, bold); --tcb-local-color-48d06:rgb(19, 114, 211); --tcb-local-color-bd5e5:rgba(19, 114, 211, 0.2); --tcb-local-color-1d30b:var(--tcb-skin-color-0); --tcb-local-color-3d2c0:rgba(20, 115, 210, 0.2); float: none; --tve-text-transform:uppercase; --tve-color:rgb(255, 255, 255); --tve-applied---tve-color:rgb(255, 255, 255); margin: 0px auto !important; }:not(#tve) .tve-theme-__template_id__ .sidebar-section [data-css=\"tve-u-17299d28974\"] .tcb-button-link span { font-weight: var(--tve-font-weight, var(--g-bold-weight, bold)); text-transform: var(--tve-text-transform, uppercase); color: var(--tve-color, rgb(255, 255, 255)); --tve-applied-color:var$(--tve-color, rgb(255, 255, 255)); --tcb-applied-color:rgb(255, 255, 255); }:not(#tve) .tve-theme-__template_id__ .sidebar-section [data-css=\"tve-u-17299d28974\"]:hover .tcb-button-link { box-shadow: 0px 14px 40px 0px var(--tcb-local-color-3d2c0)  !important; background-color: var(--tcb-local-color-1d30b)  !important; }:not(#tve) .tve-theme-__template_id__ .sidebar-section [data-css=\"tve-u-17299d3b4c7\"] { padding-bottom: 0px !important; margin-bottom: 0px !important; font-size: 29px !important; color: var(--tcb-skin-color-13)  !important; --tcb-applied-color:var$(--tcb-skin-color-13)  !important; line-height: 1em !important; font-style: normal !important; }:not(#tve) .tve-theme-__template_id__ .sidebar-section [data-css=\"tve-u-17299dac94f\"] { letter-spacing: 1px; padding-bottom: 4px !important; margin-bottom: 0px !important; text-transform: uppercase !important; font-size: 13px !important; color: var(--tcb-skin-color-4)  !important; --tcb-applied-color:var$(--tcb-skin-color-4)  !important; font-weight: var(--g-bold-weight, bold)  !important; line-height: 1.3em !important; }:not(#tve) .tve-theme-__template_id__ .sidebar-section [data-css=\"tve-u-17299dac951\"] { letter-spacing: 1px; padding-bottom: 0px !important; margin-bottom: 0px !important; text-transform: none !important; font-size: 11px !important; color: rgba(0, 0, 0, 0.65) !important; --tcb-applied-color:rgba(0, 0, 0, 0.65)  !important; font-weight: var(--g-regular-weight, normal)  !important; line-height: 1.3em !important; }.tve-theme-__template_id__ .sidebar-section [data-css=\"tve-u-17299dac952\"] { margin-left: -12px; padding: 1px !important; }.tve-theme-__template_id__ .sidebar-section [data-css=\"tve-u-17299dac953\"] { margin-top: 0px !important; margin-bottom: 0px !important; }.tve-theme-__template_id__ .sidebar-section [data-css=\"tve-u-17299dac952\"] > .tcb-flex-col > .tcb-col { justify-content: center; }.tve-theme-__template_id__ .sidebar-section [data-css=\"tve-u-17299dac952\"] > .tcb-flex-col { padding-left: 12px; }.tve-theme-__template_id__ .sidebar-section [data-css=\"tve-u-17299dac955\"] { max-width: 36.8%; }.tve-theme-__template_id__ .sidebar-section [data-css=\"tve-u-17299dac956\"] { max-width: 63.2%; }.tve-theme-__template_id__ .sidebar-section [data-css=\"tve-u-17299dac964\"] { padding: 8px !important; margin: 0px !important; }.tve-theme-__template_id__ .sidebar-section [data-css=\"tve-u-17299dac966\"] { font-size: 18px; width: 18px; height: 18px; border-radius: 100px; overflow: hidden; border: 1px solid rgba(0, 0, 0, 0.16); padding: 17px !important; margin-top: 0px !important; margin-bottom: 0px !important; background-color: transparent !important; }:not(#tve) .tve-theme-__template_id__ .sidebar-section [data-css=\"tve-u-17299dac966\"] > :first-child { color: var(--tcb-skin-color-4); }.tve-theme-__template_id__ .sidebar-section [data-css=\"tve-u-17299dac967\"]::after { clear: both; }.tve-theme-__template_id__ .sidebar-section [data-css=\"tve-u-17299dc406f\"] { background-color: var(--tcb-skin-color-2)  !important; }.tve-theme-__template_id__ .sidebar-section [data-css=\"tve-u-17299dd7209\"] { padding: 8px !important; margin: 0px 0px 8px !important; }.tve-theme-__template_id__ .sidebar-section [data-css=\"tve-u-17299ddf06d\"] { padding: 8px !important; margin: 0px 0px 8px !important; }.tve-theme-__template_id__ .sidebar-section [data-css=\"tve-u-17299deb6e1\"] { font-size: 18px; width: 18px; height: 18px; border-radius: 100px; overflow: hidden; border: 1px solid rgba(0, 0, 0, 0.16); padding: 17px !important; margin-top: 0px !important; margin-bottom: 0px !important; background-color: transparent !important; }:not(#tve) .tve-theme-__template_id__ .sidebar-section [data-css=\"tve-u-17299deb6e1\"] > :first-child { color: var(--tcb-skin-color-4); }.tve-theme-__template_id__ .sidebar-section [data-css=\"tve-u-17299dec597\"] { font-size: 18px; width: 18px; height: 18px; border-radius: 100px; overflow: hidden; border: 1px solid rgba(0, 0, 0, 0.16); padding: 17px !important; margin-top: 0px !important; margin-bottom: 0px !important; background-color: transparent !important; }:not(#tve) .tve-theme-__template_id__ .sidebar-section [data-css=\"tve-u-17299dec597\"] > :first-child { color: var(--tcb-skin-color-4); }.tve-theme-__template_id__ .sidebar-section [data-css=\"tve-u-17299e9512b\"] { margin-left: -12px; padding: 1px !important; }.tve-theme-__template_id__ .sidebar-section [data-css=\"tve-u-17299e9512b\"] > .tcb-flex-col > .tcb-col { justify-content: center; }.tve-theme-__template_id__ .sidebar-section [data-css=\"tve-u-17299e9512b\"] > .tcb-flex-col { padding-left: 12px; }.tve-theme-__template_id__ .sidebar-section [data-css=\"tve-u-17299e95f26\"] { margin-left: -12px; padding: 1px !important; }.tve-theme-__template_id__ .sidebar-section [data-css=\"tve-u-17299e95f26\"] > .tcb-flex-col > .tcb-col { justify-content: center; }.tve-theme-__template_id__ .sidebar-section [data-css=\"tve-u-17299e95f26\"] > .tcb-flex-col { padding-left: 12px; }.tve-theme-__template_id__ .sidebar-section [data-css=\"tve-u-17299e9725b\"] { margin-left: -12px; padding: 1px !important; }.tve-theme-__template_id__ .sidebar-section [data-css=\"tve-u-17299e9725b\"] > .tcb-flex-col > .tcb-col { justify-content: center; }.tve-theme-__template_id__ .sidebar-section [data-css=\"tve-u-17299e9725b\"] > .tcb-flex-col { padding-left: 12px; }.tve-theme-__template_id__ .sidebar-section [data-css=\"tve-u-17299e991f6\"] { font-size: 18px; width: 18px; height: 18px; border-radius: 100px; overflow: hidden; border: 1px solid rgba(0, 0, 0, 0.16); padding: 17px !important; margin-top: 0px !important; margin-bottom: 0px !important; background-color: transparent !important; }:not(#tve) .tve-theme-__template_id__ .sidebar-section [data-css=\"tve-u-17299e991f6\"] > :first-child { color: var(--tcb-skin-color-4); }:not(#tve) .tve-theme-__template_id__ .sidebar-section [data-css=\"tve-u-17299ea959f\"] { letter-spacing: 1px; padding-bottom: 4px !important; margin-bottom: 0px !important; text-transform: uppercase !important; font-size: 13px !important; color: var(--tcb-skin-color-4)  !important; --tcb-applied-color:var$(--tcb-skin-color-4)  !important; font-weight: var(--g-bold-weight, bold)  !important; line-height: 1.3em !important; }:not(#tve) .tve-theme-__template_id__ .sidebar-section [data-css=\"tve-u-17299eaa4a7\"] { letter-spacing: 1px; padding-bottom: 4px !important; margin-bottom: 0px !important; text-transform: uppercase !important; font-size: 13px !important; color: var(--tcb-skin-color-4)  !important; --tcb-applied-color:var$(--tcb-skin-color-4)  !important; font-weight: var(--g-bold-weight, bold)  !important; line-height: 1.3em !important; }:not(#tve) .tve-theme-__template_id__ .sidebar-section [data-css=\"tve-u-17299eab053\"] { letter-spacing: 1px; padding-bottom: 4px !important; margin-bottom: 0px !important; text-transform: uppercase !important; font-size: 13px !important; color: var(--tcb-skin-color-4)  !important; --tcb-applied-color:var$(--tcb-skin-color-4)  !important; font-weight: var(--g-bold-weight, bold)  !important; line-height: 1.3em !important; }.tve-theme-__template_id__ .sidebar-section [data-css=\"tve-u-17299ec002b\"] { padding: 8px !important; margin: 0px 0px 8px !important; }:not(#tve) .tve-theme-__template_id__ .sidebar-section [data-css=\"tve-u-172b8a1f92b\"] { letter-spacing: 1px; padding-bottom: 0px !important; margin-bottom: 0px !important; text-transform: capitalize !important; font-size: 11px !important; color: rgba(0, 0, 0, 0.65) !important; --tcb-applied-color:rgba(0, 0, 0, 0.65)  !important; font-weight: var(--g-regular-weight, normal)  !important; line-height: 1.3em !important; }.tve-theme-__template_id__ .sidebar-section [data-css=\"tve-u-1725bac5eae\"] > .tve-cb { display: block; }.tve-theme-__template_id__ .sidebar-section [data-css=\"tve-u-17300cf1d4a\"]::after { clear: both; }.tve-theme-__template_id__ .sidebar-section [data-css=\"tve-u-17300cf2408\"]::after { clear: both; }.tve-theme-__template_id__ .sidebar-section [data-css=\"tve-u-17300cf2b1e\"]::after { clear: both; }.tve-theme-__template_id__ .sidebar-section [data-css=\"tve-u-17300cf515e\"] { margin-top: 0px !important; margin-bottom: 0px !important; }.tve-theme-__template_id__ .sidebar-section [data-css=\"tve-u-17300cf6848\"] { margin-top: 0px !important; margin-bottom: 0px !important; }.tve-theme-__template_id__ .sidebar-section [data-css=\"tve-u-17300cf8049\"] { margin-top: 0px !important; margin-bottom: 0px !important; }.tve-theme-__template_id__ .sidebar-section [data-css=\"tve-u-17304aa32b5\"] { max-width: 36.8%; }.tve-theme-__template_id__ .sidebar-section [data-css=\"tve-u-17304aa32b8\"] { max-width: 63.2%; }.tve-theme-__template_id__ .sidebar-section [data-css=\"tve-u-17304aa49a2\"] { max-width: 36.8%; }.tve-theme-__template_id__ .sidebar-section [data-css=\"tve-u-17304aa49a5\"] { max-width: 63.2%; }.tve-theme-__template_id__ .sidebar-section [data-css=\"tve-u-17304aa5040\"] { max-width: 36.8%; }.tve-theme-__template_id__ .sidebar-section [data-css=\"tve-u-17304aa5042\"] { max-width: 63.2%; }.tve-theme-__template_id__ .bottom-section .section-background { background-color: var(--tcb-skin-color-9)  !important; background-image: none !important; }.tve-theme-__template_id__ .bottom-section .section-content { justify-content: center; display: flex; flex-direction: column; min-height: 130px !important; padding: 40px 20px !important; }.tve-theme-__template_id__ .bottom-section [data-css=\"tve-u-172f0121a55\"] { margin-left: -40px; padding: 0px !important; }.tve-theme-__template_id__ .bottom-section [data-css=\"tve-u-172f0121a57\"] { margin-top: 0px !important; margin-bottom: 0px !important; background-color: transparent !important; }.tve-theme-__template_id__ .bottom-section [data-css=\"tve-u-172f03e133e\"] { position: relative !important; padding: 0px !important; }:not(#tve) .tve-theme-__template_id__ .bottom-section [data-css=\"tve-u-172f03e596c\"] { letter-spacing: 1px; padding-bottom: 0px !important; margin-bottom: 0px !important; text-transform: uppercase !important; font-size: 11px !important; color: rgba(0, 0, 0, 0.5) !important; --tcb-applied-color:rgba(0, 0, 0, 0.5)  !important; font-weight: var(--g-bold-weight, bold)  !important; line-height: 1.6em !important; }.tve-theme-__template_id__ .bottom-section [data-css=\"tve-u-172f0121a55\"] > .tcb-flex-col { padding-left: 40px; }.tve-theme-__template_id__ .bottom-section [data-css=\"tve-u-172f0448dd6\"] { max-width: 25.4%; }.tve-theme-__template_id__ .bottom-section [data-css=\"tve-u-172f0448e00\"] { max-width: 74.6%; }.tve-theme-__template_id__ .bottom-section [data-css=\"tve-u-172f044b119\"] { margin: 0px !important; }.tve-theme-__template_id__ .bottom-section [data-css=\"tve-u-172f04bd161\"] { font-size: 34px; width: 34px; height: 34px; border-radius: 103px; overflow: hidden; border: 1px solid var(--tcb-skin-color-8); box-shadow: 0px 0px 18px 3px var(--tcb-skin-color-9) inset; padding: 26px !important; margin-top: 0px !important; margin-bottom: 0px !important; background-color: transparent !important; }:not(#tve) .tve-theme-__template_id__ .bottom-section [data-css=\"tve-u-172f04bd161\"] > :first-child { color: var(--tcb-skin-color-0); }:not(#tve) .tve-theme-__template_id__ .bottom-section [data-css=\"tve-u-172f04c38b5\"] { letter-spacing: 0px; padding-bottom: 0px !important; margin-bottom: 0px !important; text-transform: capitalize !important; font-size: 34px !important; color: var(--tcb-skin-color-4)  !important; --tcb-applied-color:var$(--tcb-skin-color-4)  !important; font-weight: var(--g-bold-weight, bold)  !important; line-height: 1.1em !important; }.tve-theme-__template_id__ .bottom-section [data-css=\"tve-u-172f04d338e\"] { padding: 40px !important; margin-top: 0px !important; margin-bottom: 0px !important; }.tve-theme-__template_id__ .bottom-section [data-css=\"tve-u-172f04e38b8\"] { margin-left: -30px; padding: 0px !important; }.tve-theme-__template_id__ .bottom-section [data-css=\"tve-u-172f04e38b8\"] > .tcb-flex-col > .tcb-col { justify-content: center; }.tve-theme-__template_id__ .bottom-section [data-css=\"tve-u-172f0862baf\"] { background-image: none !important; background-color: rgb(255, 255, 255) !important; }.tve-theme-__template_id__ .bottom-section [data-css=\"tve-u-172f0121a55\"] > .tcb-flex-col > .tcb-col { justify-content: center; }.tve-theme-__template_id__ .bottom-section [data-css=\"tve-u-172f08908ae\"] { position: relative !important; padding: 0px !important; margin-bottom: 14px !important; }.tve-theme-__template_id__ .bottom-section [data-css=\"tve-u-172f04e38b8\"] > .tcb-flex-col { padding-left: 30px; }:not(#tve) .tve-theme-__template_id__ .bottom-section [data-css=\"tve-u-172f08954b8\"] { letter-spacing: 1px; padding-bottom: 0px !important; margin-bottom: 0px !important; text-transform: uppercase !important; font-size: 13px !important; color: var(--tcb-skin-color-4)  !important; --tcb-applied-color:var$(--tcb-skin-color-4)  !important; font-weight: var(--g-bold-weight, bold)  !important; line-height: 1.6em !important; }.tve-theme-__template_id__ .bottom-section [data-css=\"tve-u-172f08aedd4\"] .visa-style-4-st0, .tve-theme-__template_id__ .bottom-section [data-css=\"tve-u-172f08aedd4\"] .masterCard-style-4-st0, .tve-theme-__template_id__ .bottom-section [data-css=\"tve-u-172f08aedd4\"] .americanExpress-style-4-st0, .tve-theme-__template_id__ .bottom-section [data-css=\"tve-u-172f08aedd4\"] .payPal-style-4-st0, .tve-theme-__template_id__ .bottom-section [data-css=\"tve-u-172f08aedd4\"] .discover-style-4-st0, .tve-theme-__template_id__ .bottom-section [data-css=\"tve-u-172f08aedd4\"] .bitcoin-style-4-st0, .tve-theme-__template_id__ .bottom-section [data-css=\"tve-u-172f08aedd4\"] .googlePay-style-4-st0, .tve-theme-__template_id__ .bottom-section [data-css=\"tve-u-172f08aedd4\"] .applePay-style-4-st0 { fill: rgba(0, 0, 0, 0.26); }.tve-theme-__template_id__ .bottom-section [data-css=\"tve-u-172f08aedd4\"] { margin-top: 0px !important; margin-bottom: 0px !important; padding: 0px !important; }.tve-theme-__template_id__ .bottom-section [data-css=\"tve-u-172f08b1f6c\"] { position: relative !important; padding: 0px !important; margin-bottom: 14px !important; }.tve-theme-__template_id__ .top-section .section-background { background-color: var(--tcb-skin-color-2)  !important; background-image: none !important; }.tve-theme-__template_id__ .top-section .section-content { display: flex; flex-direction: column; min-height: 1px !important; padding: 20px !important; }.tve-theme-__template_id__ .top-section [data-css=\"tve-u-172c77d3f8d\"] { padding: 1px !important; margin-top: 0px !important; margin-bottom: 0px !important; }:not(#tve) .tve-theme-__template_id__ .top-section [data-css=\"tve-u-172c77fc740\"] { letter-spacing: 2px; padding-bottom: 0px !important; margin-bottom: 0px !important; text-transform: uppercase !important; font-size: 11px !important; color: var(--tcb-skin-color-4)  !important; --tcb-applied-color:var$(--tcb-skin-color-4)  !important; font-weight: var(--g-bold-weight, bold)  !important; line-height: 1.3em !important; }.tve-theme-__template_id__ .top-section [data-css=\"tve-u-172c7c0c14c\"] { position: relative !important; padding-top: 6px !important; }.tve-theme-__template_id__ .top-section [data-css=\"tve-u-172f0211e47\"] { font-size: 20px; width: 20px; height: 20px; border-radius: 0px; overflow: hidden; border: none; float: left; z-index: 3; position: relative; padding: 2px !important; margin-top: 7px !important; margin-bottom: 0px !important; background-color: transparent !important; margin-right: 15px !important; }:not(#tve) .tve-theme-__template_id__ .top-section [data-css=\"tve-u-172f0211e47\"] > :first-child { color: var(--tcb-skin-color-0); }.tve-theme-__template_id__ .top-section [data-css=\"tve-u-172f0263dcb\"] .sr-fill { fill: var(--tcb-skin-color-0); }.tve-theme-__template_id__ .top-section [data-css=\"tve-u-172f0263dcb\"] .sr-outline { fill: var(--tcb-skin-color-0); }.tve-theme-__template_id__ .top-section [data-css=\"tve-u-172f0263dcb\"] { font-size: 16px; float: none; z-index: 3; position: relative; display: inline-block; margin: 0px auto !important; }.tve-theme-__template_id__ .top-section [data-css=\"tve-u-172f0263dcb\"] .sr-background { fill: var(--tcb-skin-color-9); }:not(#tve) .tve-theme-__template_id__ .top-section [data-css=\"tve-u-172f0292599\"] { letter-spacing: 2px; padding-bottom: 0px !important; margin-bottom: 0px !important; text-transform: uppercase !important; font-size: 10px !important; color: var(--tcb-skin-color-4)  !important; --tcb-applied-color:var$(--tcb-skin-color-4)  !important; font-weight: var(--g-bold-weight, bold)  !important; line-height: 1.3em !important; }.tve-theme-__template_id__ .top-section [data-css=\"tve-u-172f02a4e75\"] { text-align: left; }.tve-theme-__template_id__ .top-section [data-css=\"tve-u-172f02a62fe\"] { padding: 1px !important; margin-top: 0px !important; margin-bottom: 0px !important; }.tve-theme-__template_id__ .top-section [data-css=\"tve-u-172f02d3cd5\"] { font-size: 20px; width: 20px; height: 20px; border-radius: 0px; overflow: hidden; border: none; float: left; z-index: 3; position: relative; padding: 2px !important; margin-top: 7px !important; margin-bottom: 0px !important; background-color: transparent !important; margin-right: 15px !important; }:not(#tve) .tve-theme-__template_id__ .top-section [data-css=\"tve-u-172f02d3cd5\"] > :first-child { color: var(--tcb-skin-color-0); }.tve-theme-__template_id__ .top-section [data-css=\"tve-u-172f02d4877\"] { font-size: 20px; width: 20px; height: 20px; border-radius: 0px; overflow: hidden; border: none; float: left; z-index: 3; position: relative; padding: 2px !important; margin-top: 7px !important; margin-bottom: 0px !important; background-color: transparent !important; margin-right: 15px !important; }:not(#tve) .tve-theme-__template_id__ .top-section [data-css=\"tve-u-172f02d4877\"] > :first-child { color: var(--tcb-skin-color-0); }.tve-theme-__template_id__ .top-section [data-css=\"tve-u-172f02d51f5\"] { font-size: 20px; width: 20px; height: 20px; border-radius: 0px; overflow: hidden; border: none; float: left; z-index: 3; position: relative; padding: 2px !important; margin-top: 7px !important; margin-bottom: 0px !important; background-color: transparent !important; margin-right: 15px !important; }:not(#tve) .tve-theme-__template_id__ .top-section [data-css=\"tve-u-172f02d51f5\"] > :first-child { color: var(--tcb-skin-color-0); }.tve-theme-__template_id__ .top-section [data-css=\"tve-u-172f02e4828\"] { float: none; padding: 1px !important; margin: 0px auto !important; }.tve-theme-__template_id__ .top-section [data-css=\"tve-u-172f02e6c7c\"] { float: left; z-index: 3; position: relative; padding: 1px !important; margin: 0px auto !important; }.tve-theme-__template_id__ .top-section [data-css=\"tve-u-172f0fb1660\"] { position: relative !important; padding-top: 6px !important; }.tve-theme-__template_id__ .top-section [data-css=\"tve-u-172f0fb8fb9\"] { position: relative !important; padding-top: 1px !important; }.tve-theme-__template_id__ .top-section [data-css=\"tve-u-173005595a4\"]::after { clear: both; }.tve-theme-__template_id__ .top-section [data-css=\"tve-u-173005c9889\"] { padding: 0px !important; }.tve-theme-__template_id__ .top-section [data-css=\"tve-u-173005c9cf6\"] { margin: 0px !important; }.tve-theme-__template_id__ .top-section [data-css=\"tve-u-173005d123d\"] { padding: 1px !important; margin-top: 0px !important; margin-bottom: 0px !important; }.tve-theme-__template_id__ .top-section [data-css=\"tve-u-173005d58d1\"] { text-align: center; }.tve-theme-__template_id__ .top-section [data-css=\"tve-u-173005c9889\"] > .tcb-flex-col > .tcb-col { justify-content: center; }.tve-theme-__template_id__ .top-section [data-css=\"tve-u-173042b14fb\"] { max-width: 16.8%; }.tve-theme-__template_id__ .top-section [data-css=\"tve-u-173042b1539\"] { max-width: 22%; }.tve-theme-__template_id__ .top-section [data-css=\"tve-u-173042b14b7\"] { max-width: 19.7%; }.tve-theme-__template_id__ .top-section [data-css=\"tve-u-173042b1578\"] { max-width: 20.1%; }.tve-theme-__template_id__ .top-section [data-css=\"tve-u-173042b15b6\"] { max-width: 21.6%; }.tve-theme-__template_id__ .top-section [data-css=\"tve-u-173042c81f3\"] { position: relative !important; padding-top: 6px !important; }.tve-theme-__template_id__ .top-section [data-css=\"tve-u-173042d2b38\"] { position: relative !important; padding-top: 6px !important; }:not(#tve) .tve-theme-__template_id__ .top-section [data-css=\"tve-u-173042e5660\"] { letter-spacing: 2px; padding-bottom: 0px !important; margin-bottom: 0px !important; text-transform: uppercase !important; font-size: 11px !important; color: var(--tcb-skin-color-4)  !important; --tcb-applied-color:var$(--tcb-skin-color-4)  !important; font-weight: var(--g-bold-weight, bold)  !important; line-height: 1.3em !important; }:not(#tve) .tve-theme-__template_id__ .top-section [data-css=\"tve-u-173042e6430\"] { letter-spacing: 2px; padding-bottom: 0px !important; margin-bottom: 0px !important; text-transform: uppercase !important; font-size: 11px !important; color: var(--tcb-skin-color-4)  !important; --tcb-applied-color:var$(--tcb-skin-color-4)  !important; font-weight: var(--g-bold-weight, bold)  !important; line-height: 1.3em !important; }:not(#tve) .tve-theme-__template_id__ .top-section [data-css=\"tve-u-173042e7cc0\"] { letter-spacing: 2px; padding-bottom: 0px !important; margin-bottom: 0px !important; text-transform: uppercase !important; font-size: 11px !important; color: var(--tcb-skin-color-4)  !important; --tcb-applied-color:var$(--tcb-skin-color-4)  !important; font-weight: var(--g-bold-weight, bold)  !important; line-height: 1.3em !important; }","(max-width: 1023px)":".tve-theme-__template_id__ .content-section .section-content { padding-left: 20px !important; padding-right: 20px !important; }.tve-theme-__template_id__ .main-container { padding: 20px !important; }.tve-theme-__template_id__ .sidebar-section .section-content { padding: 20px 10px !important; }.tve-theme-__template_id__ .sidebar-section { margin: 0px !important; }.tve-theme-__template_id__ .sidebar-section [data-css=\"tve-u-1725ba26717\"] { min-height: 164px !important; }.tve-theme-__template_id__ .sidebar-section [data-css=\"tve-u-17299dac966\"] { float: right; z-index: 3; position: relative; }.tve-theme-__template_id__ .sidebar-section [data-css=\"tve-u-17300cf1d4a\"]::after { clear: both; }.tve-theme-__template_id__ .sidebar-section [data-css=\"tve-u-17299dec597\"] { float: right; z-index: 3; position: relative; }.tve-theme-__template_id__ .sidebar-section [data-css=\"tve-u-17300cf2408\"]::after { clear: both; }.tve-theme-__template_id__ .sidebar-section [data-css=\"tve-u-17299deb6e1\"] { float: right; z-index: 3; position: relative; }.tve-theme-__template_id__ .sidebar-section [data-css=\"tve-u-17300cf2b1e\"]::after { clear: both; }.tve-theme-__template_id__ .sidebar-section [data-css=\"tve-u-17299e991f6\"] { float: right; z-index: 3; position: relative; }.tve-theme-__template_id__ .sidebar-section [data-css=\"tve-u-17299dac967\"]::after { clear: both; }.tve-theme-__template_id__ .sidebar-section [data-css=\"tve-u-17300cf515e\"] { float: none; max-width: 300px; margin-left: auto !important; margin-right: auto !important; }.tve-theme-__template_id__ .sidebar-section [data-css=\"tve-u-17300cf6848\"] { float: none; max-width: 300px; margin-left: auto !important; margin-right: auto !important; }.tve-theme-__template_id__ .sidebar-section [data-css=\"tve-u-17300cf8049\"] { float: none; max-width: 300px; margin-left: auto !important; margin-right: auto !important; }.tve-theme-__template_id__ .sidebar-section [data-css=\"tve-u-17299dac953\"] { float: none; max-width: 300px; margin-left: auto !important; margin-right: auto !important; }.tve-theme-__template_id__ .bottom-section [data-css=\"tve-u-172f0121a55\"] { flex-wrap: wrap !important; }.tve-theme-__template_id__ .bottom-section [data-css=\"tve-u-172f0121a57\"] { width: 100%; }.tve-theme-__template_id__ .bottom-section [data-css=\"tve-u-172f0121a55\"] > .tcb-flex-col { flex-basis: 250px !important; }.tve-theme-__template_id__ .bottom-section .section-content { padding-left: 40px !important; padding-right: 40px !important; }:not(#tve) .tve-theme-__template_id__ .bottom-section [data-css=\"tve-u-172f03e596c\"] { font-size: 9px !important; }.tve-theme-__template_id__ .bottom-section [data-css=\"tve-u-172f04bd161\"] { font-size: 30px; width: 30px; height: 30px; margin-right: 10px !important; }:not(#tve) .tve-theme-__template_id__ .bottom-section [data-css=\"tve-u-172f04c38b5\"] { font-size: 22px !important; }.tve-theme-__template_id__ .bottom-section [data-css=\"tve-u-172f04d338e\"] { padding: 30px !important; }.tve-theme-__template_id__ .bottom-section [data-css=\"tve-u-172f04e38b8\"] > .tcb-flex-col { padding-left: 15px; }.tve-theme-__template_id__ .bottom-section [data-css=\"tve-u-172f04e38b8\"] { margin-left: -15px; }:not(#tve) .tve-theme-__template_id__ .bottom-section [data-css=\"tve-u-172f08954b8\"] { font-size: 11px !important; }.tve-theme-__template_id__ .bottom-section [data-css=\"tve-u-172f0448dd6\"] { max-width: 38.4%; }.tve-theme-__template_id__ .bottom-section [data-css=\"tve-u-172f0448e00\"] { max-width: 61.6%; }:not(#tve) .tve-theme-__template_id__ .top-section [data-css=\"tve-u-172c77fc740\"] { font-size: 9px !important; }.tve-theme-__template_id__ .top-section [data-css=\"tve-u-172f0211e47\"] { font-size: 18px; width: 18px; height: 18px; margin-right: 8px !important; margin-top: 0px !important; padding: 1px !important; }:not(#tve) .tve-theme-__template_id__ .top-section [data-css=\"tve-u-172f0292599\"] { letter-spacing: 1px; font-size: 9px !important; }.tve-theme-__template_id__ .top-section [data-css=\"tve-u-172f02d3cd5\"] { font-size: 18px; width: 18px; height: 18px; margin-right: 8px !important; margin-top: 0px !important; }.tve-theme-__template_id__ .top-section [data-css=\"tve-u-172f02d4877\"] { font-size: 18px; width: 18px; height: 18px; margin-right: 8px !important; margin-top: 0px !important; margin-bottom: 5px !important; }.tve-theme-__template_id__ .top-section [data-css=\"tve-u-172f02d51f5\"] { font-size: 18px; width: 18px; height: 18px; margin-right: 8px !important; margin-top: 0px !important; padding: 1px !important; }.tve-theme-__template_id__ .top-section [data-css=\"tve-u-172f02e6c7c\"] { float: none; }.tve-theme-__template_id__ .top-section .section-content { padding-left: 40px !important; padding-right: 40px !important; }.tve-theme-__template_id__ .top-section [data-css=\"tve-u-173005c9889\"] > .tcb-flex-col { padding-left: 20px; }.tve-theme-__template_id__ .top-section [data-css=\"tve-u-173005c9889\"] { margin-left: -20px; flex-wrap: nowrap !important; }.tve-theme-__template_id__ .top-section [data-css=\"tve-u-172f0263dcb\"] { font-size: 14px; }.tve-theme-__template_id__ .top-section [data-css=\"tve-u-173042b14b7\"] { max-width: 18.7%; }.tve-theme-__template_id__ .top-section [data-css=\"tve-u-173042b14fb\"] { max-width: 19.8%; }.tve-theme-__template_id__ .top-section [data-css=\"tve-u-173042b1539\"] { max-width: 24.8%; }.tve-theme-__template_id__ .top-section [data-css=\"tve-u-173042b1578\"] { max-width: 19.9%; }.tve-theme-__template_id__ .top-section [data-css=\"tve-u-173042b15b6\"] { max-width: 16.8%; }.tve-theme-__template_id__ .top-section [data-css=\"tve-u-173042c81f3\"] { padding-top: 1px !important; }.tve-theme-__template_id__ .top-section [data-css=\"tve-u-172f0fb1660\"] { padding-top: 1px !important; }.tve-theme-__template_id__ .top-section [data-css=\"tve-u-173042d2b38\"] { padding-top: 1px !important; }.tve-theme-__template_id__ .top-section [data-css=\"tve-u-172c7c0c14c\"] { padding-top: 1px !important; }:not(#tve) .tve-theme-__template_id__ .top-section [data-css=\"tve-u-173042e5660\"] { letter-spacing: 1px; font-size: 9px !important; }:not(#tve) .tve-theme-__template_id__ .top-section [data-css=\"tve-u-173042e6430\"] { letter-spacing: 1px; font-size: 9px !important; }:not(#tve) .tve-theme-__template_id__ .top-section [data-css=\"tve-u-173042e7cc0\"] { letter-spacing: 1px; font-size: 9px !important; }","(max-width: 767px)":".tve-theme-__template_id__ .main-container { padding: 10px !important; }.tve-theme-__template_id__ .content-section .section-content { padding-left: 10px !important; padding-right: 10px !important; }.tve-theme-__template_id__ .sidebar-section .section-content { padding: 20px 10px 10px !important; }.tve-theme-__template_id__ .sidebar-section { margin-left: 0px !important; margin-right: 0px !important; margin-bottom: 0px !important; }.tve-theme-__template_id__ .sidebar-section [data-css=\"tve-u-17299dac952\"] { flex-wrap: nowrap !important; }.tve-theme-__template_id__ .sidebar-section [data-css=\"tve-u-17299dac955\"] { max-width: 101px; }.tve-theme-__template_id__ .sidebar-section [data-css=\"tve-u-17299dac956\"] { max-width: 68.1%; }.tve-theme-__template_id__ .sidebar-section [data-css=\"tve-u-17299dac964\"] { margin-bottom: 15px !important; }.tve-theme-__template_id__ .sidebar-section [data-css=\"tve-u-17299dac966\"] { float: right; z-index: 3; position: relative; font-size: 18px; width: 18px; height: 18px; padding: 18px !important; }.tve-theme-__template_id__ .sidebar-section [data-css=\"tve-u-17299dac967\"]::after { clear: both; }.tve-theme-__template_id__ .sidebar-section [data-css=\"tve-u-17299dd7209\"] { margin-bottom: 15px !important; }.tve-theme-__template_id__ .sidebar-section [data-css=\"tve-u-17299ddf06d\"] { margin-bottom: 15px !important; }.tve-theme-__template_id__ .sidebar-section [data-css=\"tve-u-17299deb6e1\"] { float: right; z-index: 3; position: relative; font-size: 18px; width: 18px; height: 18px; padding: 18px !important; margin-left: auto !important; margin-right: auto !important; }.tve-theme-__template_id__ .sidebar-section [data-css=\"tve-u-17299dec597\"] { float: right; z-index: 3; position: relative; font-size: 18px; width: 18px; height: 18px; padding: 18px !important; }.tve-theme-__template_id__ .sidebar-section [data-css=\"tve-u-17299e9512b\"] { flex-wrap: nowrap !important; }.tve-theme-__template_id__ .sidebar-section [data-css=\"tve-u-17299e95f26\"] { flex-wrap: nowrap !important; }.tve-theme-__template_id__ .sidebar-section [data-css=\"tve-u-17299e9725b\"] { flex-wrap: nowrap !important; }.tve-theme-__template_id__ .sidebar-section [data-css=\"tve-u-17299e991f6\"] { float: right; z-index: 3; position: relative; font-size: 18px; width: 18px; height: 18px; padding: 18px !important; margin-left: auto !important; margin-right: auto !important; }.tve-theme-__template_id__ .sidebar-section [data-css=\"tve-u-17299ec002b\"] { margin-bottom: 15px !important; }.tve-theme-__template_id__ .sidebar-section [data-css=\"tve-u-17300cf1d4a\"]::after { clear: both; }.tve-theme-__template_id__ .sidebar-section [data-css=\"tve-u-17300cf2408\"]::after { clear: both; }.tve-theme-__template_id__ .sidebar-section [data-css=\"tve-u-17300cf2b1e\"]::after { clear: both; }.tve-theme-__template_id__ .sidebar-section [data-css=\"tve-u-17304aa32b5\"] { max-width: 33.7%; }.tve-theme-__template_id__ .sidebar-section [data-css=\"tve-u-17304aa32b8\"] { max-width: 66.3%; }.tve-theme-__template_id__ .sidebar-section [data-css=\"tve-u-17304aa49a2\"] { max-width: 33.7%; }.tve-theme-__template_id__ .sidebar-section [data-css=\"tve-u-17304aa49a5\"] { max-width: 66.3%; }.tve-theme-__template_id__ .sidebar-section [data-css=\"tve-u-17304aa5040\"] { max-width: 33.7%; }.tve-theme-__template_id__ .sidebar-section [data-css=\"tve-u-17304aa5042\"] { max-width: 66.3%; }.tve-theme-__template_id__ .bottom-section [data-css=\"tve-u-172f0121a55\"] { margin-left: -15px; flex-wrap: wrap !important; padding-top: 0px !important; padding-bottom: 0px !important; }.tve-theme-__template_id__ .bottom-section [data-css=\"tve-u-172f0121a55\"] > .tcb-flex-col { padding-left: 15px; flex-basis: 234px !important; }.tve-theme-__template_id__ .bottom-section [data-css=\"tve-u-172f0121a57\"] { text-align: left; }.tve-theme-__template_id__ .bottom-section .section-content { padding: 30px 20px !important; min-height: 1px !important; }:not(#tve) .tve-theme-__template_id__ .bottom-section [data-css=\"tve-u-172f03e596c\"] { letter-spacing: 1px; font-size: 9px !important; }.tve-theme-__template_id__ .bottom-section [data-css=\"tve-u-172f04bd161\"] { z-index: 3; position: relative; font-size: 28px; width: 28px; height: 28px; float: left; padding: 22px !important; margin-left: auto !important; margin-right: 0px !important; margin-bottom: 0px !important; }:not(#tve) .tve-theme-__template_id__ .bottom-section [data-css=\"tve-u-172f04c38b5\"] { letter-spacing: 1px; font-size: 22px !important; }.tve-theme-__template_id__ .bottom-section [data-css=\"tve-u-172f04d338e\"] { min-width: 100%; margin-bottom: 20px !important; padding: 20px !important; }.tve-theme-__template_id__ .bottom-section [data-css=\"tve-u-172f0502711\"]::after { clear: both; }:not(#tve) .tve-theme-__template_id__ .bottom-section [data-css=\"tve-u-172f08954b8\"] { letter-spacing: 1px; font-size: 9px !important; }.tve-theme-__template_id__ .bottom-section [data-css=\"tve-u-172f04e38b8\"] { flex-wrap: nowrap !important; }.tve-theme-__template_id__ .bottom-section [data-css=\"tve-u-172f0448dd6\"] { max-width: 36%; }.tve-theme-__template_id__ .bottom-section [data-css=\"tve-u-172f0448e00\"] { max-width: 64%; }.tve-theme-__template_id__ .top-section [data-css=\"tve-u-172c77d3f8d\"] { min-width: 100%; margin-bottom: 0px !important; margin-top: 20px !important; }:not(#tve) .tve-theme-__template_id__ .top-section [data-css=\"tve-u-172c77fc740\"] { letter-spacing: 1px; font-size: 9px !important; }.tve-theme-__template_id__ .top-section [data-css=\"tve-u-172f0211e47\"] { z-index: 3; position: relative; font-size: 16px; width: 16px; height: 16px; padding: 2px !important; margin: 0px 8px 0px auto !important; }:not(#tve) .tve-theme-__template_id__ .top-section [data-css=\"tve-u-172f0292599\"] { letter-spacing: 1px; font-size: 9px !important; }.tve-theme-__template_id__ .top-section [data-css=\"tve-u-172f02a62fe\"] { min-width: 100%; margin-bottom: 0px !important; margin-top: 0px !important; }.tve-theme-__template_id__ .top-section [data-css=\"tve-u-172f02d3cd5\"] { z-index: 3; position: relative; font-size: 16px; width: 16px; height: 16px; padding: 2px !important; margin: 0px 8px 0px auto !important; }.tve-theme-__template_id__ .top-section [data-css=\"tve-u-172f02d4877\"] { z-index: 3; position: relative; font-size: 16px; width: 16px; height: 16px; padding: 2px !important; margin: 0px 8px 0px auto !important; }.tve-theme-__template_id__ .top-section [data-css=\"tve-u-172f02d51f5\"] { z-index: 3; position: relative; font-size: 16px; width: 16px; height: 16px; padding: 2px !important; margin: 0px 8px 0px auto !important; }.tve-theme-__template_id__ .top-section [data-css=\"tve-u-172f02e4828\"] { min-width: 100%; z-index: 3; position: relative; margin: 0px auto 20px !important; }.tve-theme-__template_id__ .top-section [data-css=\"tve-u-172f02e6c7c\"] { min-width: 100%; margin-bottom: 20px !important; }.tve-theme-__template_id__ .top-section [data-css=\"tve-u-172f0fb8fb9\"] { float: left; z-index: 3; position: relative; }.tve-theme-__template_id__ .top-section [data-css=\"tve-u-172f0fb8fbd\"]::after { clear: both; }.tve-theme-__template_id__ .top-section [data-css=\"tve-u-172f0263dcb\"] { float: left; z-index: 3; position: relative; margin-left: 0px !important; padding-left: 1px !important; margin-right: 0px !important; }.tve-theme-__template_id__ .top-section .section-content { padding-left: 20px !important; padding-right: 20px !important; }.tve-theme-__template_id__ .top-section [data-css=\"tve-u-173005c9889\"] { flex-wrap: wrap !important; }.tve-theme-__template_id__ .top-section [data-css=\"tve-u-173005c9889\"] > .tcb-flex-col { flex-basis: 144px !important; }.tve-theme-__template_id__ .top-section [data-css=\"tve-u-173005ea40f\"]::after { clear: both; }:not(#tve) .tve-theme-__template_id__ .top-section [data-css=\"tve-u-173042e5660\"] { letter-spacing: 1px; font-size: 9px !important; }:not(#tve) .tve-theme-__template_id__ .top-section [data-css=\"tve-u-173042e6430\"] { letter-spacing: 1px; font-size: 9px !important; }:not(#tve) .tve-theme-__template_id__ .top-section [data-css=\"tve-u-173042e7cc0\"] { letter-spacing: 1px; font-size: 9px !important; }"},"fonts":[],"dynamic":[]},"format":"standard","tag":"5f17f0664f10e","no_search_results":"","primary_template":"singular","secondary_template":"checkout","variable_template":""},"post_status":"publish"}]