{"046ddf96c233a273fd390c3d0b1a9aa4":{"ID":"2311","post_title":"Page Banner - Static Image 02","post_type":"thrive_section","post_status":"publish","meta_input":{"skin_tag":"q1qj01","content":"<div class=\"thrv_wrapper thrv_text_element\" style=\"padding: 1px !important;\" data-css=\"tve-u-1705c8d227f\"><h1 class=\"\" data-css=\"tve-u-1705c92d1dc\"><span class=\"thrive-shortcode-content\" data-attr-link=\"0\" data-attr-rel=\"0\" data-attr-target=\"0\" data-extra_key=\"\" data-option-inline=\"1\" data-shortcode=\"tcb_post_title\" data-shortcode-name=\"Post title\">[tcb_post_title link='0' rel='0' target='0' inline='1']<\/span><\/h1><\/div>[thrive_breadcrumbs separator-type='character' css='tve-u-1705d039c2d' separator='I' icon-name='icon-circle-solid' enable-truncate-chars='1' leaf-chars-d='80' leaf-chars-t='25' leaf-chars-m='25']","type":"top","singular":"1","template_type":"singular","style":{"css":{"(min-width: 300px)":"{{css_export_placeholder}} .section-background { border: none; background-color: var(--tcb-skin-color-0)  !important; background-image: linear-gradient(var(--tcb-skin-color-18), var(--tcb-skin-color-18)), url(\"{{img=606ac842cb6258606f2db6fc686f0eb6}}\")  !important; background-size: auto, cover !important; background-position: 50% 50%, 50% 41% !important; background-attachment: scroll, scroll !important; background-repeat: no-repeat, no-repeat !important; }{{css_export_placeholder}} .section-content { display: flex; flex-direction: column; text-align: center; --tve-color:rgb(255, 255, 255); justify-content: center; padding: 40px 20px !important; min-height: 280px !important; }{{css_export_placeholder}} [data-css=\"tve-u-1705c8d227f\"] { padding-left: 20px !important; padding-right: 20px !important; margin-bottom: 10px !important; }:not(#tve) {{css_export_placeholder}} [data-css=\"tve-u-1705c92d1dc\"] { color: rgb(255, 255, 255) !important; --tcb-applied-color:rgb(255, 255, 255)  !important; padding-bottom: 0px !important; margin-bottom: 0px !important; }{{css_export_placeholder}} .section-content p, {{css_export_placeholder}} .section-content li, {{css_export_placeholder}} .section-content label, {{css_export_placeholder}} .section-content .tcb-plain-text { color: var(--tve-color, rgb(255, 255, 255)); --tcb-applied-color:rgb(255, 255, 255); }{{css_export_placeholder}} .thrive-breadcrumbs { justify-content: center !important; }{{css_export_placeholder}} [data-css=\"tve-u-1705d039c2d\"] .thrive-breadcrumb-path { font-size: 14px; color: rgb(255, 255, 255); }{{css_export_placeholder}} [data-css=\"tve-u-1705d039c2d\"] .thrive-breadcrumb-leaf { font-size: 14px; color: rgb(255, 255, 255); }{{css_export_placeholder}} [data-css=\"tve-u-1705d039c2d\"] .thrive-breadcrumb-separator { font-size: 14px; width: 14px; height: 14px; color: rgb(255, 255, 255); }:not(#tve) {{css_export_placeholder}} [data-css=\"tve-u-1705d039c2d\"] .thrive-breadcrumb-separator { margin-left: 8px; margin-right: 8px; }","(max-width: 1023px)":"{{css_export_placeholder}} .section-content { padding: 40px !important; min-height: 220px !important; }","(max-width: 767px)":"{{css_export_placeholder}} .section-content { padding: 25px 20px !important; min-height: 170px !important; }{{css_export_placeholder}} .thrive-breadcrumbs { padding: 1px !important; }{{css_export_placeholder}} [data-css=\"tve-u-1705c8d227f\"] { margin-bottom: 20px !important; }"},"fonts":[],"dynamic":[]},"icons":[],"decoration":[],"comments":[],"tve_globals":{"js_sdk":[],"fb_comment_admins":""},"attr":{"class":""}}}}