{"2421fcb1263b9530df88f7f002e78ea5":{"ID":"436","post_title":"Page Banner - Featured Image 02","post_type":"thrive_section","post_status":"publish","meta_input":{"skin_tag":"q1qj01","content":"<div class=\"thrv_wrapper thrv_text_element\" style=\"\" data-css=\"tve-u-16ed08ce675\"><h1 class=\"\" data-css=\"tve-u-16f7f4f617e\"><span class=\"thrive-shortcode-content\" data-attr-link=\"0\" data-extra_key=\"\" data-option-inline=\"1\" data-shortcode=\"tcb_post_title\" data-shortcode-name=\"Post Title\">[tcb_post_title link='0' inline='1']<\/span><\/h1><\/div>","type":"top","singular":"1","template_type":"singular","style":{"css":{"(min-width: 300px)":"{{css_export_placeholder}} .section-background { background-image: linear-gradient(rgba(2, 3, 4, 0.14) 22%, rgba(2, 3, 4, 0.65) 100%), url(\"{{img=455ee896b97e5a92b7d8785aa465728b}}?dynamic_featured=1&size=full\") !important; background-size: auto, cover !important; background-position: 50% 50%, 50% 50% !important; background-attachment: scroll, scroll !important; background-repeat: no-repeat, no-repeat !important; }{{css_export_placeholder}} .section-content { justify-content: center; display: flex; flex-direction: column; text-align: center; --tve-color:rgb(255, 255, 255); min-height: 350px !important; padding: 40px 20px 60px !important; }{{css_export_placeholder}} [data-css=\"tve-u-16ed08ce675\"] { padding: 0px !important; margin-bottom: 0px !important; }:not(#tve) {{css_export_placeholder}} [data-css=\"tve-u-16f7f4f617e\"] { color: rgb(255, 255, 255) !important; --tcb-applied-color:rgb(255, 255, 255)  !important; padding-bottom: 0px !important; margin-bottom: 0px !important; }{{css_export_placeholder}} [data-css=\"tve-u-1707d75f09d\"] { height: 75px; bottom: 0px; fill: rgb(255, 255, 255); }","(max-width: 1023px)":"{{css_export_placeholder}} .section-content { min-height: 300px !important; padding: 40px 40px 60px !important; }","(max-width: 767px)":"{{css_export_placeholder}} .section-content { padding: 20px 20px 40px !important; min-height: 220px !important; }"},"fonts":[],"dynamic":{"(min-width: 300px)":"{{css_export_placeholder}} .section-background{background-image: linear-gradient(rgba(2, 3, 4, 0.14) 22%, rgba(2, 3, 4, 0.65) 100%), url(\"[tcb_featured_image_url size=full]\") !important;}"}},"icons":[],"decoration":{"clip-id":"","svg":"<svg version=\"1.1\" id=\"Layer_1\" xmlns=\"http:\/\/www.w3.org\/2000\/svg\" xmlns:xlink=\"http:\/\/www.w3.org\/1999\/xlink\" x=\"0px\" y=\"0px\" viewBox=\"0 0 1000 234.7\" style=\"\" xml:space=\"preserve\" data-position=\"bottom\" data-ct=\"38730\" decoration-type=\"Rounded Corner\" class=\"svg-shape-bottom\" width=\"100%\" preserveAspectRatio=\"none\" data-css=\"tve-u-1707d75f09d\">\n<style type=\"text\/css\">\n<\/style>\n<path class=\"p1707d75f097\" d=\"M1000,2.2L571,172c-60.6,23.6-85.4,22.6-146.2,0L0,0v234.7h1000V2.2z\"><\/path>\n<\/svg>"},"comments":[],"attr":{"class":""}}}}