{"4ea06fbc83cdd0a06020c35d50e1e89a":{"ID":770,"title":"01 - Logo - Menu - Call to Action","meta_input":{"tve_updated_post":"<div class=\"symbol-section-out tve-default-state\" style=\"\" data-tcb_hover_state_parent=\"\"><\/div> <div class=\"symbol-section-in tve-default-state\" style=\"\"><div class=\"thrv_wrapper thrv-columns\" style=\"\" data-css=\"tve-u-16eff064345\"><div class=\"tcb-flex-row v-2 m-edit tcb-medium-no-wrap tcb-resized tcb-mobile-wrap tcb--cols--2\" style=\"padding: 0px !important;\" data-css=\"tve-u-16eff063edc\"><div class=\"tcb-flex-col\" data-css=\"tve-u-16eff067282\" style=\"\"><div class=\"tcb-col\" style=\"\">[tcb_logo href='https:\/\/shapeshift.ttbbuild.thrivethemes.com' data-id-d='0' data-css='tve-u-17076c6b956' data-img-style='' class='' data-alt='']<\/div><\/div><div class=\"tcb-flex-col\" data-css=\"tve-u-16eff067395\" style=\"\"><div class=\"tcb-col\" style=\"\"><div class=\"tcb-clear\" data-css=\"tve-u-16eff0801da\"><div class=\"thrv_wrapper thrv_widget_menu tve-custom-menu-upgrade tve-mobile-dropdown tve-menu-template-light-tmp-first da-fold tve-regular\" data-tve-switch-icon=\"tablet,mobile\" data-css=\"tve-u-170156e432e\" style=\"\"><div class=\"thrive-shortcode-config\" style=\"display:none\">__CONFIG_widget_menu__{\"menu_id\":\"custom\",\"dropdown_icon\":\"style_1\",\"mobile_icon\":\"style_1\",\"dir\":\"tve_horizontal\",\"icon\":{\"top\":\"\",\"sub\":\"\"},\"layout\":{\"default\":\"grid\"},\"type\":\"regular\",\"mega_desc\":{},\"actions\":{},\"uuid\":\"m-170156e432d\",\"template\":\"39777\",\"template_name\":\"Dropdown 01\",\"unlinked\":{\":last-child\":true},\"top_cls\":{\"main\":\"c-underline\"}}__CONFIG_widget_menu__<\/div> <div class=\"thrive-shortcode-html tve-custom-menu-type thrive-shortcode-html-editable tve_clearfix\" style=\"\"> <a class=\"tve-m-trigger\" href=\"#\"> <div class=\"thrv_wrapper thrv_icon tcb-icon-open\" data-not-changeable=\"true\"><svg class=\"tcb-icon\" viewBox=\"0 0 24 24\" data-name=\"align-justify\"><g><g><path class=\"st0\" d=\"M23,13H1c-0.6,0-1-0.4-1-1s0.4-1,1-1h22c0.6,0,1,0.4,1,1S23.6,13,23,13z\"><\/path><\/g><g><path class=\"st0\" d=\"M23,6.7H1c-0.6,0-1-0.4-1-1s0.4-1,1-1h22c0.6,0,1,0.4,1,1S23.6,6.7,23,6.7z\"><\/path><\/g><g><path class=\"st0\" d=\"M23,19.3H1c-0.6,0-1-0.4-1-1s0.4-1,1-1h22c0.6,0,1,0.4,1,1S23.6,19.3,23,19.3z\"><\/path><\/g><\/g><\/svg><\/div> <div class=\"thrv_wrapper thrv_icon tcb-icon-close\" data-not-changeable=\"true\"><svg class=\"tcb-icon\" viewBox=\"0 0 24 24\" data-name=\"close\"><path class=\"st0\" d=\"M13.4,12l7.1-7.1c0.4-0.4,0.4-1,0-1.4s-1-0.4-1.4,0L12,10.6L4.9,3.5c-0.4-0.4-1-0.4-1.4,0s-0.4,1,0,1.4l7.1,7.1 l-7.1,7.1c-0.4,0.4-0.4,1,0,1.4c0.4,0.4,1,0.4,1.4,0l7.1-7.1l7.1,7.1c0.4,0.4,1,0.4,1.4,0c0.4-0.4,0.4-1,0-1.4L13.4,12z\"><\/path><\/svg><\/div> <\/a> <ul id=\"m-170156e432d\" class=\"tve_w_menu tve_horizontal\" data-iid=\"9\"> <li class=\"menu-item menu-item-1 lvl-0 c-underline tve_editable\" data-id=\"1\"> <a class=\"menu-item menu-item-1-a menu-item-1 \" href=\"\"> <span class=\"tve-disabled-text-inner\">Nav#1<\/span><\/a> <\/li> <li class=\"menu-item menu-item-3 lvl-0 c-underline tve_editable\" data-id=\"3\"> <a class=\"menu-item menu-item-3-a menu-item-3 \" href=\"\"> <span class=\"tve-disabled-text-inner\">Nav#2<\/span><\/a> <\/li> <li class=\"menu-item menu-item-2 menu-item-has-children lvl-0 c-underline tve_editable\" data-id=\"2\"> <a class=\"menu-item menu-item-2-a menu-item-2 \" href=\"\"> <span class=\"tve-disabled-text-inner\">Nav #3<\/span><span class=\"tve-item-dropdown-trigger\"><svg xmlns=\"http:\/\/www.w3.org\/2000\/svg\" class=\"tve-dropdown-icon-up\" viewBox=\"0 0 320 512\"><path d=\"M151.5 347.8L3.5 201c-4.7-4.7-4.7-12.3 0-17l19.8-19.8c4.7-4.7 12.3-4.7 17 0L160 282.7l119.7-118.5c4.7-4.7 12.3-4.7 17 0l19.8 19.8c4.7 4.7 4.7 12.3 0 17l-148 146.8c-4.7 4.7-12.3 4.7-17 0z\"><\/path><\/svg><\/span><\/a> <ul class=\"sub-menu menu-item-2-ul tve_editable\"> <li class=\"menu-item menu-item-5 lvl-1 tve_editable\" data-id=\"5\"> <a class=\"menu-item menu-item-5-a menu-item-5 \" href=\"\"> <span class=\"tve-disabled-text-inner\">Subnav #1<\/span><\/a> <\/li> <li class=\"menu-item menu-item-6 lvl-1 tve_editable\" data-id=\"6\"> <a class=\"menu-item menu-item-6-a menu-item-6 \" href=\"\"> <span class=\"tve-disabled-text-inner\">Subnav #2<\/span><\/a> <\/li> <\/ul> <\/li> <li class=\"menu-item menu-item-7 lvl-0 c-underline tve_editable\" data-id=\"7\"> <a class=\"menu-item menu-item-7-a menu-item-7 \" href=\"\"> <span class=\"tve-disabled-text-inner\">Nav #4<\/span><\/a> <\/li> <li class=\"menu-item menu-item-8 lvl-0 c-underline tve_editable tcb-excluded-from-group-item\" data-id=\"8\"> <a class=\"menu-item menu-item-8-a menu-item-8 \" href=\"\"> <span class=\"tve-disabled-text-inner\">Call to Action<\/span><\/a> <\/li> <\/ul> <\/div><\/div><\/div><\/div><\/div><\/div><\/div><\/div>","tve_custom_css":"@import url(\"https:\/\/fonts.googleapis.com\/css?family=Source+Sans+Pro:400,600&subset=latin\");@media (min-width: 300px){.thrv_symbol_770 [data-css=\"tve-u-16eff063edc\"] { padding: 0px !important; }.thrv_symbol_770 [data-css=\"tve-u-16eff064345\"] { margin: 0px !important; }.thrv_symbol_770 [data-css=\"tve-u-16eff063edc\"] > .tcb-flex-col > .tcb-col { justify-content: center; }.thrv_symbol_770 [data-css=\"tve-u-16eff067282\"] { max-width: 24.1%; }.thrv_symbol_770 [data-css=\"tve-u-16eff067395\"] { max-width: 75.9%; }.thrv_symbol_770 [data-css=\"tve-u-16eff0801da\"]::after { clear: both; }.thrv_symbol_770 .symbol-section-out { box-shadow: rgba(0, 0, 0, 0.08) 0px 2px 30px 0px; background-color: rgb(255, 255, 255) !important; }.thrv_symbol_770 [data-css=\"tve-u-170156e432e\"] { border-top: none; border-bottom: none; float: right; z-index: 3; position: relative; padding: 0px !important; margin: 0px !important; }.thrv_symbol_770 [data-css=\"tve-u-170156e432e\"] .tve_w_menu { background-color: transparent !important; padding-top: 0px !important; padding-bottom: 0px !important; }.thrv_symbol_770 .thrv_widget_menu #m-170156e432d ul:not(.tcb-excluded-from-group-item) { width: 100%; margin-left: 0px !important; padding-top: 0px !important; background-image: linear-gradient(var(--tcb-skin-color-0), var(--tcb-skin-color-0))  !important; background-size: auto !important; background-position: 50% 50% !important; background-attachment: scroll !important; background-repeat: no-repeat !important; box-shadow: none !important; border-right: none !important; padding-bottom: 0px !important; }.thrv_symbol_770 .thrv_widget_menu #m-170156e432d > li:not(.tcb-excluded-from-group-item) { border-right: none; border-bottom: none; border-left: none; --tve-color:var(--tcb-skin-color-4); --tve-font-weight:var(--g-bold-weight, bold) ; --tve-font-size:14px; padding: 5px 14px !important; margin-right: 0px !important; margin-left: 0px !important; }.thrv_symbol_770 .thrv_widget_menu #m-170156e432d li li:not(.tcb-excluded-from-group-item) > a { font-family: \"Source Sans Pro\"; font-size: 14px !important; color: rgb(255, 255, 255) !important; font-weight: 400 !important; }.thrv_symbol_770 .thrv_widget_menu #m-170156e432d li li:not(.tcb-excluded-from-group-item) { text-align: center; border: none; padding-top: 10px !important; padding-bottom: 10px !important; background-image: none !important; }.thrv_symbol_770 .thrv_widget_menu #m-170156e432d > li:not(.tcb-excluded-from-group-item) > a { text-transform: capitalize; --tcb-applied-color:var$(--tcb-skin-color-4); font-weight: 600 !important; color: var(--tve-color, var(--tcb-skin-color-4))  !important; font-size: var(--tve-font-size, 14px)  !important; }.thrv_symbol_770 .thrv_widget_menu #m-170156e432d > li:not(.tcb-excluded-from-group-item) > ul { width: calc(100% + 1px); min-width: calc(100% + 1px); margin-left: 0px !important; margin-top: 1px !important; }.thrv_symbol_770 .thrv_widget_menu #m-170156e432d > li:last-child { text-align: center; border: none; border-radius: 100px; box-shadow: none; padding-left: 42px !important; padding-right: 42px !important; margin-right: 0px !important; margin-left: 30px !important; background-image: linear-gradient(rgb(57, 163, 209), rgb(57, 163, 209)) !important; background-size: auto !important; background-position: 50% 50% !important; background-attachment: scroll !important; background-repeat: no-repeat !important; }.thrv_symbol_770 .thrv_widget_menu #m-170156e432d > li:last-child > a { font-family: \"Source Sans Pro\"; text-transform: capitalize; font-size: 16px !important; font-weight: 600 !important; color: rgb(255, 255, 255) !important; }:not(#tve) .thrv_symbol_770 .thrv_widget_menu #m-170156e432d li li:not(.tcb-excluded-from-group-item):hover { background-color: var(--tcb-skin-color-0)  !important; background-image: linear-gradient(rgba(0, 0, 0, 0.1), rgba(0, 0, 0, 0.1)) !important; border-top: none !important; background-size: auto !important; background-position: 50% 50% !important; background-attachment: scroll !important; background-repeat: no-repeat !important; }:not(#tve) .thrv_symbol_770 .thrv_widget_menu #m-170156e432d > li:not(.tcb-excluded-from-group-item):hover { border-bottom: none !important; }:not(#tve) .thrv_symbol_770 .thrv_widget_menu #m-170156e432d > li:last-child:hover { box-shadow: none !important; background-image: linear-gradient(rgba(0, 0, 0, 0.1), rgba(0, 0, 0, 0.1)), linear-gradient(rgb(57, 163, 209), rgb(57, 163, 209)) !important; background-size: auto, auto !important; background-position: 50% 50%, 50% 50% !important; background-attachment: scroll, scroll !important; background-repeat: no-repeat, no-repeat !important; border: none !important; }:not(#tve) .thrv_symbol_770 .thrv_widget_menu #m-170156e432d > li:last-child:hover > a { color: rgb(255, 255, 255) !important; }:not(#tve) .thrv_symbol_770 .thrv_widget_menu #m-170156e432d li li:not(.tcb-excluded-from-group-item):hover > a { text-decoration: none !important; }.thrv_symbol_770 .thrv_widget_menu #m-170156e432d > li.menu-item:last-child { border: 2px solid var(--tcb-skin-color-1); --tve-color:var(--tcb-skin-color-0); --tve-font-weight:var(--g-bold-weight, bold) ; --tve-letter-spacing:1px; border-radius: 50px; padding: 5px 14px !important; background-image: none !important; }:not(#tve) .thrv_symbol_770 .thrv_widget_menu #m-170156e432d > li:not(.tcb-excluded-from-group-item) > a { font-weight: var(--tve-font-weight, var(--g-bold-weight, bold) )  !important; }.thrv_symbol_770 .thrv_widget_menu #m-170156e432d > li.menu-item:last-child > a { --tcb-applied-color:var$(--tcb-skin-color-0); color: var(--tve-color, var(--tcb-skin-color-0))  !important; letter-spacing: var(--tve-letter-spacing, 1px)  !important; }:not(#tve) .thrv_symbol_770 .thrv_widget_menu #m-170156e432d > li.menu-item:last-child > a { font-weight: var(--tve-font-weight, var(--g-bold-weight, bold) )  !important; }:not(#tve) .thrv_symbol_770 .thrv_widget_menu #m-170156e432d > li.menu-item:last-child:hover > a { letter-spacing: var(--tve-letter-spacing, 1px)  !important; }:not(#tve) .thrv_symbol_770 .thrv_widget_menu #m-170156e432d > li.menu-item:last-child:hover { --tve-letter-spacing:1px  !important; background-image: linear-gradient(var(--tcb-skin-color-0), var(--tcb-skin-color-0))  !important; background-size: auto !important; background-position: 50% 50% !important; background-attachment: scroll !important; background-repeat: no-repeat !important; border: 2px solid var(--tcb-skin-color-0)  !important; }.thrv_symbol_770 .thrv_widget_menu #m-170156e432d > li.menu-item:last-child.tve-state-active { border: 2px solid var(--tcb-skin-color-0); }.thrv_symbol_770 .symbol-section-in { max-width: 100%; padding: 8px 20px !important; }.thrv_symbol_770 [data-css=\"tve-u-17076c6b956\"] { width: 160px; margin-top: 0px !important; margin-bottom: 0px !important; }.thrv_symbol_770 { margin-left: 0px !important; z-index: 10 !important; }.thrv_symbol_770.tve-default-state .symbol-section-out.tve-default-state { background-image: none !important; --tve-applied-background-image:none  !important; }.thrv_symbol_770.tve-default-state .symbol-section-in { min-height: 8px !important; }.thrv_symbol_770.tve-default-state { }}@media (max-width: 1023px){.thrv_symbol_770 [data-css=\"tve-u-16eff063edc\"] { padding: 0px !important; flex-flow: row nowrap !important; }.thrv_symbol_770 [data-css=\"tve-u-16eff067395\"] { max-width: 67.4%; }.thrv_symbol_770 [data-css=\"tve-u-16eff067282\"] { max-width: 32.6%; }:not(#tve) .thrv_symbol_770 [data-css=\"tve-u-170156e432e\"] .tcb-icon-open > :first-child { color: rgb(57, 163, 209); }.thrv_symbol_770 [data-css=\"tve-u-170156e432e\"] .tcb-icon-open { font-size: 25px; width: 25px; height: 25px; }:not(#tve) .thrv_symbol_770 [data-css=\"tve-u-170156e432e\"] .tcb-icon-close > :first-child { color: rgb(57, 163, 209); }.thrv_symbol_770 [data-css=\"tve-u-170156e432e\"] .tcb-icon-close { font-size: 25px; width: 25px; height: 25px; }.thrv_symbol_770 .thrv_widget_menu #m-170156e432d > li:last-child { margin-left: 0px !important; padding-top: 0px !important; margin-top: 33px !important; }.thrv_symbol_770 .thrv_widget_menu #m-170156e432d > li:not(.tcb-excluded-from-group-item) { padding: 0px !important; margin-top: 10px !important; }:not(#tve) .thrv_symbol_770 [data-css=\"tve-u-170156e432e\"] .tve-m-trigger .thrv_icon > svg { color: var(--tcb-skin-color-4); }.thrv_symbol_770 .thrv_widget_menu #m-170156e432d li li:not(.tcb-excluded-from-group-item) > a { --tcb-applied-color:rgb(255, 255, 255); color: var(--tve-color, rgb(255, 255, 255))  !important; font-size: var(--tve-font-size, 16px)  !important; line-height: var(--tve-line-height, 1em)  !important; }.thrv_symbol_770 .thrv_widget_menu #m-170156e432d li li:not(.tcb-excluded-from-group-item) { --tve-color:rgb(255, 255, 255); --tve-font-size:16px; --tve-line-height:1em; padding-top: 4px !important; padding-bottom: 4px !important; background-color: transparent !important; }.thrv_symbol_770 [data-css=\"tve-u-170156e432e\"] .tve_w_menu { padding: 20px 40px !important; background-color: rgb(255, 255, 255) !important; }.thrv_symbol_770 .thrv_widget_menu #m-170156e432d > li.menu-item:last-child { margin-top: 15px !important; padding-top: 4px !important; padding-bottom: 4px !important; }.thrv_symbol_770 .thrv_widget_menu #m-170156e432d ul:not(.tcb-excluded-from-group-item) { background-image: linear-gradient(var(--tcb-skin-color-0), var(--tcb-skin-color-0))  !important; background-size: auto !important; background-position: 50% 50% !important; background-attachment: scroll !important; background-repeat: no-repeat !important; }.thrv_symbol_770 [data-css=\"tve-u-170156e432e\"] { z-index: 4 !important; }.thrv_symbol_770 .symbol-section-in { padding-left: 40px !important; padding-right: 30px !important; }}@media (max-width: 767px){.thrv_symbol_770 [data-css=\"tve-u-16eff063edc\"] { padding: 0px !important; flex-flow: row wrap !important; }.thrv_symbol_770 [data-css=\"tve-u-16eff063edc\"] .tcb-flex-col { flex-basis: 103px !important; }.thrv_symbol_770 [data-css=\"tve-u-170156e432e\"] .tve_w_menu { padding-left: 20px !important; padding-right: 20px !important; padding-top: 20px !important; }.thrv_symbol_770 .thrv_widget_menu #m-170156e432d > li:not(.tcb-excluded-from-group-item) > a { line-height: var(--tve-line-height, 1.4em)  !important; }.thrv_symbol_770 .thrv_widget_menu #m-170156e432d > li:not(.tcb-excluded-from-group-item) { --tve-line-height:1.4em; padding: 0px !important; margin-top: 0px !important; margin-bottom: 0px !important; }.thrv_symbol_770 .thrv_widget_menu #m-170156e432d > li.menu-item:last-child > a { line-height: var(--tve-line-height, 1em)  !important; }.thrv_symbol_770 .thrv_widget_menu #m-170156e432d > li.menu-item:last-child { --tve-line-height:1em; }.thrv_symbol_770 .thrv_widget_menu #m-170156e432d li li:not(.tcb-excluded-from-group-item) > a { line-height: var(--tve-line-height, 1em)  !important; }.thrv_symbol_770 .thrv_widget_menu #m-170156e432d li li:not(.tcb-excluded-from-group-item) { --tve-line-height:1em; }.thrv_symbol_770 .symbol-section-in { padding-left: 20px !important; padding-right: 10px !important; }}","icons":""},"type":"header"}}