[{"ID":5184,"post_title":"Product Page 04","post_type":"thrive_template","meta_input":{"default":"0","layout":"20f07591c6fcb220ffe637cda29bb3f6","layout_data":{"hide_sidebar":1},"structure":"[thrive_template_section type=\"top\" ][thrive_template_content]\n\n\t\n\n\t[thrive_main_container]\n\t\t[thrive_template_section type=\"sidebar\" ]\n\t\t[thrive_template_section type=\"content\" ]\n\t[\/thrive_main_container]\n\n\t\n\n[\/thrive_template_content][thrive_template_section type=\"bottom\" ]","sidebar-type":"","sticky-sidebar":"","off-screen-sidebar":"","tve_globals":{"js_sdk":[],"fb_comment_admins":""},"comments":{"labels":[],"icons":[]},"sections":{"top":{"id":0,"content":"<div class=\"thrv_wrapper thrv_text_element\" style=\"\" data-css=\"tve-u-172801e4840\"><p data-css=\"tve-u-1729e8c414c\" style=\"\"><span style=\"font-size: 17px;\" data-css=\"tve-u-172dc888df8\"><strong>10%<\/strong>&nbsp;<\/span>discount with code:<span style=\"background-color: var(--tcb-skin-color-1);\" data-css=\"tve-u-172dc891ebe\">SPRING20<\/span><\/p><\/div>","decoration":[],"comments":[],"attr":{"class":""},"hide":0},"sidebar":{"id":0,"content":"\n<div class=\"thrv_wrapper thrv_contentbox_shortcode thrv-content-box tve-elem-default-pad\" data-css=\"tve-u-1725bac5eae\" style=\"\" data-class=\"\">\n\t<div class=\"tve-content-box-background\" data-css=\"tve-u-1725ba1e54e\" style=\"\"><\/div>\n\t<div class=\"tve-cb\" style=\"\" data-css=\"tve-u-1725ba26717\"><div class=\"thrv_wrapper thrv_text_element\" style=\"\" data-css=\"tve-u-172f0e01492\"><p data-css=\"tve-u-17299cd57a8\" style=\"\">we Offer secure payment options<\/p><\/div><div class=\"thrv_wrapper thrv_text_element\" style=\"\" data-css=\"tve-u-17299451e08\"><p data-css=\"tve-u-172f0dcb678\" style=\"\">We strive to make your shopping experience safe, secute &amp; enjoyable<\/p><\/div><div class=\"thrv_wrapper thrv-credit\" data-style=\"style1\" data-cards=\"visa,masterCard,americanExpress,payPal,googlePay,applePay,bitcoin\" style=\"\" data-css=\"tve-u-172f0d8c2cc\"><svg viewBox=\"0 0 72 52\" class=\"tcb-visa-card\"><g><path class=\"visa-style-1-st0\" d=\"M7.6,0.9h56.7c3.7,0,6.6,3,6.6,6.6v36.7c0,3.7-3,6.6-6.6,6.6H7.6c-3.7,0-6.6-3-6.6-6.6V7.5C1,3.9,4,0.9,7.6,0.9z\"><\/path><path class=\"visa-style-1-st1\" d=\"M24.8,33.8h-4.1l-3.1-11.6c-0.1-0.5-0.5-1-0.9-1.2c-1.1-0.6-2.4-1-3.7-1.2v-0.4h6.6c0.9,0,1.6,0.7,1.7,1.5l1.6,8.4l4.1-9.8h4L24.8,33.8z M33.1,33.8h-3.8l3.2-14.5h3.8L33.1,33.8z M41.2,23.3c0.1-0.8,0.8-1.2,1.6-1.2c1.2-0.1,2.6,0.1,3.7,0.7l0.7-3.1c-1.1-0.4-2.4-0.7-3.5-0.7c-3.7,0-6.4,2-6.4,4.8c0,2.1,1.9,3.2,3.3,3.9c1.5,0.7,2,1.1,1.9,1.8c0,1-1.1,1.5-2.3,1.5c-1.4,0-2.7-0.3-4-0.9l-0.7,3.1c1.4,0.6,2.8,0.8,4.2,0.8C44,34,46.6,32,46.6,29C46.6,25.2,41.2,25,41.2,23.3L41.2,23.3z M60,33.8l-3.1-14.5h-3.3c-0.7,0-1.4,0.4-1.6,1.1l-5.6,13.4h4l0.8-2.1H56l0.5,2.1H60z M54.2,23.2l1.1,5.5h-3.2L54.2,23.2z\"><\/path><\/g><\/svg><svg viewBox=\"0 0 72 52\" class=\"tcb-masterCard-card\"><g transform=\"translate(337.000000, 0.000000)\"><path class=\"masterCard-style-1-st0\" d=\"M-329.4,0.9h56.7c3.7,0,6.6,3,6.6,6.6v36.7c0,3.7-3,6.6-6.6,6.6h-56.7c-3.7,0-6.6-3-6.6-6.6V7.5C-336,3.9-333,0.9-329.4,0.9z\"><\/path><g transform=\"translate(12.526316, 11.194030)\"><path class=\"masterCard-style-1-st1\" d=\"M-313.2,4.5c-2.4-2.1-5.5-3.3-8.8-3.3c-7.5,0-13.6,6.2-13.6,13.8s6.1,13.8,13.6,13.8c3.4,0,6.5-1.2,8.8-3.3c2.4,2.1,5.5,3.3,8.8,3.3c7.5,0,13.6-6.2,13.6-13.8s-6.1-13.8-13.6-13.8C-307.7,1.2-310.8,2.4-313.2,4.5z\"><\/path><path class=\"masterCard-style-1-st2\" d=\"M-313.2,4.5c-2.4-2.1-5.5-3.3-8.8-3.3c-7.5,0-13.6,6.2-13.6,13.8s6.1,13.8,13.6,13.8c3.4,0,6.5-1.2,8.8-3.3c-2.9-2.5-4.8-6.3-4.8-10.5S-316.1,7-313.2,4.5z\"><\/path><path class=\"masterCard-style-1-st3\" d=\"M-313.2,25.5c2.4,2.1,5.5,3.3,8.8,3.3c7.5,0,13.6-6.2,13.6-13.8s-6.1-13.8-13.6-13.8c-3.4,0-6.5,1.2-8.8,3.3c2.9,2.5,4.8,6.3,4.8,10.5S-310.2,23-313.2,25.5z\"><\/path><\/g><\/g><\/svg><svg viewBox=\"0 0 72 52\" class=\"tcb-americanExpress-card\"><g><g><g transform=\"translate(169.000000, 0.000000)\"><path class=\"americanExpress-style-1-st0\" d=\"M-161.4,0.9h56.7c3.7,0,6.6,3,6.6,6.6v36.7c0,3.7-3,6.6-6.6,6.6h-56.7c-3.7,0-6.6-3-6.6-6.6V7.5C-168,3.9-165,0.9-161.4,0.9z\"><\/path><\/g><\/g><path class=\"americanExpress-style-1-st1\" d=\"M31,28.2l-3.8-8.4h-4.6v11.9l-5.4-11.9h-3.8L8,32.3h3.2l1.1-2.7h6l1.1,2.7h6.2v-9.2l4.1,9.2h2.7l4.1-8.9v8.9h3V20.1h-4.6L31,28.5L31,28.2z M15.4,26.9h-1.9l1.9-4.3l0,0l2,4.3L15.4,26.9z\"><\/path><path class=\"americanExpress-style-1-st1\" d=\"M58.4,26l2.2-2.4l3.2-3.5H60l-3.5,3.8L53,20.1H41.3v12.2H53l3.5-4.1l3.5,4.1h3.8l-3.2-3.8L58.4,26z M51.1,29.8h-6.8v-2.4h6.8V25h-6.8v-2.2h6.8l3.5,3.2L51.1,29.8z\"><\/path><\/g><\/svg><svg viewBox=\"0 0 72 52\" class=\"tcb-payPal-card\"><g><g transform=\"translate(85.000000, 0.000000)\"><path class=\"payPal-style-1-st0\" d=\"M-77.4,0.9h56.7c3.7,0,6.6,3,6.6,6.6v36.7c0,3.7-3,6.6-6.6,6.6h-56.7c-3.7,0-6.6-3-6.6-6.6V7.5C-84,3.9-81,0.9-77.4,0.9z\"><\/path><\/g><path class=\"payPal-style-1-st1\" d=\"M34.7,18.3h8.1c4.3,0,6,2.2,5.7,5.4c-0.4,5.3-3.6,8.3-7.9,8.3h-2.2c-0.6,0-1,0.4-1.1,1.4l-0.9,6.1c-0.1,0.4-0.3,0.6-0.6,0.7h-5.1c-0.5,0-0.6-0.4-0.5-1.2l3.1-19.6C33.4,18.7,33.8,18.3,34.7,18.3z\"><\/path><path class=\"payPal-style-1-st2\" d=\"M29.6,11.6h8.1c2.3,0,5,0.1,6.8,1.7c1.2,1.1,1.8,2.8,1.7,4.6c-0.5,6.2-4.2,9.6-9.1,9.6h-4c-0.7,0-1.1,0.4-1.3,1.7l-1.1,7.1C30.6,36.7,30.4,37,30,37h-5c-0.6,0-0.7-0.4-0.6-1.3L28,12.9C28.2,12,28.7,11.6,29.6,11.6z\"><\/path><\/g><\/svg><svg viewBox=\"0 0 72 52\" class=\"tcb-googlePay-card\"><g><g><g transform=\"translate(169.000000, 0.000000)\"><path class=\"googlePay-style-1-st0\" d=\"M-161.3,0.9h56.7c3.7,0,6.6,3,6.6,6.6v36.7c0,3.7-3,6.6-6.6,6.6h-56.7c-3.7,0-6.6-3-6.6-6.6V7.5C-167.9,3.9-164.9,0.9-161.3,0.9z\"><\/path><\/g><rect x=\"18.4\" y=\"0.9\" transform=\"matrix(-1 -1.224647e-16 1.224647e-16 -1 54.3 51.8)\" class=\"googlePay-style-1-st1\" width=\"17.5\" height=\"50\"><\/rect><rect x=\"35.9\" y=\"0.9\" transform=\"matrix(-1 -1.224647e-16 1.224647e-16 -1 89.3 51.8)\" class=\"googlePay-style-1-st2\" width=\"17.5\" height=\"50\"><\/rect><path class=\"googlePay-style-1-st3\" d=\"M64.9,0.9H53.4v50h11.5c3.3,0,6-2.7,6-6v-38C70.9,3.6,68.2,0.9,64.9,0.9z\"><\/path><\/g><g><path class=\"googlePay-style-1-st4\" d=\"M42.8,17.7c-0.9-0.9-2.2-1.4-3.5-1.4H34V32h2v-6.3v0h3.3c1.4,0,2.5-0.4,3.5-1.3c0.9-0.8,1.5-2.1,1.4-3.3C44.3,19.7,43.7,18.5,42.8,17.7z M41.4,22.9c-0.5,0.5-1.2,0.8-2,0.8H36v-5.5v0h3.4c0.8,0,1.5,0.3,2,0.8c0,0,0,0,0.1,0.1C42.5,20.2,42.5,21.9,41.4,22.9z\"><\/path><path class=\"googlePay-style-1-st4\" d=\"M48.9,20.9c-1.9,0-3.4,0.7-4.3,2.1l1.8,1.1c0.7-0.9,1.5-1.4,2.7-1.4c0.7,0,1.4,0.3,1.9,0.7c0.5,0.4,0.8,1.1,0.8,1.8v0.5C51,25.3,50,25,48.8,25c-1.4,0-2.5,0.3-3.4,1c-0.8,0.7-1.3,1.5-1.3,2.6c0,1,0.4,2,1.2,2.6c0.8,0.7,1.8,1.1,3,1.1c1.4,0,2.5-0.6,3.3-1.8h0.1V32h1.9v-6.6c0-1.4-0.4-2.5-1.3-3.3C51.6,21.3,50.4,20.9,48.9,20.9z M50.8,29.6c-0.6,0.6-1.4,0.9-2.3,0.9c-0.6,0-1.1-0.2-1.6-0.5c-0.4-0.3-0.7-0.8-0.7-1.3c0-0.6,0.3-1.1,0.8-1.5c0.5-0.4,1.2-0.6,2-0.6c1.1,0,2,0.3,2.6,0.8C51.8,28.2,51.5,29,50.8,29.6z\"><\/path><polygon class=\"googlePay-style-1-st4\" points=\"62.6,21.3 59.5,29 59.4,29 56.2,21.3 54,21.3 58.5,31.3 56,36.7 58,36.7 64.8,21.3 \"><\/polygon><path class=\"googlePay-style-1-st4\" d=\"M19.2,22.5v3.5h4.9c-0.2,1.1-0.9,2.1-1.8,2.7v0c-0.8,0.5-1.8,0.9-3.1,0.9c-2.3,0-4.3-1.6-5.1-3.7c-0.4-1.1-0.4-2.3,0-3.4c0.7-2.1,2.7-3.7,5.1-3.7c1.3,0,2.5,0.5,3.5,1.4l2.6-2.6c-1.6-1.5-3.8-2.4-6-2.3c-3.4,0-6.5,1.9-8,5c-1.3,2.5-1.3,5.5,0,8.1c1.5,3,4.6,5,8,5c2.4,0,4.5-0.8,6-2.2l0,0h0c1.7-1.6,2.7-3.9,2.7-6.6c0-0.6-0.1-1.2-0.2-1.8H19.2z\"><\/path><\/g><\/g><\/svg><svg viewBox=\"0 0 72 52\" class=\"tcb-applePay-card\"><g><path class=\"applePay-style-1-st0\" d=\"M64.4,1H7.6C4,1,1,4,1,7.6v36.7C1,48,4,51,7.6,51h56.7c3.7,0,6.6-3,6.6-6.6V7.6C71,4,68,1,64.4,1z\"><\/path><\/g><g><g><path class=\"applePay-style-1-st1\" d=\"M18.6,17.6c0.7-0.8,1-1.9,0.9-2.9c-1,0.1-2,0.6-2.7,1.4s-1,1.8-1,2.8C16.9,18.9,17.9,18.5,18.6,17.6\"><\/path><path class=\"applePay-style-1-st1\" d=\"M19.5,19.1C18,19,16.7,19.9,16,19.9c-0.7,0-1.8-0.8-3-0.8c-1.6,0-3,0.9-3.8,2.3c-1.6,2.8-0.4,6.9,1.1,9.1c0.8,1.1,1.7,2.3,2.9,2.3s1.6-0.7,3-0.7s1.8,0.7,3,0.7s2-1.1,2.8-2.2c0.5-0.8,1-1.7,1.3-2.6c-1.5-0.6-2.4-2.1-2.4-3.7c0-1.4,0.8-2.7,2-3.5C22.1,19.8,20.8,19.2,19.5,19.1\"><\/path><\/g><g><path class=\"applePay-style-1-st1\" d=\"M34.4,16c3.3,0,5.5,2.2,5.5,5.5S37.6,27,34.3,27h-3.6v5.7h-2.6V16H34.4z M30.7,24.8h3c2.3,0,3.6-1.2,3.6-3.3s-1.3-3.3-3.5-3.3h-3L30.7,24.8L30.7,24.8z\"><\/path><path class=\"applePay-style-1-st1\" d=\"M40.6,29.3c0-2.1,1.6-3.4,4.7-3.6l3.2-0.2v-0.9c0-1.3-0.9-2.1-2.5-2.1c-1.3,0-2.3,0.7-2.5,1.7h-2.3c0.1-2.2,2.1-3.8,4.9-3.8c3,0,4.9,1.6,4.9,4v8.3h-2.4v-2h-0.1c-0.8,1.4-2.3,2.2-3.8,2.1C42.2,32.9,40.6,31.4,40.6,29.3z M48.5,28.2v-0.9l-2.9,0.2c-1.6,0.1-2.5,0.7-2.5,1.8S44,31,45.4,31C47.1,30.9,48.5,29.8,48.5,28.2z\"><\/path><path class=\"applePay-style-1-st1\" d=\"M53.2,37.2v-2c0.3,0,0.5,0,0.8,0c1.1,0,1.8-0.5,2.2-1.7l0.2-0.7L52,20.6h2.7l3.1,9.9h0.1l3.1-9.9h2.6L59,33.4c-1,2.9-2.2,3.9-4.8,3.9C53.8,37.3,53.5,37.3,53.2,37.2z\"><\/path><\/g><\/g><\/svg><svg viewBox=\"0 0 72 52\" class=\"tcb-bitcoin-card\"><g><path class=\"bitcoin-style-1-st0\" d=\"M63.4,0H6.6C3,0,0,3,0,6.6v36.7C0,47,3,50,6.6,50h56.7c3.7,0,6.6-3,6.6-6.6V6.6C70,3,67,0,63.4,0z\"><\/path><\/g><g><path class=\"bitcoin-style-1-st1\" d=\"M42,26c-0.5-0.7-1.3-1.2-2.2-1.4c0.7-0.3,1.2-0.8,1.6-1.4c0.4-0.6,0.6-1.3,0.6-2s-0.1-1.3-0.5-1.9c-0.3-0.5-0.7-1-1.2-1.4c-0.5-0.3-1-0.5-1.7-0.7c-0.5-0.1-1.1-0.1-1.8-0.1v-2.4h-2.6v2.4h-1.5h-0.2v-2.4h-2.6v2.4h-0.4H27v2.6h2.4v10.7H27V33h2.4h0.4v2.2h2.6V33h0.2h1.5v2.2h2.6V33c1,0,1.6-0.1,2-0.1c0.9-0.1,1.6-0.3,2.2-0.7s1-1,1.4-1.6c0.3-0.7,0.5-1.4,0.5-2.1C42.8,27.5,42.5,26.7,42,26z M34.4,19.8c1.5,0,2.4,0,2.8,0.1c0.5,0.1,1,0.3,1.2,0.5c0.3,0.3,0.4,0.7,0.4,1.2s-0.1,1-0.5,1.2C38,23,37.6,23.3,37,23.3c-0.3,0.1-1.1,0.1-2.4,0.1h-2.1v-3.7C32.6,19.8,34.4,19.8,34.4,19.8z M39,29.7c-0.3,0.3-0.7,0.5-1.2,0.6c-0.3,0.1-1,0.1-2.2,0.1h-3v-4.3h2.6c1.5,0,2.4,0.1,2.9,0.2c0.4,0.1,0.7,0.4,1,0.7c0.2,0.3,0.3,0.7,0.3,1.2C39.4,28.8,39.2,29.3,39,29.7z\"><\/path><\/g><g><path class=\"bitcoin-style-1-st0\" d=\"M63.4,0H6.6C3,0,0,3,0,6.6v36.7C0,47,3,50,6.6,50h56.7c3.7,0,6.6-3,6.6-6.6V6.6C70,3,67,0,63.4,0z\"><\/path><\/g><g><path class=\"bitcoin-style-1-st1\" d=\"M42,26c-0.5-0.7-1.3-1.2-2.2-1.4c0.7-0.3,1.2-0.8,1.6-1.4c0.4-0.6,0.6-1.3,0.6-2s-0.1-1.3-0.5-1.9c-0.3-0.5-0.7-1-1.2-1.4c-0.5-0.3-1-0.5-1.7-0.7c-0.5-0.1-1.1-0.1-1.8-0.1v-2.4h-2.6v2.4h-1.5h-0.2v-2.4h-2.6v2.4h-0.4H27v2.6h2.4v10.7H27V33h2.4h0.4v2.2h2.6V33h0.2h1.5v2.2h2.6V33c1,0,1.6-0.1,2-0.1c0.9-0.1,1.6-0.3,2.2-0.7s1-1,1.4-1.6c0.3-0.7,0.5-1.4,0.5-2.1C42.8,27.5,42.5,26.7,42,26z M34.4,19.8c1.5,0,2.4,0,2.8,0.1c0.5,0.1,1,0.3,1.2,0.5c0.3,0.3,0.4,0.7,0.4,1.2s-0.1,1-0.5,1.2C38,23,37.6,23.3,37,23.3c-0.3,0.1-1.1,0.1-2.4,0.1h-2.1v-3.7C32.6,19.8,34.4,19.8,34.4,19.8z M39,29.7c-0.3,0.3-0.7,0.5-1.2,0.6c-0.3,0.1-1,0.1-2.2,0.1h-3v-4.3h2.6c1.5,0,2.4,0.1,2.9,0.2c0.4,0.1,0.7,0.4,1,0.7c0.2,0.3,0.3,0.7,0.3,1.2C39.4,28.8,39.2,29.3,39,29.7z\"><\/path><\/g><g><path class=\"bitcoin-style-1-st1\" d=\"M35,43.5c-10.2,0-18.6-8.3-18.6-18.5S24.7,6.5,35,6.5S53.5,14.8,53.5,25S45.2,43.5,35,43.5z M35,8c-9.4,0-17.1,7.6-17.1,17S25.5,42,35,42s17-7.6,17-17S44.4,8,35,8z\"><\/path><\/g><\/svg><\/div><\/div>\n<\/div><div class=\"thrv_wrapper thrv_text_element\" style=\"\" data-css=\"tve-u-172f0e54f1a\"><p data-css=\"tve-u-17299cd57a8\" style=\"text-align: center;\">What you get<\/p><\/div><div class=\"thrv_wrapper thrv_contentbox_shortcode thrv-content-box tve-elem-default-pad\" data-css=\"tve-u-17299dd7209\" style=\"\">\n\t<div class=\"tve-content-box-background\" style=\"\" data-css=\"tve-u-172f0e33c87\"><\/div>\n\t<div class=\"tve-cb\"><div class=\"thrv_wrapper thrv-columns\" data-css=\"tve-u-1730099bb1d\" style=\"\"><div class=\"tcb-flex-row v-2 tcb-resized tcb--cols--2 tcb-mobile-no-wrap m-edit\" data-css=\"tve-u-17299dac952\" style=\"\"><div class=\"tcb-flex-col c-33\" data-css=\"tve-u-173008f351b\" style=\"\"><div class=\"tcb-col\" style=\"\"><div class=\"tcb-clear\" data-css=\"tve-u-17299dac967\"><div class=\"thrv_wrapper thrv_icon tcb-icon-display\" data-css=\"tve-u-17299dac966\" style=\"\"><svg class=\"tcb-icon\" viewBox=\"0 0 640 512\" data-id=\"icon-truck-light\" data-name=\"\" style=\"\">\n            <path d=\"M632 384h-24V275.9c0-16.8-6.8-33.3-18.8-45.2l-83.9-83.9c-11.8-12-28.3-18.8-45.2-18.8H416V78.6c0-25.7-22.2-46.6-49.4-46.6H49.4C22.2 32 0 52.9 0 78.6v290.8C0 395.1 22.2 416 49.4 416h16.2c-1.1 5.2-1.6 10.5-1.6 16 0 44.2 35.8 80 80 80s80-35.8 80-80c0-5.5-.6-10.8-1.6-16h195.2c-1.1 5.2-1.6 10.5-1.6 16 0 44.2 35.8 80 80 80s80-35.8 80-80c0-5.5-.6-10.8-1.6-16H632c4.4 0 8-3.6 8-8v-16c0-4.4-3.6-8-8-8zM460.1 160c8.4 0 16.7 3.4 22.6 9.4l83.9 83.9c.8.8 1.1 1.9 1.8 2.8H416v-96h44.1zM144 480c-26.5 0-48-21.5-48-48s21.5-48 48-48 48 21.5 48 48-21.5 48-48 48zm63.6-96C193 364.7 170 352 144 352s-49 12.7-63.6 32h-31c-9.6 0-17.4-6.5-17.4-14.6V78.6C32 70.5 39.8 64 49.4 64h317.2c9.6 0 17.4 6.5 17.4 14.6V384H207.6zM496 480c-26.5 0-48-21.5-48-48s21.5-48 48-48 48 21.5 48 48-21.5 48-48 48zm0-128c-26.1 0-49 12.7-63.6 32H416v-96h160v96h-16.4c-14.6-19.3-37.5-32-63.6-32z\"><\/path>\n        <\/svg><\/div><\/div><\/div><\/div><div class=\"tcb-flex-col c-66\" data-css=\"tve-u-173008f351f\" style=\"\"><div class=\"tcb-col\" style=\"\"><div class=\"thrv_wrapper thrv_text_element\"><p data-css=\"tve-u-17299dac94f\" style=\"\">free Shipping<\/p><\/div><div class=\"thrv_wrapper thrv_text_element\"><p data-css=\"tve-u-17299dac951\">On Orders over $99<\/p><\/div><\/div><\/div><\/div><\/div><\/div>\n<\/div><div class=\"thrv_wrapper thrv_contentbox_shortcode thrv-content-box tve-elem-default-pad\" data-css=\"tve-u-17299ddf06d\" style=\"\">\n\t<div class=\"tve-content-box-background\" style=\"\" data-css=\"tve-u-172f0e36f81\"><\/div>\n\t<div class=\"tve-cb\"><div class=\"thrv_wrapper thrv-columns\" data-css=\"tve-u-17299dac953\" style=\"\"><div class=\"tcb-flex-row v-2 tcb-resized tcb--cols--2 tcb-mobile-no-wrap m-edit\" data-css=\"tve-u-17299e9725b\" style=\"\"><div class=\"tcb-flex-col c-33\" data-css=\"tve-u-173008f3b76\" style=\"\"><div class=\"tcb-col\" style=\"\"><div class=\"tcb-clear\" data-css=\"tve-u-172f0e47c3f\"><div class=\"thrv_wrapper thrv_icon tcb-icon-display\" data-css=\"tve-u-17299dec597\" style=\"\"><svg class=\"tcb-icon\" viewBox=\"0 0 448 512\" data-id=\"icon-box-heart-light\" data-name=\"\" style=\"\">\n            <path d=\"M447.9 176c0-10.6-2.6-21-7.6-30.3l-49.1-91.9c-4.3-13-16.5-21.8-30.3-21.8H87.1c-13.8 0-26 8.8-30.4 21.9L7.6 145.8c-5 9.3-7.6 19.7-7.6 30.3C.1 236.6 0 448 0 448c0 17.7 14.3 32 32 32h384c17.7 0 32-14.3 32-32 0 0-.1-211.4-.1-272zM240 64h120.9l50.8 96H240V64zM87.1 64H208v96H36.3l50.8-96zM224 448H32s.1-181.1.1-256H416c0 74.9.1 256 .1 256H224zm90.2-210.8c-13.9-11.6-47.7-28.5-90.2 14.5-42.6-43-76.4-26.1-90.2-14.5-27.5 23-28.9 64.2-4.3 89.1l84.7 85.6c5.5 5.5 14.3 5.5 19.8 0l84.7-85.6c24.5-24.9 23-66.1-4.5-89.1zm-18.4 66.5L224 376.4l-71.8-72.6c-10.2-10.3-12.3-30 2.1-42 13.7-11.5 31.2-3.4 38.4 3.7l31.4 31.7 31.4-31.7c7.1-7.2 24.6-15.2 38.4-3.7 14.2 12 12.2 31.6 1.9 41.9z\"><\/path>\n        <\/svg><\/div><\/div><\/div><\/div><div class=\"tcb-flex-col c-66\" data-css=\"tve-u-173008f3b7a\" style=\"\"><div class=\"tcb-col\" style=\"\"><div class=\"thrv_wrapper thrv_text_element\"><p data-css=\"tve-u-17299eab053\" style=\"\">Eco- Packaging<\/p><\/div><div class=\"thrv_wrapper thrv_text_element\"><p data-css=\"tve-u-172b8a1f92b\" style=\"\">more Here<\/p><\/div><\/div><\/div><\/div><\/div><\/div>\n<\/div><div class=\"thrv_wrapper thrv_contentbox_shortcode thrv-content-box tve-elem-default-pad\" data-css=\"tve-u-17299ec002b\" style=\"\">\n\t<div class=\"tve-content-box-background\" style=\"\" data-css=\"tve-u-172f0e389f3\"><\/div>\n\t<div class=\"tve-cb\"><div class=\"thrv_wrapper thrv-columns\" data-css=\"tve-u-17299dac953\" style=\"\"><div class=\"tcb-flex-row v-2 tcb-resized tcb--cols--2 tcb-mobile-no-wrap m-edit\" data-css=\"tve-u-17299e95f26\" style=\"\"><div class=\"tcb-flex-col c-33\" data-css=\"tve-u-17299dac955\" style=\"\"><div class=\"tcb-col\" style=\"\"><div class=\"tcb-clear\" data-css=\"tve-u-172f0e47290\"><div class=\"thrv_wrapper thrv_icon tcb-icon-display\" data-css=\"tve-u-17299deb6e1\" style=\"\"><svg class=\"tcb-icon\" viewBox=\"0 0 512 512\" data-id=\"icon-sync-light\" data-name=\"\" style=\"\">\n            <path d=\"M492 8h-10c-6.627 0-12 5.373-12 12v110.627C426.929 57.261 347.224 8 256 8 123.228 8 14.824 112.338 8.31 243.493 7.971 250.311 13.475 256 20.301 256h10.016c6.353 0 11.646-4.949 11.977-11.293C48.157 132.216 141.097 42 256 42c82.862 0 154.737 47.077 190.289 116H332c-6.627 0-12 5.373-12 12v10c0 6.627 5.373 12 12 12h160c6.627 0 12-5.373 12-12V20c0-6.627-5.373-12-12-12zm-.301 248h-10.015c-6.352 0-11.647 4.949-11.977 11.293C463.841 380.158 370.546 470 256 470c-82.608 0-154.672-46.952-190.299-116H180c6.627 0 12-5.373 12-12v-10c0-6.627-5.373-12-12-12H20c-6.627 0-12 5.373-12 12v160c0 6.627 5.373 12 12 12h10c6.627 0 12-5.373 12-12V381.373C85.071 454.739 164.777 504 256 504c132.773 0 241.176-104.338 247.69-235.493.339-6.818-5.165-12.507-11.991-12.507z\"><\/path>\n        <\/svg><\/div><\/div><\/div><\/div><div class=\"tcb-flex-col c-66\" data-css=\"tve-u-17299dac956\" style=\"\"><div class=\"tcb-col\" style=\"\"><div class=\"thrv_wrapper thrv_text_element\"><p data-css=\"tve-u-17299eaa4a7\" style=\"\">Easy returns<\/p><\/div><div class=\"thrv_wrapper thrv_text_element\"><p data-css=\"tve-u-17299dac951\">More Here<\/p><\/div><\/div><\/div><\/div><\/div><\/div>\n<\/div><div class=\"thrv_wrapper thrv_contentbox_shortcode thrv-content-box tve-elem-default-pad\" data-css=\"tve-u-17299dac964\" style=\"\">\n\t<div class=\"tve-content-box-background\" style=\"\" data-css=\"tve-u-17299dc406f\"><\/div>\n\t<div class=\"tve-cb\"><div class=\"thrv_wrapper thrv-columns\" data-css=\"tve-u-17299dac953\" style=\"\"><div class=\"tcb-flex-row v-2 tcb-resized tcb--cols--2 tcb-mobile-no-wrap m-edit\" data-css=\"tve-u-17299e9512b\" style=\"\"><div class=\"tcb-flex-col c-33\" data-css=\"tve-u-173008f5145\" style=\"\"><div class=\"tcb-col\" style=\"\"><div class=\"tcb-clear\" data-css=\"tve-u-172f0e46865\"><div class=\"thrv_wrapper thrv_icon tcb-icon-display\" data-css=\"tve-u-17299e991f6\" style=\"\"><svg class=\"tcb-icon\" viewBox=\"0 0 576 512\" data-id=\"icon-hand-holding-usd-light\" data-name=\"\" style=\"\">\n            <path d=\"M256.7 135.7l56.4 16.1c8.8 2.5 14.9 10.6 14.9 19.7 0 11.3-9.2 20.5-20.5 20.5h-36.9c-8.2 0-16.1-2.6-22.6-7.3-3-2.2-7.2-1.5-9.8 1.2l-11.4 11.4c-3.5 3.5-2.9 9.2 1 12.2 12.3 9.4 27.2 14.5 42.9 14.5h1.4v24c0 4.4 3.6 8 8 8h16c4.4 0 8-3.6 8-8v-24h1.4c22.8 0 44.3-13.6 51.7-35.2 10.1-29.6-7.3-59.8-35.1-67.8L263 104.1c-8.8-2.5-14.9-10.6-14.9-19.7 0-11.3 9.2-20.5 20.5-20.5h36.9c8.2 0 16.1 2.6 22.6 7.3 3 2.2 7.2 1.5 9.8-1.2l11.4-11.4c3.5-3.5 2.9-9.2-1-12.2C336 37.1 321.1 32 305.4 32H304V8c0-4.4-3.6-8-8-8h-16c-4.4 0-8 3.6-8 8v24h-3.5c-30.6 0-55.1 26.3-52.2 57.5 2 22.1 19 40.1 40.4 46.2zm301.6 197.9c-19.7-17.7-49.4-17.6-69.9-1.2l-61.6 49.3c-1.9 1.5-4.2 2.3-6.7 2.3h-41.6c4.6-9.6 6.5-20.7 4.8-32.3-4-27.9-29.6-47.7-57.8-47.7H181.3c-20.8 0-41 6.7-57.6 19.2L85.3 352H8c-4.4 0-8 3.6-8 8v16c0 4.4 3.6 8 8 8h88l46.9-35.2c11.1-8.3 24.6-12.8 38.4-12.8H328c13.3 0 24 10.7 24 24s-10.7 24-24 24h-88c-8.8 0-16 7.2-16 16s7.2 16 16 16h180.2c9.7 0 19.1-3.3 26.7-9.3l61.6-49.2c7.7-6.1 20-7.6 28.4 0 10.1 9.1 9.3 24.5-.9 32.6l-100.8 80.7c-7.6 6.1-17 9.3-26.7 9.3H8c-4.4 0-8 3.6-8 8v16c0 4.4 3.6 8 8 8h400.5c17 0 33.4-5.8 46.6-16.4L556 415c12.2-9.8 19.5-24.4 20-40s-6-30.8-17.7-41.4z\"><\/path>\n        <\/svg><\/div><\/div><\/div><\/div><div class=\"tcb-flex-col c-66\" data-css=\"tve-u-173008f5149\" style=\"\"><div class=\"tcb-col\" style=\"\"><div class=\"thrv_wrapper thrv_text_element\"><p data-css=\"tve-u-17299ea959f\" style=\"\">30-day money- back<\/p><\/div><div class=\"thrv_wrapper thrv_text_element\"><p data-css=\"tve-u-17299dac951\">More Here<\/p><\/div><\/div><\/div><\/div><\/div><\/div>\n<\/div><div class=\"thrv_wrapper thrv_contentbox_shortcode thrv-content-box tve-elem-default-pad\" data-css=\"tve-u-172f0e6efe7\" style=\"\">\n\t<div class=\"tve-content-box-background\" style=\"\" data-css=\"tve-u-172f0e6ba1e\"><\/div>\n\t<div class=\"tve-cb\" style=\"\" data-css=\"tve-u-172f0e6d436\"><div class=\"thrv_wrapper thrv_text_element\">\t<p style=\"\" data-css=\"tve-u-172f0e753d3\">New Arrivals<\/p><\/div><div class=\"tcb-clear\" data-css=\"tve-u-172f0e8901c\"><div class=\"thrv_wrapper thrv-button thrv-button-v2 tcb-local-vars-root tcb-flip\" data-button-style=\"btn-tpl-58334\" data-css=\"tve-u-172f0e822da\" style=\"\" data-tcb_hover_state_parent=\"\"><div class=\"thrive-colors-palette-config\" style=\"display: none !important\">__CONFIG_colors_palette__{\"active_palette\":0,\"config\":{\"colors\":{\"34f05\":{\"name\":\"Main Accent\",\"parent\":-1}},\"gradients\":[]},\"palettes\":[{\"name\":\"Default Palette\",\"value\":{\"colors\":{\"34f05\":{\"val\":\"var(--tcb-skin-color-22)\"}},\"gradients\":[]},\"original\":{\"colors\":{\"34f05\":{\"val\":\"rgb(19, 114, 211)\",\"hsl\":{\"h\":210,\"s\":0.83,\"l\":0.45}}},\"gradients\":[]}}]}__CONFIG_colors_palette__<\/div>\n\t\n\t<a href=\"#\" class=\"tcb-button-link tcb-plain-text\" style=\"\">\n\t\t<span class=\"tcb-button-texts\" style=\"\"><span class=\"tcb-button-text thrv-inline-text\" style=\"\">Shop Now<\/span><\/span>\n\t<\/a>\n<\/div><\/div><\/div>\n<\/div>\n\n","decoration":[],"comments":[],"attr":{"class":""},"hide":1},"content":{"id":0,"content":"[thrive_breadcrumbs css='tve-u-17309fc3681' enable-truncate-chars='1' separator-type='character' leaf-chars-d='80' leaf-chars-t='25' leaf-chars-m='25'][thrive_product_template upsells-align-items='left' related-align-items='left' hide-magnifier='1' hide-upsells='1' hide-related='1' related-columns='5' upsells-posts_per_page='3' upsells-columns='5' related-posts_per_page='5' gallery-columns='3' hide-meta='1' hide-review='1']","decoration":[],"comments":{"labels":{"no_comments":"","reply_icon_flip":"","reply_label":""},"icons":{"submit_button":""}},"attr":{"class":""},"hide":0},"bottom":{"id":0,"content":"<div class=\"thrv_wrapper thrv-columns\" data-css=\"tve-u-172ccb19be9\" style=\"\"><div class=\"tcb-flex-row v-2 tcb-resized tcb--cols--2\" data-css=\"tve-u-172ccb1a33c\" style=\"\"><div class=\"tcb-flex-col\" style=\"\" data-css=\"tve-u-172cd17f2d8\"><div class=\"tcb-col\" data-css=\"tve-u-172ccb78756\" style=\"\"><div class=\"thrv_wrapper thrv_text_element\" data-css=\"tve-u-172ccc4f7c6\" style=\"\"><p data-css=\"tve-u-172ccb9da4e\">Your Brand Values<\/p><\/div><div class=\"thrv_wrapper thrv-divider\" data-style-d=\"tve_sep-1\" data-thickness-d=\"2\" data-color-d=\"rgb(255, 255, 255)\" data-css=\"tve-u-172cd19f941\" style=\"\">\n\t<hr class=\"tve_sep tve_sep-1\" style=\"\">\n<\/div><div class=\"thrv_wrapper thrv_text_element\" data-css=\"tve-u-172ccc67187\" style=\"\"><p data-css=\"tve-u-172ccc6825d\" style=\"\">Here you want to write a short paragraph that quickly explains exactly <em>what<\/em> your brand &nbsp;is about and how it\u2019s the perfect solution to the problems youtr client might have.&nbsp;<\/p><\/div><\/div><\/div><div class=\"tcb-flex-col\" style=\"\" data-css=\"tve-u-172cd17f2fa\"><div class=\"tcb-col\" style=\"\"><div class=\"thrv_wrapper thrv-columns\" data-css=\"tve-u-172ccc2d045\" style=\"\"><div class=\"tcb-flex-row v-2 tcb--cols--2\" data-css=\"tve-u-172ccfe822d\" style=\"\"><div class=\"tcb-flex-col\"><div class=\"tcb-col\"><div class=\"thrv_wrapper thrv_contentbox_shortcode thrv-content-box tve-elem-default-pad\" data-css=\"tve-u-172ccfef7dd\" style=\"\">\n\t<div class=\"tve-content-box-background\"><\/div>\n\t<div class=\"tve-cb\"><div class=\"tcb-clear\" data-css=\"tve-u-172c7b45c68\"><div class=\"thrv_wrapper thrv_icon tcb-icon-display\" data-css=\"tve-u-172ccbe94c5\" style=\"\" data-float-d=\"1\"><svg class=\"tcb-icon\" viewBox=\"0 0 512 512\" data-id=\"icon-chess-queen-light\" data-name=\"\">\n            <path d=\"M436 512H76c-6.627 0-12-5.373-12-12v-8c0-6.627 5.373-12 12-12h360c6.627 0 12 5.373 12 12v8c0 6.627-5.373 12-12 12zM255.579 32c-13.234 0-24 10.766-24 24s10.766 24 24 24 24-10.766 24-24-10.766-24-24-24m0-32c30.928 0 56 25.072 56 56s-25.072 56-56 56-56-25.072-56-56 25.072-56 56-56zm81.579 160h-8.319c-4.533 9.593-24.68 49.231-72.839 49.231-48.147 0-68.317-39.664-72.839-49.231h-8.315c-1.485 21.883-7.446 69.206-62.846 69.206-26.644 0-46.348-15.694-61.685-37.576l-6.854 3.617L133.507 416h244.986l90.046-220.753-6.777-3.577c-9.187 13.212-29.262 37.536-61.762 37.536-55.422 0-61.374-47.614-62.842-69.206m19.161-32c6.494 0 11.812 5.172 11.995 11.664 1.062 37.738 2.973 57.542 31.686 57.542 21.318 0 35.449-22.285 44.065-37.802 3.161-5.693 10.305-7.82 16.082-4.77l39.357 20.773a12 12 0 0 1 5.51 15.145L400 448H112L6.986 190.552a12 12 0 0 1 5.51-15.145l39.179-20.679c6.482-3.421 13.147-.165 15.899 4.453 10.608 17.8 23.735 38.025 44.425 38.025 28.753 0 30.635-19.898 31.688-57.539.181-6.493 5.5-11.667 11.995-11.667h41.005c5.175 0 9.754 3.328 11.388 8.238 8.89 26.709 26.073 40.992 47.925 40.992s39.034-14.283 47.925-40.992c1.634-4.911 6.213-8.238 11.388-8.238h41.006z\"><\/path>\n        <\/svg><\/div><\/div><div class=\"thrv_wrapper thrv_text_element\" data-css=\"tve-u-172ccfd1e96\" style=\"\"><p class=\"tcb-global-text-\" data-css=\"tve-u-172ccfd92cb\">Premium quality<\/p><\/div><\/div>\n<\/div><\/div><\/div><div class=\"tcb-flex-col\"><div class=\"tcb-col\"><div class=\"thrv_wrapper thrv_contentbox_shortcode thrv-content-box tve-elem-default-pad\" data-css=\"tve-u-172ccff534f\" style=\"\">\n\t<div class=\"tve-content-box-background\"><\/div>\n\t<div class=\"tve-cb\"><div class=\"tcb-clear\" data-css=\"tve-u-172c7b45c68\"><div class=\"thrv_wrapper thrv_icon tcb-icon-display\" data-css=\"tve-u-172ccbe94c5\" style=\"\" data-float-d=\"1\"><svg class=\"tcb-icon\" viewBox=\"0 0 576 512\" data-id=\"icon-leaf-heart-light\" data-name=\"\">\n            <path d=\"M426.2 205.2c-13.9-11.6-47.7-28.5-90.2 14.5-42.6-43-76.4-26.1-90.2-14.5-27.5 23-28.9 64.2-4.3 89.1l84.7 85.6c5.4 5.5 14.3 5.6 19.8 0l84.7-85.6c24.5-24.9 23-66.1-4.5-89.1zm-18.4 66.6L336 344.4l-71.8-72.6c-10.2-10.3-12.3-30 2.1-42 13.7-11.5 31.2-3.4 38.4 3.7l31.4 31.7 31.4-31.7c7.1-7.2 24.6-15.2 38.4-3.7 14.2 12 12.2 31.6 1.9 42zM546.2 9.7c-2.9-6.5-8.6-9.7-14.3-9.7-5.3 0-10.7 2.8-14 8.5C486.9 62.4 431.4 96 368 96h-80C182 96 96 182 96 288c0 20.7 3.4 40.6 9.4 59.2C29.3 412.2 2 487.5.9 490.7c-2.9 8.3 1.5 17.4 9.8 20.4 7.6 2.7 17.3-.8 20.4-9.8.2-.7 24.2-65.4 87.5-122.9 15.5 29 75.2 112.6 189.8 100.5C465.5 467.6 576 326.8 576 154.3c0-50.2-10.8-102.2-29.8-144.6zM305 447.1c-97 10.2-177-66.4-177-159.1 0-88.2 71.8-160 160-160h80c63.3 0 121-28.4 159.7-77.2 10.5 32.3 16.3 68.7 16.3 103.5 0 159.6-100.1 282.7-239 292.8z\"><\/path>\n        <\/svg><\/div><\/div><div class=\"thrv_wrapper thrv_text_element\" data-css=\"tve-u-172ccfd2a5e\" style=\"\"><p class=\"tcb-global-text-\" data-css=\"tve-u-172ccfd88d1\">eco-friendly<\/p><\/div><\/div>\n<\/div><\/div><\/div><\/div><\/div><div class=\"thrv_wrapper thrv-columns\" data-css=\"tve-u-172ccc2dfc4\" style=\"\"><div class=\"tcb-flex-row v-2 tcb--cols--2\" data-css=\"tve-u-172ccfe9342\" style=\"\"><div class=\"tcb-flex-col\"><div class=\"tcb-col\" style=\"\"><div class=\"thrv_wrapper thrv_contentbox_shortcode thrv-content-box tve-elem-default-pad\" data-css=\"tve-u-172ccff1051\" style=\"\">\n\t<div class=\"tve-content-box-background\"><\/div>\n\t<div class=\"tve-cb\"><div class=\"tcb-clear\" data-css=\"tve-u-172c7b45c68\"><div class=\"thrv_wrapper thrv_icon tcb-icon-display\" data-css=\"tve-u-172ccbe94c5\" style=\"\" data-float-d=\"1\"><svg class=\"tcb-icon\" viewBox=\"0 0 512 512\" data-id=\"icon-feather-alt-light\" data-name=\"\">\n            <path d=\"M71.46 287.61c-4.86 42.01-7.27 84.27-7.38 126.56l-.03 11.16-59.36 59.36A15.922 15.922 0 0 0 0 496c0 9.14 7.47 16 16 16 4.09 0 8.19-1.56 11.31-4.69l59.36-59.36 11.16-.03c42.29-.12 84.55-2.53 126.56-7.38C473.8 415.13 508.44 51.72 512 0 460.28 3.56 96.87 38.2 71.46 287.61zm31.83 3.24C122.75 99.86 374.98 48.66 476.23 35.77 470.56 80.23 457.47 153.8 428.4 224H310.62l36.69-36.69c6.25-6.25 6.25-16.38 0-22.62s-16.38-6.25-22.62 0L96.74 392.64c.75-34.17 2.68-68.26 6.55-101.79zM214.62 320l64-64h135.11c-11.37 22.73-24.86 44.31-40.38 64H214.62zm6.1 88.75c-33.16 3.83-67.2 5.76-101.36 6.51L182.62 352h161.44c-32.76 30.25-73.12 51.63-123.34 56.75z\"><\/path>\n        <\/svg><\/div><\/div><div class=\"thrv_wrapper thrv_text_element\" data-css=\"tve-u-172ccfd34c8\" style=\"\"><p class=\"tcb-global-text-\" data-css=\"tve-u-172ccbe573a\">lightweight<\/p><\/div><\/div>\n<\/div><\/div><\/div><div class=\"tcb-flex-col\"><div class=\"tcb-col\" style=\"\"><div class=\"thrv_wrapper thrv_contentbox_shortcode thrv-content-box tve-elem-default-pad\" data-css=\"tve-u-172ccb12274\" style=\"\">\n\t<div class=\"tve-content-box-background\"><\/div>\n\t<div class=\"tve-cb\"><div class=\"tcb-clear\" data-css=\"tve-u-172c7b45c68\"><div class=\"thrv_wrapper thrv_icon tcb-icon-display\" data-css=\"tve-u-172ccbe94c5\" style=\"\" data-float-d=\"1\"><svg class=\"tcb-icon\" viewBox=\"0 0 512 512\" data-id=\"icon-coins-light\" data-name=\"\">\n            <path d=\"M336 32c-48.6 0-92.6 9-124.5 23.4-.9.4-51.5 21-51.5 56.6v16.7C76.1 132.2 0 163.4 0 208v192c0 44.2 78.8 80 176 80s176-35.8 176-80v-16.4c89.7-3.7 160-37.9 160-79.6V112c0-37-62.1-80-176-80zm-16 368c0 13.9-50.5 48-144 48S32 413.9 32 400v-50.1c31.8 20.6 84.4 34.1 144 34.1s112.2-13.5 144-34.1V400zm0-96c0 13.9-50.5 48-144 48S32 317.9 32 304v-50.1c31.8 20.6 84.4 34.1 144 34.1s112.2-13.5 144-34.1V304zm-144-48c-81 0-146.7-21.5-146.7-48S95 160 176 160s146.7 21.5 146.7 48S257 256 176 256zm304 48c0 13.1-45 43.6-128 47.3v-64.1c52.8-2.2 99.1-14.6 128-33.3V304zm0-96c0 13.1-45.1 43.4-128 47.2V208c0-5.6-1.7-11-4.1-16.3 54.6-1.7 102.4-14.5 132.1-33.8V208zm-144-48c-7.3 0-14-.5-20.9-.9-36.9-21.7-85-28.2-115.6-30-6.3-5.3-10.1-11-10.1-17.1 0-26.5 65.7-48 146.7-48s146.7 21.5 146.7 48S417 160 336 160z\"><\/path>\n        <\/svg><\/div><\/div><div class=\"thrv_wrapper thrv_text_element\" data-css=\"tve-u-172ccb1226f\" style=\"\"><p class=\"tcb-global-text-\" data-css=\"tve-u-172ccfd58bc\">great value for money<\/p><\/div><\/div>\n<\/div><\/div><\/div><\/div><\/div><\/div><\/div><\/div><\/div>","decoration":[],"comments":[],"attr":{"class":""},"hide":0},"header":{"id":"4ea06fbc83cdd0a06020c35d50e1e89a","hide":0},"footer":{"id":0,"hide":0,"content":"<div class=\"symbol-section-out\" style=\"\" data-tcb_hover_state_parent=\"\"><\/div> <div class=\"symbol-section-in\" style=\"\"><div class=\"thrv_wrapper thrv-columns\" style=\"\" data-css=\"tve-u-16ecb116f18\"><div class=\"tcb-flex-row tcb-resized v-2 tcb-medium-wrap tcb--cols--4\" style=\"\" data-css=\"tve-u-16ecb1169a6\"><div class=\"tcb-flex-col\" style=\"\" data-css=\"tve-u-16ef4c110f0\"><div class=\"tcb-col\" style=\"\" data-css=\"tve-u-16ecc3abe12\"><div class=\"thrv_wrapper thrv_text_element\" style=\"\" data-css=\"tve-u-16ecc39ec63\"><p data-css=\"tve-u-16ecb319742\">Useful links<\/p><\/div>[thrive_dynamic_list icon='' type='pages' limit='5' css='tve-u-16f7f3a506a']<\/div><\/div><div class=\"tcb-flex-col\" style=\"\" data-css=\"tve-u-16ef4c11211\"><div class=\"tcb-col\" style=\"\" data-css=\"tve-u-17053db9f59\"><div class=\"thrv_wrapper thrv_text_element\" style=\"\" data-css=\"tve-u-16ecc3a0a75\"><p data-css=\"tve-u-16ecb31878f\" style=\"color: rgba(255, 255, 255, 0.3) !important; --tcb-applied-color:rgba(255, 255, 255, 0.3) !important;\">Categories<\/p><\/div>[thrive_dynamic_list icon='' type='categories' limit='5' css='tve-u-1701a6cab4b']<\/div><\/div><div class=\"tcb-flex-col\" style=\"\" data-css=\"tve-u-16ef4c11338\"><div class=\"tcb-col\" style=\"\" data-css=\"tve-u-16ecc3a3a49\"><div class=\"thrv_wrapper thrv_text_element\" style=\"\" data-css=\"tve-u-16ecc3a1bae\"><p data-css=\"tve-u-16fa3d06cc8\">Contact<\/p><\/div><div class=\"thrv_wrapper thrv_contentbox_shortcode thrv-content-box tve-elem-default-pad\" style=\"margin-bottom: 10px !important;\" data-css=\"tve-u-16fa4454aff\"> <div class=\"tve-content-box-background\" data-tcb_hover_state_parent=\"1\"><\/div> <div class=\"tve-cb\"><div class=\"thrv_wrapper thrv_icon tcb-icon-display\" data-css=\"tve-u-16ef4c196f8\" style=\"margin-right: 8px !important;\"><svg class=\"tcb-icon\" viewBox=\"0 0 384 512\" data-id=\"icon-map-marker-alt-solid\" data-name=\"\" style=\"\"> <path d=\"M172.268 501.67C26.97 291.031 0 269.413 0 192 0 85.961 85.961 0 192 0s192 85.961 192 192c0 77.413-26.97 99.031-172.268 309.67-9.535 13.774-29.93 13.773-39.464 0zM192 272c44.183 0 80-35.817 80-80s-35.817-80-80-80-80 35.817-80 80 35.817 80 80 80z\"><\/path> <\/svg><\/div><div class=\"thrv_wrapper thrv_text_element\" style=\"\" data-css=\"tve-u-16ecb31189a\"><p data-css=\"tve-u-16f8577193f\"><span class=\"thrive-shortcode-content\" data-attr-id=\"2\" data-attr-multiline=\"0\" data-extra_key=\"1\" data-option-inline=\"1\" data-shortcode=\"thrive_global_fields\" data-shortcode-name=\"[Company] Address\">[thrive_global_fields id='2' multiline='0' inline='1']<\/span><\/p><\/div><\/div> <\/div><div class=\"thrv_wrapper thrv_contentbox_shortcode thrv-content-box tve-elem-default-pad\" style=\"\" data-css=\"tve-u-16fa4459cbe\"> <div class=\"tve-content-box-background\" data-tcb_hover_state_parent=\"1\"><\/div> <div class=\"tve-cb\"><div class=\"thrv_wrapper thrv_icon tcb-icon-display\" data-css=\"tve-u-16ef4c682bd\" style=\"margin-right: 8px !important;\"><svg class=\"tcb-icon\" viewBox=\"0 0 512 512\" data-id=\"icon-phone-solid\" data-name=\"\"> <path d=\"M493.4 24.6l-104-24c-11.3-2.6-22.9 3.3-27.5 13.9l-48 112c-4.2 9.8-1.4 21.3 6.9 28l60.6 49.6c-36 76.7-98.9 140.5-177.2 177.2l-49.6-60.6c-6.8-8.3-18.2-11.1-28-6.9l-112 48C3.9 366.5-2 378.1.6 389.4l24 104C27.1 504.2 36.7 512 48 512c256.1 0 464-207.5 464-464 0-11.2-7.7-20.9-18.6-23.4z\"><\/path> <\/svg><\/div><div class=\"thrv_wrapper thrv_text_element\" style=\"\" data-css=\"tve-u-16ecb31189a\"><p data-css=\"tve-u-16f8577233f\"><span class=\"thrive-shortcode-content\" data-attr-id=\"3\" data-extra_key=\"1\" data-option-inline=\"1\" data-shortcode=\"thrive_global_fields\" data-shortcode-name=\"[Company] Phone number\">[thrive_global_fields id='3' inline='1']<\/span><\/p><\/div><\/div> <\/div><div class=\"thrv_wrapper thrv_contentbox_shortcode thrv-content-box tve-elem-default-pad\" style=\"\" data-css=\"tve-u-16ef4c292f2\"> <div class=\"tve-content-box-background\" data-tcb_hover_state_parent=\"1\"><\/div> <div class=\"tve-cb\"><div class=\"thrv_wrapper thrv_icon tcb-icon-display\" data-css=\"tve-u-16ef4c6646c\" style=\"margin-right: 8px !important;\"><svg class=\"tcb-icon\" viewBox=\"0 0 512 512\" data-id=\"icon-envelope-solid\" data-name=\"\"> <path d=\"M502.3 190.8c3.9-3.1 9.7-.2 9.7 4.7V400c0 26.5-21.5 48-48 48H48c-26.5 0-48-21.5-48-48V195.6c0-5 5.7-7.8 9.7-4.7 22.4 17.4 52.1 39.5 154.1 113.6 21.1 15.4 56.7 47.8 92.2 47.6 35.7.3 72-32.8 92.3-47.6 102-74.1 131.6-96.3 154-113.7zM256 320c23.2.4 56.6-29.2 73.4-41.4 132.7-96.3 142.8-104.7 173.4-128.7 5.8-4.5 9.2-11.5 9.2-18.9v-19c0-26.5-21.5-48-48-48H48C21.5 64 0 85.5 0 112v19c0 7.4 3.4 14.3 9.2 18.9 30.6 23.9 40.7 32.4 173.4 128.7 16.8 12.2 50.2 41.8 73.4 41.4z\"><\/path> <\/svg><\/div><div class=\"thrv_wrapper thrv_text_element\" style=\"\" data-css=\"tve-u-16ecb31189a\"><p data-css=\"tve-u-16ecb30366e\"><span class=\"thrive-shortcode-content\" data-attr-id=\"5\" data-extra_key=\"1\" data-option-inline=\"1\" data-shortcode=\"thrive_global_fields\" data-shortcode-name=\"[Company] Email address\">[thrive_global_fields id='5' inline='1']<\/span><\/p><\/div><\/div> <\/div><\/div><\/div><div class=\"tcb-flex-col\" style=\"\" data-css=\"tve-u-16ef4c11458\"><div class=\"tcb-col\" style=\"\" data-css=\"tve-u-16ecc3a7527\"><div class=\"thrv_wrapper thrv_text_element\" style=\"\" data-css=\"tve-u-16ecb115065\"><p data-css=\"tve-u-16ecb092969\">Social<\/p><\/div><div class=\"thrv_wrapper thrv_social_custom thrive_author_links\" data-css=\"tve-u-16ecb321934\" style=\"\"><div class=\"tve_social_items tve_social_custom tve_links_style_2 tve_social_itb\"> <div class=\"tve_s_item tve_s_fb_share\" data-network=\"fb\" data-s=\"fb_share\" data-href=\"\"> <a href=\"[thrive_global_fields_url id=fb]\" class=\"tve-dynamic-link\" target=\"_blank\" data-dynamic-link=\"thrive_global_fields_url\" data-shortcode-id=\"fb\" rel=\"noopener noreferrer\"> <span class=\"tve_s_icon\"> <svg class=\"tcb-icon\" viewBox=\"0 0 264 512\" data-id=\"icon-fb\" data-name=\"\"> <path d=\"M76.7 512V283H0v-91h76.7v-71.7C76.7 42.4 124.3 0 193.8 0c33.3 0 61.9 2.5 70.2 3.6V85h-48.2c-37.8 0-45.1 18-45.1 44.3V192H256l-11.7 91h-73.6v229\"><\/path> <\/svg> <\/span> <\/a> <\/div> <div class=\"tve_s_item tve_s_t_share\" data-network=\"t\" data-s=\"t_share\" data-href=\"\"> <a href=\"[thrive_global_fields_url id=t]\" class=\"tve-dynamic-link\" target=\"_blank\" data-dynamic-link=\"thrive_global_fields_url\" data-shortcode-id=\"t\" rel=\"noopener noreferrer\"> <span class=\"tve_s_icon\"> <svg class=\"tcb-icon\" viewBox=\"0 0 512 512\" data-id=\"icon-t\" data-name=\"\"> <path d=\"M459.37 151.716c.325 4.548.325 9.097.325 13.645 0 138.72-105.583 298.558-298.558 298.558-59.452 0-114.68-17.219-161.137-47.106 8.447.974 16.568 1.299 25.34 1.299 49.055 0 94.213-16.568 130.274-44.832-46.132-.975-84.792-31.188-98.112-72.772 6.498.974 12.995 1.624 19.818 1.624 9.421 0 18.843-1.3 27.614-3.573-48.081-9.747-84.143-51.98-84.143-102.985v-1.299c13.969 7.797 30.214 12.67 47.431 13.319-28.264-18.843-46.781-51.005-46.781-87.391 0-19.492 5.197-37.36 14.294-52.954 51.655 63.675 129.3 105.258 216.365 109.807-1.624-7.797-2.599-15.918-2.599-24.04 0-57.828 46.782-104.934 104.934-104.934 30.213 0 57.502 12.67 76.67 33.137 23.715-4.548 46.456-13.32 66.599-25.34-7.798 24.366-24.366 44.833-46.132 57.827 21.117-2.273 41.584-8.122 60.426-16.243-14.292 20.791-32.161 39.308-52.628 54.253z\"><\/path> <\/svg> <\/span> <\/a> <\/div> <div class=\"tve_s_item tve_s_pin_share\" data-network=\"pin\" data-s=\"pin_share\" data-href=\"\"> <a href=\"[thrive_global_fields_url id=pin]\" class=\"tve-dynamic-link\" target=\"_blank\" data-dynamic-link=\"thrive_global_fields_url\" data-shortcode-id=\"pin\" rel=\"noopener noreferrer\"> <span class=\"tve_s_icon\"> <svg class=\"tcb-icon\" viewBox=\"0 0 384 512\" data-id=\"icon-pin\" data-name=\"\"> <path d=\"M204 6.5C101.4 6.5 0 74.9 0 185.6 0 256 39.6 296 63.6 296c9.9 0 15.6-27.6 15.6-35.4 0-9.3-23.7-29.1-23.7-67.8 0-80.4 61.2-137.4 140.4-137.4 68.1 0 118.5 38.7 118.5 109.8 0 53.1-21.3 152.7-90.3 152.7-24.9 0-46.2-18-46.2-43.8 0-37.8 26.4-74.4 26.4-113.4 0-66.2-93.9-54.2-93.9 25.8 0 16.8 2.1 35.4 9.6 50.7-13.8 59.4-42 147.9-42 209.1 0 18.9 2.7 37.5 4.5 56.4 3.4 3.8 1.7 3.4 6.9 1.5 50.4-69 48.6-82.5 71.4-172.8 12.3 23.4 44.1 36 69.3 36 106.2 0 153.9-103.5 153.9-196.8C384 71.3 298.2 6.5 204 6.5z\"><\/path> <\/svg> <\/span> <\/a> <\/div> <div class=\"tve_s_item tve_s_yt_share\" data-network=\"yt\" data-s=\"yt_share\" data-href=\"\"> <a href=\"[thrive_global_fields_url id=yt]\" class=\"tve-dynamic-link\" target=\"_blank\" data-dynamic-link=\"thrive_global_fields_url\" data-shortcode-id=\"yt\" rel=\"noopener noreferrer\"> <span class=\"tve_s_icon\"> <svg class=\"tcb-icon\" viewBox=\"0 0 576 512\" data-id=\"icon-yt\" data-name=\"\"> <path d=\"M549.655 124.083c-6.281-23.65-24.787-42.276-48.284-48.597C458.781 64 288 64 288 64S117.22 64 74.629 75.486c-23.497 6.322-42.003 24.947-48.284 48.597-11.412 42.867-11.412 132.305-11.412 132.305s0 89.438 11.412 132.305c6.281 23.65 24.787 41.5 48.284 47.821C117.22 448 288 448 288 448s170.78 0 213.371-11.486c23.497-6.321 42.003-24.171 48.284-47.821 11.412-42.867 11.412-132.305 11.412-132.305s0-89.438-11.412-132.305zm-317.51 213.508V175.185l142.739 81.205-142.739 81.201z\"><\/path> <\/svg> <\/span> <\/a> <\/div> <\/div> <\/div><\/div><\/div><\/div><\/div><div class=\"thrv_wrapper thrv_text_element\" style=\"\" data-css=\"tve-u-16eac533e94\"><p data-css=\"tve-u-16eac5dd29c\" style=\"text-align: center;\">Copyright <span class=\"thrive-shortcode-content\" data-attr-id=\"Y\" data-extra_key=\"Y\" data-option-inline=\"1\" data-shortcode=\"thrv_dynamic_data_date\" data-shortcode-name=\"Year (2029)\">[thrv_dynamic_data_date id='Y' inline='1']<\/span>\n<span class=\"thrive-shortcode-content\" data-attr-id=\"1\" data-extra_key=\"1\" data-option-inline=\"1\" data-shortcode=\"thrive_global_fields\" data-shortcode-name=\"[Company] Company Name\">[thrive_global_fields id='1' inline='1']<\/span>, all rights reserved.<\/p><\/div><\/div>","sticky":""}},"icons":[],"style":{"css":{"(min-width: 300px)":".tve-theme-__template_id__ #wrapper { --header-background-width:100%; --footer-background-width:100%; --top-background-width:100%; --bottom-background-width:100%; background-color: rgb(255, 255, 255) !important; }.tve-theme-__template_id__ .thrv_footer .symbol-section-in { text-align: left; --g-regular-weight:300; --g-bold-weight:800; --tve-font-size:14px; --tve-color:rgba(255, 255, 255, 0.6); padding: 40px 20px 20px !important; }.tve-theme-__template_id__ .thrv_footer [data-css=\"tve-u-16eac533e94\"] { padding: 0px !important; }.tve-theme-__template_id__ .thrv_footer .symbol-section-out { background-color: rgb(12, 17, 21) !important; background-image: none !important; }:not(#tve) .tve-theme-__template_id__ .thrv_footer [data-css=\"tve-u-16eac5dd29c\"] { --tcb-applied-color:rgba(255, 255, 255, 0.33); letter-spacing: 2px; line-height: 1.7em !important; color: rgba(255, 255, 255, 0.33) !important; font-size: 11px !important; padding-top: 0px !important; margin-top: 0px !important; padding-bottom: 0px !important; margin-bottom: 0px !important; }:not(#tve) .tve-theme-__template_id__ .thrv_footer .symbol-section-in p, :not(#tve) .tve-theme-__template_id__ .thrv_footer .symbol-section-in li, :not(#tve) .tve-theme-__template_id__ .thrv_footer .symbol-section-in blockquote, :not(#tve) .tve-theme-__template_id__ .thrv_footer .symbol-section-in address, :not(#tve) .tve-theme-__template_id__ .thrv_footer .symbol-section-in .tcb-plain-text, :not(#tve) .tve-theme-__template_id__ .thrv_footer .symbol-section-in label, :not(#tve) .tve-theme-__template_id__ .thrv_footer .symbol-section-in h1, :not(#tve) .tve-theme-__template_id__ .thrv_footer .symbol-section-in h2, :not(#tve) .tve-theme-__template_id__ .thrv_footer .symbol-section-in h3, :not(#tve) .tve-theme-__template_id__ .thrv_footer .symbol-section-in h4, :not(#tve) .tve-theme-__template_id__ .thrv_footer .symbol-section-in h5, :not(#tve) .tve-theme-__template_id__ .thrv_footer .symbol-section-in h6 { color: var(--tve-color, rgba(255, 255, 255, 0.6)); --tcb-applied-color:rgba(255, 255, 255, 0.6); }:not(#tve) .tve-theme-__template_id__ .thrv_footer [data-css=\"tve-u-16ecb092969\"] { letter-spacing: 2px; --tcb-applied-color:rgba(255, 255, 255, 0.3)  !important; padding-bottom: 0px !important; margin-bottom: 0px !important; text-transform: uppercase !important; font-size: 13px !important; color: rgba(255, 255, 255, 0.3) !important; font-weight: var(--g-regular-weight, normal)  !important; padding-top: 0px !important; margin-top: 0px !important; }.tve-theme-__template_id__ .thrv_footer [data-css=\"tve-u-16ecb115065\"] { padding: 0px !important; margin-bottom: 0px !important; }.tve-theme-__template_id__ .thrv_footer [data-css=\"tve-u-16ecb1169a6\"] { margin-left: -50px; padding: 0px 0px 20px !important; }.tve-theme-__template_id__ .thrv_footer [data-css=\"tve-u-16ecb116f18\"] { border-bottom: 1px solid rgba(255, 255, 255, 0.08); margin: 0px 0px 20px !important; }:not(#tve) .tve-theme-__template_id__ .thrv_footer .symbol-section-in p, :not(#tve) .tve-theme-__template_id__ .thrv_footer .symbol-section-in li, :not(#tve) .tve-theme-__template_id__ .thrv_footer .symbol-section-in blockquote, :not(#tve) .tve-theme-__template_id__ .thrv_footer .symbol-section-in address, :not(#tve) .tve-theme-__template_id__ .thrv_footer .symbol-section-in .tcb-plain-text, :not(#tve) .tve-theme-__template_id__ .thrv_footer .symbol-section-in label { font-size: var(--tve-font-size, 14px); }.tve-theme-__template_id__ .thrv_footer [data-css=\"tve-u-16ecb1169a6\"] > .tcb-flex-col { padding-left: 50px; }:not(#tve) .tve-theme-__template_id__ .thrv_footer [data-css=\"tve-u-16ecb30366e\"] { padding-bottom: 0px !important; margin-bottom: 0px !important; padding-top: 0px !important; margin-top: 0px !important; }.tve-theme-__template_id__ .thrv_footer [data-css=\"tve-u-16ecb31189a\"] { padding: 0px !important; margin-bottom: 0px !important; }:not(#tve) .tve-theme-__template_id__ .thrv_footer [data-css=\"tve-u-16ecb31878f\"] { letter-spacing: 2px; --tcb-applied-color:rgba(255, 255, 255, 0.26)  !important; padding-bottom: 0px !important; margin-bottom: 0px !important; text-transform: uppercase !important; font-size: 13px !important; color: rgba(255, 255, 255, 0.26) !important; font-weight: var(--g-regular-weight, normal)  !important; padding-top: 0px !important; margin-top: 0px !important; }:not(#tve) .tve-theme-__template_id__ .thrv_footer [data-css=\"tve-u-16ecb319742\"] { letter-spacing: 2px; --tcb-applied-color:rgba(255, 255, 255, 0.3)  !important; padding-bottom: 0px !important; margin-bottom: 0px !important; text-transform: uppercase !important; font-size: 13px !important; color: rgba(255, 255, 255, 0.3) !important; font-weight: var(--g-regular-weight, normal)  !important; padding-top: 0px !important; margin-top: 0px !important; }.tve-theme-__template_id__ .thrv_footer [data-css=\"tve-u-16ecb321934\"] .tve_social_items { font-size: 10px !important; }.tve-theme-__template_id__ .thrv_footer [data-css=\"tve-u-16ecb321934\"] { padding: 0px !important; margin-top: 20px !important; margin-bottom: 0px !important; }.tve-theme-__template_id__ .thrv_footer [data-css=\"tve-u-16ecc39ec63\"] { padding: 0px !important; margin-bottom: 15px !important; }.tve-theme-__template_id__ .thrv_footer [data-css=\"tve-u-16ecc3a0a75\"] { padding: 0px !important; margin-bottom: 15px !important; }.tve-theme-__template_id__ .thrv_footer [data-css=\"tve-u-16ecc3a1bae\"] { padding: 0px !important; margin-bottom: 15px !important; }.tve-theme-__template_id__ .thrv_footer [data-css=\"tve-u-16ef4c110f0\"] { max-width: 25%; }.tve-theme-__template_id__ .thrv_footer [data-css=\"tve-u-16ef4c11211\"] { max-width: 22.1%; }.tve-theme-__template_id__ .thrv_footer [data-css=\"tve-u-16ef4c11338\"] { max-width: 31.6%; }.tve-theme-__template_id__ .thrv_footer [data-css=\"tve-u-16ef4c11458\"] { max-width: 21.3%; }.tve-theme-__template_id__ .thrv_footer [data-css=\"tve-u-16ef4c196f8\"] { font-size: 22px; margin-left: auto; margin-right: auto; width: 22px; height: 22px; float: left; z-index: 3; position: relative; margin-top: 0px !important; margin-bottom: 0px !important; }:not(#tve) .tve-theme-__template_id__ .thrv_footer [data-css=\"tve-u-16ef4c196f8\"] > :first-child { color: rgba(255, 255, 255, 0.12); }.tve-theme-__template_id__ .thrv_footer [data-css=\"tve-u-16ef4c292f2\"] { padding: 2px !important; margin-top: 0px !important; margin-bottom: 10px !important; }.tve-theme-__template_id__ .thrv_footer [data-css=\"tve-u-16ef4c6646c\"] { font-size: 18px; margin-left: auto; margin-right: auto; width: 18px; height: 18px; float: left; z-index: 3; position: relative; margin-top: 0px !important; margin-bottom: 0px !important; }:not(#tve) .tve-theme-__template_id__ .thrv_footer [data-css=\"tve-u-16ef4c6646c\"] > :first-child { color: rgba(255, 255, 255, 0.12); }.tve-theme-__template_id__ .thrv_footer [data-css=\"tve-u-16ef4c682bd\"] { font-size: 18px; margin-left: auto; margin-right: auto; width: 18px; height: 18px; float: left; z-index: 3; position: relative; margin-top: 0px !important; margin-bottom: 0px !important; }:not(#tve) .tve-theme-__template_id__ .thrv_footer [data-css=\"tve-u-16ef4c682bd\"] > :first-child { color: rgba(255, 255, 255, 0.12); }.tve-theme-__template_id__ .thrv_footer [data-css=\"tve-u-16f7f3a506a\"] { padding: 0px !important; margin-top: 0px !important; }:not(#tve) .tve-theme-__template_id__ .thrv_footer [data-css=\"tve-u-16f7f3a506a\"] .thrive-dynamic-styled-list-item p, :not(#tve) .tve-theme-__template_id__ .thrv_footer [data-css=\"tve-u-16f7f3a506a\"] .thrive-dynamic-styled-list-item li, :not(#tve) .tve-theme-__template_id__ .thrv_footer [data-css=\"tve-u-16f7f3a506a\"] .thrive-dynamic-styled-list-item blockquote, :not(#tve) .tve-theme-__template_id__ .thrv_footer [data-css=\"tve-u-16f7f3a506a\"] .thrive-dynamic-styled-list-item address, :not(#tve) .tve-theme-__template_id__ .thrv_footer [data-css=\"tve-u-16f7f3a506a\"] .thrive-dynamic-styled-list-item .tcb-plain-text, :not(#tve) .tve-theme-__template_id__ .thrv_footer [data-css=\"tve-u-16f7f3a506a\"] .thrive-dynamic-styled-list-item label { line-height: var(--tve-line-height, 1.6em); }.tve-theme-__template_id__ .thrv_footer [data-css=\"tve-u-16f7f3a506a\"] .thrive-dynamic-styled-list-item { --tve-line-height:1.6em; margin-bottom: 2px !important; padding-bottom: 0px !important; margin-left: 0px !important; }:not(#tve) .tve-theme-__template_id__ .thrv_footer [data-css=\"tve-u-16f8577193f\"] { padding-bottom: 0px !important; margin-bottom: 0px !important; padding-top: 0px !important; margin-top: 0px !important; }:not(#tve) .tve-theme-__template_id__ .thrv_footer [data-css=\"tve-u-16f8577233f\"] { padding-bottom: 0px !important; margin-bottom: 0px !important; padding-top: 0px !important; margin-top: 0px !important; }:not(#tve) .tve-theme-__template_id__ .thrv_footer [data-css=\"tve-u-16fa3d06cc8\"] { letter-spacing: 2px; --tcb-applied-color:rgba(255, 255, 255, 0.3)  !important; padding-bottom: 0px !important; margin-bottom: 0px !important; text-transform: uppercase !important; font-size: 13px !important; color: rgba(255, 255, 255, 0.3) !important; font-weight: var(--g-regular-weight, normal)  !important; padding-top: 0px !important; margin-top: 0px !important; }.tve-theme-__template_id__ .thrv_footer [data-css=\"tve-u-16fa4454aff\"] { padding: 2px !important; margin-top: 0px !important; margin-bottom: 10px !important; }.tve-theme-__template_id__ .thrv_footer [data-css=\"tve-u-16fa4459cbe\"] { padding: 2px !important; margin-top: 0px !important; margin-bottom: 10px !important; }.tve-theme-__template_id__ .thrv_footer [data-css=\"tve-u-1701a6cab4b\"] { padding: 0px !important; margin-top: 0px !important; }:not(#tve) .tve-theme-__template_id__ .thrv_footer [data-css=\"tve-u-1701a6cab4b\"] .thrive-dynamic-styled-list-item p, :not(#tve) .tve-theme-__template_id__ .thrv_footer [data-css=\"tve-u-1701a6cab4b\"] .thrive-dynamic-styled-list-item li, :not(#tve) .tve-theme-__template_id__ .thrv_footer [data-css=\"tve-u-1701a6cab4b\"] .thrive-dynamic-styled-list-item blockquote, :not(#tve) .tve-theme-__template_id__ .thrv_footer [data-css=\"tve-u-1701a6cab4b\"] .thrive-dynamic-styled-list-item address, :not(#tve) .tve-theme-__template_id__ .thrv_footer [data-css=\"tve-u-1701a6cab4b\"] .thrive-dynamic-styled-list-item .tcb-plain-text, :not(#tve) .tve-theme-__template_id__ .thrv_footer [data-css=\"tve-u-1701a6cab4b\"] .thrive-dynamic-styled-list-item label { line-height: var(--tve-line-height, 1.6em); }.tve-theme-__template_id__ .thrv_footer [data-css=\"tve-u-1701a6cab4b\"] .thrive-dynamic-styled-list-item { --tve-line-height:1.6em; margin-bottom: 2px !important; padding-bottom: 0px !important; margin-left: 0px !important; }:not(#tve) .tve-theme-__template_id__ .thrv_footer [data-css=\"tve-u-16f7f3a506a\"] .thrive-dynamic-styled-list-text a:hover { color: rgb(255, 255, 255) !important; text-decoration-line: none !important; --eff:none  !important; text-decoration-color: var(--eff-color, currentColor)  !important; }:not(#tve) .tve-theme-__template_id__ .thrv_footer [data-css=\"tve-u-1701a6cab4b\"] .thrive-dynamic-styled-list-text a:hover { color: rgb(255, 255, 255) !important; text-decoration-line: none !important; --eff:none  !important; text-decoration-color: var(--eff-color, currentColor)  !important; }.tve-theme-__template_id__ .content-section .section-content { padding: 0px 10px !important; }.tve-theme-__template_id__ .main-container { padding: 10px !important; }:not(#layout) .tve-theme-__template_id__ .main-container { --sidebar-size:28.98%; --separator-size:15px; }.tve-theme-__template_id__ .content-section .product-template-wrapper { --tve-woo-gallery-width:332px; }.tve-theme-__template_id__ .sidebar-section .section-background { border: medium none; background-color: transparent !important; }.tve-theme-__template_id__ .sidebar-section .section-content { padding: 20px 10px !important; }.tve-theme-__template_id__ .sidebar-section { margin: 0px !important; }.tve-theme-__template_id__ .sidebar-section [data-css=\"tve-u-1725ba1e54e\"] { border-radius: 4px; overflow: hidden; background-color: var(--tcb-skin-color-9)  !important; background-image: none !important; border: none !important; }.tve-theme-__template_id__ .sidebar-section [data-css=\"tve-u-1725ba26717\"] { text-align: center; --tve-line-height:1.65em; min-height: 185px !important; }.tve-theme-__template_id__ .sidebar-section [data-css=\"tve-u-1725bac5eae\"] { padding: 30px 20px !important; margin-bottom: 14px !important; margin-top: 0px !important; }.tve-theme-__template_id__ .sidebar-section [data-css=\"tve-u-17299451e08\"] { float: none; padding: 0px !important; background-color: transparent !important; margin-left: auto !important; margin-right: auto !important; margin-bottom: 20px !important; }:not(#tve) .tve-theme-__template_id__ .sidebar-section [data-css=\"tve-u-17299cd57a8\"] { letter-spacing: 2px; padding-bottom: 0px !important; margin-bottom: 0px !important; font-size: 15px !important; line-height: 1.45em !important; font-weight: var(--g-bold-weight, bold)  !important; color: var(--tcb-skin-color-3)  !important; --tcb-applied-color:var$(--tcb-skin-color-3)  !important; text-transform: capitalize !important; }:not(#tve) .tve-theme-__template_id__ .sidebar-section [data-css=\"tve-u-17299dac94f\"] { letter-spacing: 1px; padding-bottom: 4px !important; margin-bottom: 0px !important; text-transform: capitalize !important; font-size: 13px !important; color: var(--tcb-skin-color-4)  !important; --tcb-applied-color:var$(--tcb-skin-color-4)  !important; font-weight: var(--g-bold-weight, bold)  !important; line-height: 1.3em !important; }:not(#tve) .tve-theme-__template_id__ .sidebar-section [data-css=\"tve-u-17299dac951\"] { letter-spacing: 1px; padding-bottom: 0px !important; margin-bottom: 0px !important; text-transform: none !important; font-size: 11px !important; color: rgba(0, 0, 0, 0.65) !important; --tcb-applied-color:rgba(0, 0, 0, 0.65)  !important; font-weight: var(--g-regular-weight, normal)  !important; line-height: 1.3em !important; }.tve-theme-__template_id__ .sidebar-section [data-css=\"tve-u-17299dac952\"] { margin-left: -12px; padding: 1px !important; }.tve-theme-__template_id__ .sidebar-section [data-css=\"tve-u-17299dac953\"] { margin-top: 0px !important; margin-bottom: 0px !important; }.tve-theme-__template_id__ .sidebar-section [data-css=\"tve-u-17299dac952\"] > .tcb-flex-col > .tcb-col { justify-content: center; }.tve-theme-__template_id__ .sidebar-section [data-css=\"tve-u-17299dac952\"] > .tcb-flex-col { padding-left: 12px; }.tve-theme-__template_id__ .sidebar-section [data-css=\"tve-u-17299dac955\"] { max-width: 36.8%; }.tve-theme-__template_id__ .sidebar-section [data-css=\"tve-u-17299dac956\"] { max-width: 63.2%; }.tve-theme-__template_id__ .sidebar-section [data-css=\"tve-u-17299dac964\"] { padding: 8px !important; margin: 0px !important; }.tve-theme-__template_id__ .sidebar-section [data-css=\"tve-u-17299dac966\"] { font-size: 18px; width: 18px; height: 18px; border-radius: 100px; overflow: hidden; border: 1px solid rgba(0, 0, 0, 0.16); float: none; z-index: 3; position: relative; padding: 17px !important; margin: 0px auto !important; background-color: transparent !important; }:not(#tve) .tve-theme-__template_id__ .sidebar-section [data-css=\"tve-u-17299dac966\"] > :first-child { color: var(--tcb-skin-color-0); }.tve-theme-__template_id__ .sidebar-section [data-css=\"tve-u-17299dac967\"]::after { clear: both; }.tve-theme-__template_id__ .sidebar-section [data-css=\"tve-u-17299dc406f\"] { background-color: transparent !important; }.tve-theme-__template_id__ .sidebar-section [data-css=\"tve-u-17299dd7209\"] { padding: 8px !important; margin: 0px 0px 8px !important; }.tve-theme-__template_id__ .sidebar-section [data-css=\"tve-u-17299ddf06d\"] { padding: 8px !important; margin: 0px 0px 8px !important; }.tve-theme-__template_id__ .sidebar-section [data-css=\"tve-u-17299deb6e1\"] { font-size: 18px; width: 18px; height: 18px; border-radius: 100px; overflow: hidden; border: 1px solid rgba(0, 0, 0, 0.16); float: none; z-index: 3; position: relative; padding: 17px !important; margin: 0px auto !important; background-color: transparent !important; }:not(#tve) .tve-theme-__template_id__ .sidebar-section [data-css=\"tve-u-17299deb6e1\"] > :first-child { color: var(--tcb-skin-color-0); }.tve-theme-__template_id__ .sidebar-section [data-css=\"tve-u-17299dec597\"] { font-size: 18px; width: 18px; height: 18px; border-radius: 100px; overflow: hidden; border: 1px solid rgba(0, 0, 0, 0.16); float: none; z-index: 3; position: relative; padding: 17px !important; margin: 0px auto !important; background-color: transparent !important; }:not(#tve) .tve-theme-__template_id__ .sidebar-section [data-css=\"tve-u-17299dec597\"] > :first-child { color: var(--tcb-skin-color-0); }.tve-theme-__template_id__ .sidebar-section [data-css=\"tve-u-17299e9512b\"] { margin-left: -12px; padding: 1px !important; }.tve-theme-__template_id__ .sidebar-section [data-css=\"tve-u-17299e9512b\"] > .tcb-flex-col > .tcb-col { justify-content: center; }.tve-theme-__template_id__ .sidebar-section [data-css=\"tve-u-17299e9512b\"] > .tcb-flex-col { padding-left: 12px; }.tve-theme-__template_id__ .sidebar-section [data-css=\"tve-u-17299e95f26\"] { margin-left: -12px; padding: 1px !important; }.tve-theme-__template_id__ .sidebar-section [data-css=\"tve-u-17299e95f26\"] > .tcb-flex-col > .tcb-col { justify-content: center; }.tve-theme-__template_id__ .sidebar-section [data-css=\"tve-u-17299e95f26\"] > .tcb-flex-col { padding-left: 12px; }.tve-theme-__template_id__ .sidebar-section [data-css=\"tve-u-17299e9725b\"] { margin-left: -12px; padding: 1px !important; }.tve-theme-__template_id__ .sidebar-section [data-css=\"tve-u-17299e9725b\"] > .tcb-flex-col > .tcb-col { justify-content: center; }.tve-theme-__template_id__ .sidebar-section [data-css=\"tve-u-17299e9725b\"] > .tcb-flex-col { padding-left: 12px; }.tve-theme-__template_id__ .sidebar-section [data-css=\"tve-u-17299e991f6\"] { font-size: 18px; width: 18px; height: 18px; border-radius: 100px; overflow: hidden; border: 1px solid rgba(0, 0, 0, 0.16); float: none; z-index: 3; position: relative; padding: 17px !important; margin: 0px auto !important; background-color: transparent !important; }:not(#tve) .tve-theme-__template_id__ .sidebar-section [data-css=\"tve-u-17299e991f6\"] > :first-child { color: var(--tcb-skin-color-0); }:not(#tve) .tve-theme-__template_id__ .sidebar-section [data-css=\"tve-u-17299ea959f\"] { letter-spacing: 1px; padding-bottom: 4px !important; margin-bottom: 0px !important; text-transform: capitalize !important; font-size: 13px !important; color: var(--tcb-skin-color-4)  !important; --tcb-applied-color:var$(--tcb-skin-color-4)  !important; font-weight: var(--g-bold-weight, bold)  !important; line-height: 1.3em !important; }:not(#tve) .tve-theme-__template_id__ .sidebar-section [data-css=\"tve-u-17299eaa4a7\"] { letter-spacing: 1px; padding-bottom: 4px !important; margin-bottom: 0px !important; text-transform: capitalize !important; font-size: 13px !important; color: var(--tcb-skin-color-4)  !important; --tcb-applied-color:var$(--tcb-skin-color-4)  !important; font-weight: var(--g-bold-weight, bold)  !important; line-height: 1.3em !important; }:not(#tve) .tve-theme-__template_id__ .sidebar-section [data-css=\"tve-u-17299eab053\"] { letter-spacing: 1px; padding-bottom: 4px !important; margin-bottom: 0px !important; text-transform: capitalize !important; font-size: 13px !important; color: var(--tcb-skin-color-4)  !important; --tcb-applied-color:var$(--tcb-skin-color-4)  !important; font-weight: var(--g-bold-weight, bold)  !important; line-height: 1.3em !important; }.tve-theme-__template_id__ .sidebar-section [data-css=\"tve-u-17299ec002b\"] { padding: 8px !important; margin: 0px 0px 8px !important; }:not(#tve) .tve-theme-__template_id__ .sidebar-section [data-css=\"tve-u-172b8a1f92b\"] { letter-spacing: 1px; padding-bottom: 0px !important; margin-bottom: 0px !important; text-transform: capitalize !important; font-size: 11px !important; color: rgba(0, 0, 0, 0.65) !important; --tcb-applied-color:rgba(0, 0, 0, 0.65)  !important; font-weight: var(--g-regular-weight, normal)  !important; line-height: 1.3em !important; }.tve-theme-__template_id__ .sidebar-section [data-css=\"tve-u-1725bac5eae\"] > .tve-cb { display: block; }.tve-theme-__template_id__ .sidebar-section [data-css=\"tve-u-172f0d8c2cc\"] { font-size: 19px; border-radius: 5px; overflow: hidden; background-color: rgb(255, 255, 255) !important; margin-top: 0px !important; margin-bottom: 0px !important; padding: 24px 24px 14px !important; }:not(#tve) .tve-theme-__template_id__ .sidebar-section [data-css=\"tve-u-172f0dcb678\"] { letter-spacing: 1px; padding-bottom: 0px !important; margin-bottom: 0px !important; font-size: 12px !important; line-height: 1.45em !important; font-weight: var(--g-regular-weight, normal)  !important; color: var(--tcb-skin-color-5)  !important; --tcb-applied-color:var$(--tcb-skin-color-5)  !important; text-transform: none !important; }.tve-theme-__template_id__ .sidebar-section [data-css=\"tve-u-172f0e01492\"] { float: none; padding: 0px !important; background-color: transparent !important; margin-left: auto !important; margin-right: auto !important; margin-bottom: 14px !important; }:not(#tve) .tve-theme-__template_id__ .sidebar-section .thrv-content-box [data-css=\"tve-u-1725ba26717\"] p, :not(#tve) .tve-theme-__template_id__ .sidebar-section .thrv-content-box [data-css=\"tve-u-1725ba26717\"] li, :not(#tve) .tve-theme-__template_id__ .sidebar-section .thrv-content-box [data-css=\"tve-u-1725ba26717\"] blockquote, :not(#tve) .tve-theme-__template_id__ .sidebar-section .thrv-content-box [data-css=\"tve-u-1725ba26717\"] address, :not(#tve) .tve-theme-__template_id__ .sidebar-section .thrv-content-box [data-css=\"tve-u-1725ba26717\"] .tcb-plain-text, :not(#tve) .tve-theme-__template_id__ .sidebar-section .thrv-content-box [data-css=\"tve-u-1725ba26717\"] label { line-height: var(--tve-line-height, 1.65em); }.tve-theme-__template_id__ .sidebar-section [data-css=\"tve-u-172f0e33c87\"] { background-color: transparent !important; }.tve-theme-__template_id__ .sidebar-section [data-css=\"tve-u-172f0e36f81\"] { background-color: transparent !important; }.tve-theme-__template_id__ .sidebar-section [data-css=\"tve-u-172f0e389f3\"] { background-color: transparent !important; }.tve-theme-__template_id__ .sidebar-section [data-css=\"tve-u-172f0e46865\"]::after { clear: both; }.tve-theme-__template_id__ .sidebar-section [data-css=\"tve-u-172f0e47290\"]::after { clear: both; }.tve-theme-__template_id__ .sidebar-section [data-css=\"tve-u-172f0e47c3f\"]::after { clear: both; }.tve-theme-__template_id__ .sidebar-section [data-css=\"tve-u-172f0e54f1a\"] { float: none; padding: 8px !important; background-color: var(--tcb-skin-color-9)  !important; margin-left: auto !important; margin-right: auto !important; margin-bottom: 14px !important; }.tve-theme-__template_id__ .sidebar-section [data-css=\"tve-u-172f0e6ba1e\"] { background-image: linear-gradient(rgba(0, 0, 0, 0.3), rgba(0, 0, 0, 0.3)), url(\"{{img=66eea9a5b8b973552d0fde5e0ec6c03b}}\") !important; background-size: auto, cover !important; background-position: 50% 50%, 50% 50% !important; background-attachment: scroll, scroll !important; background-repeat: no-repeat, no-repeat !important; }.tve-theme-__template_id__ .sidebar-section [data-css=\"tve-u-172f0e6d436\"] { --tve-color:rgb(255, 255, 255); min-height: 291px !important; }.tve-theme-__template_id__ .sidebar-section [data-css=\"tve-u-172f0e6efe7\"] { margin-top: 40px !important; margin-bottom: 40px !important; }:not(#tve) .tve-theme-__template_id__ .sidebar-section [data-css=\"tve-u-172f0e753d3\"] { letter-spacing: 2px; padding-bottom: 0px !important; margin-bottom: 0px !important; text-transform: uppercase !important; font-weight: var(--g-bold-weight, bold)  !important; font-size: 14px !important; }:not(#tve) .tve-theme-__template_id__ .sidebar-section .thrv-content-box [data-css=\"tve-u-172f0e6d436\"] p, :not(#tve) .tve-theme-__template_id__ .sidebar-section .thrv-content-box [data-css=\"tve-u-172f0e6d436\"] li, :not(#tve) .tve-theme-__template_id__ .sidebar-section .thrv-content-box [data-css=\"tve-u-172f0e6d436\"] blockquote, :not(#tve) .tve-theme-__template_id__ .sidebar-section .thrv-content-box [data-css=\"tve-u-172f0e6d436\"] address, :not(#tve) .tve-theme-__template_id__ .sidebar-section .thrv-content-box [data-css=\"tve-u-172f0e6d436\"] .tcb-plain-text, :not(#tve) .tve-theme-__template_id__ .sidebar-section .thrv-content-box [data-css=\"tve-u-172f0e6d436\"] label, :not(#tve) .tve-theme-__template_id__ .sidebar-section .thrv-content-box [data-css=\"tve-u-172f0e6d436\"] h1, :not(#tve) .tve-theme-__template_id__ .sidebar-section .thrv-content-box [data-css=\"tve-u-172f0e6d436\"] h2, :not(#tve) .tve-theme-__template_id__ .sidebar-section .thrv-content-box [data-css=\"tve-u-172f0e6d436\"] h3, :not(#tve) .tve-theme-__template_id__ .sidebar-section .thrv-content-box [data-css=\"tve-u-172f0e6d436\"] h4, :not(#tve) .tve-theme-__template_id__ .sidebar-section .thrv-content-box [data-css=\"tve-u-172f0e6d436\"] h5, :not(#tve) .tve-theme-__template_id__ .sidebar-section .thrv-content-box [data-css=\"tve-u-172f0e6d436\"] h6 { color: var(--tve-color, rgb(255, 255, 255)); --tcb-applied-color:rgb(255, 255, 255); }:not(#tve) .tve-theme-__template_id__ .sidebar-section [data-css=\"tve-u-172f0e822da\"] .tcb-button-link span { font-weight: var(--tve-font-weight, var(--g-bold-weight, bold)); color: var(--tve-color, var(--tcb-skin-color-4)); --tcb-applied-color:var$(--tcb-skin-color-4); }.tve-theme-__template_id__ .sidebar-section [data-css=\"tve-u-172f0e822da\"] { --tve-font-weight:var(--g-bold-weight, bold); --tve-letter-spacing:2px; --tcb-local-color-2818e:rgb(19, 114, 211); --tve-color:var(--tcb-skin-color-4); float: left; --tve-font-size:14px; z-index: 3; position: relative; --tcb-local-color-34f05:var(--tcb-skin-color-22)  !important; margin-left: auto !important; margin-right: auto !important; }.tve-theme-__template_id__ .sidebar-section [data-css=\"tve-u-172f0e822da\"] .tcb-button-link { letter-spacing: var(--tve-letter-spacing, 2px); padding: 18px !important; background-color: var(--tcb-local-color-34f05)  !important; background-image: none !important; }:not(#tve) .tve-theme-__template_id__ .sidebar-section [data-css=\"tve-u-172f0e822da\"]:hover .tcb-button-link { background-image: linear-gradient(rgba(255, 255, 255, 0.08), rgba(255, 255, 255, 0.08)) !important; background-size: auto !important; background-position: 50% 50% !important; background-attachment: scroll !important; background-repeat: no-repeat !important; background-color: var(--tcb-local-color-34f05)  !important; }:not(#tve) .tve-theme-__template_id__ .sidebar-section [data-css=\"tve-u-172f0e822da\"] .tcb-button-link { font-size: var(--tve-font-size, 14px)  !important; }.tve-theme-__template_id__ .sidebar-section [data-css=\"tve-u-172f0e8901c\"]::after { clear: both; }.tve-theme-__template_id__ .sidebar-section [data-css=\"tve-u-172f0e6efe7\"] > .tve-cb { justify-content: flex-end; display: flex; flex-direction: column; }:not(#tve) .tve-theme-__template_id__ .sidebar-section :not(#tve) [data-css=\"tve-u-172f0e822da\"]:hover .tcb-button-link span { color: var(--tve-color, var(--tcb-skin-color-18))  !important; --tcb-applied-color:var$(--tcb-skin-color-18)  !important; }:not(#tve) .tve-theme-__template_id__ .sidebar-section [data-css=\"tve-u-172f0e822da\"]:hover { --tve-color:var(--tcb-skin-color-18)  !important; }.tve-theme-__template_id__ .sidebar-section [data-css=\"tve-u-173008f351b\"] { max-width: 36.8%; }.tve-theme-__template_id__ .sidebar-section [data-css=\"tve-u-173008f351f\"] { max-width: 63.2%; }.tve-theme-__template_id__ .sidebar-section [data-css=\"tve-u-173008f3b76\"] { max-width: 36.8%; }.tve-theme-__template_id__ .sidebar-section [data-css=\"tve-u-173008f3b7a\"] { max-width: 63.2%; }.tve-theme-__template_id__ .sidebar-section [data-css=\"tve-u-173008f5145\"] { max-width: 36.8%; }.tve-theme-__template_id__ .sidebar-section [data-css=\"tve-u-173008f5149\"] { max-width: 63.2%; }.tve-theme-__template_id__ .sidebar-section [data-css=\"tve-u-1730099bb1d\"] { margin-top: 0px !important; margin-bottom: 0px !important; }.tve-theme-__template_id__ .top-section .section-background { background-color: transparent !important; background-image: linear-gradient(rgba(0, 0, 0, 0.48), rgba(0, 0, 0, 0.48)), url(\"{{img=67a66b1829db0304f92e5d65fa3056d9}}\") !important; background-size: auto, cover !important; background-position: 50% 50%, 50% 50% !important; background-attachment: scroll, scroll !important; background-repeat: no-repeat, no-repeat !important; }.tve-theme-__template_id__ .top-section .section-content { display: flex; --tve-color:rgb(255, 255, 255); justify-content: center; flex-direction: column; min-height: 1px !important; padding: 14px 20px !important; }.tve-theme-__template_id__ .top-section .section-content p, .tve-theme-__template_id__ .top-section .section-content li, .tve-theme-__template_id__ .top-section .section-content label, .tve-theme-__template_id__ .top-section .section-content .tcb-plain-text { color: var(--tve-color, rgb(255, 255, 255)); --tcb-applied-color:rgb(255, 255, 255); }.tve-theme-__template_id__ .top-section [data-css=\"tve-u-172801e4840\"] { padding: 0px !important; margin-bottom: 0px !important; }:not(#tve) .tve-theme-__template_id__ .top-section [data-css=\"tve-u-1729e8c414c\"] { letter-spacing: 3px; padding-bottom: 0px !important; margin-bottom: 0px !important; font-size: 11px !important; }.tve-theme-__template_id__ .top-section [data-css=\"tve-u-172dc888df8\"] { font-size: 17px !important; }.tve-theme-__template_id__ .top-section [data-css=\"tve-u-172dc891ebe\"] { background-color: var(--tcb-skin-color-1)  !important; }.tve-theme-__template_id__ .bottom-section .section-background { background-color: rgb(12, 17, 21) !important; background-image: linear-gradient(var(--tcb-skin-color-18), var(--tcb-skin-color-18)), url(\"{{img=8a21e14ed0b7f8d4aaf92598014ff424}}\")  !important; background-size: auto, cover !important; background-position: 50% 50%, 50% 50% !important; background-attachment: scroll, scroll !important; background-repeat: no-repeat, no-repeat !important; }.tve-theme-__template_id__ .bottom-section .section-content { justify-content: center; display: flex; flex-direction: column; --tve-color:rgb(255, 255, 255); min-height: 340px !important; padding: 40px 20px !important; }.tve-theme-__template_id__ .bottom-section [data-css=\"tve-u-172ccb1226f\"] { position: relative !important; padding-top: 6px !important; }.tve-theme-__template_id__ .bottom-section [data-css=\"tve-u-172ccb12274\"] { padding: 1px !important; margin-top: 0px !important; margin-bottom: 0px !important; }.tve-theme-__template_id__ .bottom-section [data-css=\"tve-u-172ccb19be9\"] { margin-top: 0px !important; margin-bottom: 0px !important; }.tve-theme-__template_id__ .bottom-section [data-css=\"tve-u-172ccb1a33c\"] { margin-left: -40px; padding: 0px !important; }.tve-theme-__template_id__ .bottom-section .section-content p, .tve-theme-__template_id__ .bottom-section .section-content li, .tve-theme-__template_id__ .bottom-section .section-content label, .tve-theme-__template_id__ .bottom-section .section-content .tcb-plain-text { color: var(--tve-color, rgb(255, 255, 255)); --tcb-applied-color:rgb(255, 255, 255); }.tve-theme-__template_id__ .bottom-section [data-css=\"tve-u-172ccb78756\"] { background-image: none !important; }.tve-theme-__template_id__ .bottom-section [data-css=\"tve-u-172ccb1a33c\"] > .tcb-flex-col > .tcb-col { justify-content: center; }:not(#tve) .tve-theme-__template_id__ .bottom-section [data-css=\"tve-u-172ccb9da4e\"] { letter-spacing: 10px; padding-bottom: 0px !important; margin-bottom: 0px !important; text-transform: uppercase !important; font-size: 15px !important; font-weight: var(--g-bold-weight, bold)  !important; }.tve-theme-__template_id__ .bottom-section [data-css=\"tve-u-172ccb1a33c\"] > .tcb-flex-col { padding-left: 40px; }:not(#tve) .tve-theme-__template_id__ .bottom-section [data-css=\"tve-u-172ccbe573a\"] { letter-spacing: 3px; padding-bottom: 0px !important; margin-bottom: 0px !important; text-transform: uppercase !important; font-size: 10px !important; }.tve-theme-__template_id__ .bottom-section [data-css=\"tve-u-172ccbe94c5\"] { font-size: 20px; width: 20px; height: 20px; border-radius: 0px; overflow: hidden; border: none; float: left; position: relative; z-index: 8 !important; padding: 2px !important; margin-top: 0px !important; margin-bottom: 0px !important; background-color: transparent !important; margin-right: 15px !important; }:not(#tve) .tve-theme-__template_id__ .bottom-section [data-css=\"tve-u-172ccbe94c5\"] > :first-child { color: rgb(255, 255, 255); }.tve-theme-__template_id__ .bottom-section [data-css=\"tve-u-172ccc2d045\"] { margin-top: 0px !important; margin-bottom: 0px !important; }.tve-theme-__template_id__ .bottom-section [data-css=\"tve-u-172ccc2dfc4\"] { margin-top: 0px !important; margin-bottom: 0px !important; }.tve-theme-__template_id__ .bottom-section [data-css=\"tve-u-172ccc4f7c6\"] { padding: 0px !important; margin-bottom: 15px !important; }.tve-theme-__template_id__ .bottom-section [data-css=\"tve-u-172ccc67187\"] { max-width: 348px; padding: 0px !important; margin-bottom: 0px !important; }:not(#tve) .tve-theme-__template_id__ .bottom-section [data-css=\"tve-u-172ccc6825d\"] { letter-spacing: 1px; padding-bottom: 0px !important; margin-bottom: 0px !important; font-size: 12px !important; color: rgba(255, 255, 255, 0.74) !important; --tcb-applied-color:rgba(255, 255, 255, 0.74)  !important; }.tve-theme-__template_id__ .bottom-section [data-css=\"tve-u-172ccfd1e96\"] { position: relative !important; padding-top: 6px !important; }.tve-theme-__template_id__ .bottom-section [data-css=\"tve-u-172ccfd2a5e\"] { position: relative !important; padding-top: 6px !important; }.tve-theme-__template_id__ .bottom-section [data-css=\"tve-u-172ccfd34c8\"] { position: relative !important; padding-top: 6px !important; }:not(#tve) .tve-theme-__template_id__ .bottom-section [data-css=\"tve-u-172ccfd58bc\"] { letter-spacing: 3px; padding-bottom: 0px !important; margin-bottom: 0px !important; text-transform: uppercase !important; font-size: 10px !important; }:not(#tve) .tve-theme-__template_id__ .bottom-section [data-css=\"tve-u-172ccfd88d1\"] { letter-spacing: 3px; padding-bottom: 0px !important; margin-bottom: 0px !important; text-transform: uppercase !important; font-size: 10px !important; }:not(#tve) .tve-theme-__template_id__ .bottom-section [data-css=\"tve-u-172ccfd92cb\"] { letter-spacing: 3px; padding-bottom: 0px !important; margin-bottom: 0px !important; text-transform: uppercase !important; font-size: 10px !important; }.tve-theme-__template_id__ .bottom-section [data-css=\"tve-u-172ccfef7dd\"] { padding: 1px !important; margin-top: 0px !important; margin-bottom: 0px !important; }.tve-theme-__template_id__ .bottom-section [data-css=\"tve-u-172ccff1051\"] { padding: 1px !important; margin-top: 0px !important; margin-bottom: 0px !important; }.tve-theme-__template_id__ .bottom-section [data-css=\"tve-u-172ccff534f\"] { padding: 1px !important; margin-top: 0px !important; margin-bottom: 0px !important; }.tve-theme-__template_id__ .bottom-section [data-css=\"tve-u-172cd17f2d8\"] { max-width: 50.1%; }.tve-theme-__template_id__ .bottom-section [data-css=\"tve-u-172cd17f2fa\"] { max-width: 49.9%; }.tve-theme-__template_id__ .bottom-section .thrv-divider[data-css=\"tve-u-172cd19f941\"] .tve_sep { border-width: 2px !important; border-color: rgb(255, 255, 255) !important; }.tve-theme-__template_id__ .bottom-section [data-css=\"tve-u-172cd19f941\"] { width: 30px; padding-top: 12px !important; padding-bottom: 12px !important; margin-bottom: 15px !important; }.tve-theme-__template_id__ .content-section [data-css=\"tve-u-17309fc3681\"] .thrive-breadcrumb-separator { font-size: 11px; width: 11px; height: 11px; }.tve-theme-__template_id__ .content-section [data-css=\"tve-u-17309fc3681\"] .thrive-breadcrumb-path { font-size: 11px; --tve-text-transform:none; --tve-letter-spacing:2px; }.tve-theme-__template_id__ .content-section [data-css=\"tve-u-17309fc3681\"] .thrive-breadcrumb-leaf { font-size: 11px; --tve-text-transform:none; --tve-letter-spacing:2px; }.tve-theme-__template_id__ .content-section [data-css=\"tve-u-17309fc3681\"] { padding-bottom: 0px !important; }.tve-theme-__template_id__ .content-section [data-css=\"tve-u-17309fc3681\"] .thrive-breadcrumb-path a { text-transform: var(--tve-text-transform, none)  !important; letter-spacing: var(--tve-letter-spacing, 2px)  !important; }.tve-theme-__template_id__ .content-section [data-css=\"tve-u-17309fc3681\"] .thrive-breadcrumb-leaf span { text-transform: var(--tve-text-transform, none)  !important; letter-spacing: var(--tve-letter-spacing, 2px)  !important; }","(max-width: 1023px)":".tve-theme-__template_id__ .thrv_footer [data-css=\"tve-u-16ecc39ec63\"] { margin-bottom: 15px !important; }.tve-theme-__template_id__ .thrv_footer [data-css=\"tve-u-16ecc3a0a75\"] { margin-bottom: 15px !important; }.tve-theme-__template_id__ .thrv_footer [data-css=\"tve-u-16ecc3a1bae\"] { margin-top: 0px !important; margin-bottom: 15px !important; }.tve-theme-__template_id__ .thrv_footer [data-css=\"tve-u-16ecc3a3a49\"] { padding-top: 0px !important; }.tve-theme-__template_id__ .thrv_footer [data-css=\"tve-u-16ecc3a7527\"] { padding-top: 0px !important; }.tve-theme-__template_id__ .thrv_footer [data-css=\"tve-u-16ecb1169a6\"] { padding-bottom: 15px !important; flex-wrap: wrap !important; }.tve-theme-__template_id__ .thrv_footer [data-css=\"tve-u-16ecb116f18\"] { margin-bottom: 15px !important; }.tve-theme-__template_id__ .thrv_footer [data-css=\"tve-u-16ecb1169a6\"] > .tcb-flex-col { flex-basis: 311px !important; }.tve-theme-__template_id__ .thrv_footer [data-css=\"tve-u-16ecc3abe12\"] { margin-bottom: 30px !important; }.tve-theme-__template_id__ .thrv_footer [data-css=\"tve-u-17053db9f59\"] { margin-bottom: 30px !important; }.tve-theme-__template_id__ .thrv_footer [data-css=\"tve-u-1701a6cab4b\"] { margin-top: 0px !important; }.tve-theme-__template_id__ .thrv_footer [data-css=\"tve-u-16f7f3a506a\"] { margin-top: 0px !important; }.tve-theme-__template_id__ .thrv_footer [data-css=\"tve-u-16ecb115065\"] { margin-bottom: 15px !important; }.tve-theme-__template_id__ .thrv_footer .symbol-section-in { padding: 40px 40px 20px !important; }.tve-theme-__template_id__ .content-section .section-content { padding: 0px 10px !important; }.tve-theme-__template_id__ .main-container { padding-left: 20px !important; padding-right: 20px !important; }.tve-theme-__template_id__ .sidebar-section .section-content { padding: 20px 10px !important; }.tve-theme-__template_id__ .sidebar-section { margin: 0px !important; }.tve-theme-__template_id__ .sidebar-section [data-css=\"tve-u-1725ba26717\"] { min-height: 144px !important; }.tve-theme-__template_id__ .sidebar-section [data-css=\"tve-u-172f0e822da\"] .tcb-button-link { padding: 8px !important; }.tve-theme-__template_id__ .sidebar-section [data-css=\"tve-u-172f0d8c2cc\"] { float: none; margin-left: auto !important; margin-right: auto !important; padding: 14px !important; }.tve-theme-__template_id__ .sidebar-section [data-css=\"tve-u-17299dac966\"] { float: right; z-index: 3; position: relative; }.tve-theme-__template_id__ .sidebar-section [data-css=\"tve-u-17299dac967\"]::after { clear: both; }.tve-theme-__template_id__ .sidebar-section [data-css=\"tve-u-17299dec597\"] { float: right; z-index: 3; position: relative; }.tve-theme-__template_id__ .sidebar-section [data-css=\"tve-u-172f0e47c3f\"]::after { clear: both; }.tve-theme-__template_id__ .sidebar-section [data-css=\"tve-u-17299deb6e1\"] { float: right; z-index: 3; position: relative; }.tve-theme-__template_id__ .sidebar-section [data-css=\"tve-u-172f0e47290\"]::after { clear: both; }.tve-theme-__template_id__ .sidebar-section [data-css=\"tve-u-17299e991f6\"] { float: right; z-index: 3; position: relative; }.tve-theme-__template_id__ .sidebar-section [data-css=\"tve-u-172f0e46865\"]::after { clear: both; }.tve-theme-__template_id__ .sidebar-section [data-css=\"tve-u-172f0e6d436\"] { min-height: 278px !important; }.tve-theme-__template_id__ .sidebar-section [data-css=\"tve-u-172f0e6efe7\"] { float: none; margin-left: auto !important; margin-right: auto !important; margin-bottom: 0px !important; }.tve-theme-__template_id__ .sidebar-section [data-css=\"tve-u-1725bac5eae\"] { float: none; margin-left: auto !important; margin-right: auto !important; }.tve-theme-__template_id__ .sidebar-section [data-css=\"tve-u-1730099bb1d\"] { float: none; margin-left: auto !important; margin-right: auto !important; }.tve-theme-__template_id__ .sidebar-section [data-css=\"tve-u-17299dd7209\"] { float: none; max-width: 400px; margin-left: auto !important; margin-right: auto !important; }.tve-theme-__template_id__ .sidebar-section [data-css=\"tve-u-17299ddf06d\"] { float: none; max-width: 400px; margin-left: auto !important; margin-right: auto !important; }.tve-theme-__template_id__ .sidebar-section [data-css=\"tve-u-17299ec002b\"] { float: none; max-width: 400px; margin-left: auto !important; margin-right: auto !important; }.tve-theme-__template_id__ .sidebar-section [data-css=\"tve-u-17299dac964\"] { float: none; max-width: 400px; margin-left: auto !important; margin-right: auto !important; }.tve-theme-__template_id__ .top-section .section-content { padding-left: 40px !important; padding-right: 40px !important; }.tve-theme-__template_id__ .bottom-section [data-css=\"tve-u-172ccb12274\"] { min-width: 163px; }.tve-theme-__template_id__ .bottom-section [data-css=\"tve-u-172ccbe94c5\"] { margin-right: 10px !important; }:not(#tve) .tve-theme-__template_id__ .bottom-section [data-css=\"tve-u-172ccb9da4e\"] { font-size: 11px !important; }.tve-theme-__template_id__ .bottom-section [data-css=\"tve-u-172ccc67187\"] { margin-bottom: 0px !important; }.tve-theme-__template_id__ .bottom-section [data-css=\"tve-u-172ccfd1e96\"] { padding-top: 1px !important; }.tve-theme-__template_id__ .bottom-section [data-css=\"tve-u-172ccfd2a5e\"] { padding-top: 1px !important; }.tve-theme-__template_id__ .bottom-section [data-css=\"tve-u-172ccfd34c8\"] { padding-top: 1px !important; }.tve-theme-__template_id__ .bottom-section [data-css=\"tve-u-172ccb1226f\"] { padding-top: 1px !important; }:not(#tve) .tve-theme-__template_id__ .bottom-section [data-css=\"tve-u-172ccfd58bc\"] { font-size: 9px !important; }:not(#tve) .tve-theme-__template_id__ .bottom-section [data-css=\"tve-u-172ccfd88d1\"] { font-size: 9px !important; }:not(#tve) .tve-theme-__template_id__ .bottom-section [data-css=\"tve-u-172ccfd92cb\"] { font-size: 9px !important; }:not(#tve) .tve-theme-__template_id__ .bottom-section [data-css=\"tve-u-172ccbe573a\"] { font-size: 9px !important; }.tve-theme-__template_id__ .bottom-section .section-content { min-height: 1px !important; padding: 40px !important; }.tve-theme-__template_id__ .bottom-section [data-css=\"tve-u-172ccfef7dd\"] { min-width: 163px; }.tve-theme-__template_id__ .bottom-section [data-css=\"tve-u-172ccff1051\"] { min-width: 163px; }.tve-theme-__template_id__ .bottom-section [data-css=\"tve-u-172ccff534f\"] { min-width: 163px; }:not(#tve) .tve-theme-__template_id__ .bottom-section [data-css=\"tve-u-172ccc6825d\"] { font-size: 11px !important; }.tve-theme-__template_id__ .bottom-section [data-css=\"tve-u-172ccc4f7c6\"] { margin-bottom: 5px !important; }.tve-theme-__template_id__ .bottom-section [data-css=\"tve-u-172cd19f941\"] { margin-bottom: 10px !important; }:not(#layout) .tve-theme-__template_id__ .main-container { --sidebar-size:36.55%; }","(max-width: 767px)":":not(#tve) .tve-theme-__template_id__ .thrv_footer .symbol-section-in p, :not(#tve) .tve-theme-__template_id__ .thrv_footer .symbol-section-in li, :not(#tve) .tve-theme-__template_id__ .thrv_footer .symbol-section-in blockquote, :not(#tve) .tve-theme-__template_id__ .thrv_footer .symbol-section-in address, :not(#tve) .tve-theme-__template_id__ .thrv_footer .symbol-section-in .tcb-plain-text, :not(#tve) .tve-theme-__template_id__ .thrv_footer .symbol-section-in label { font-size: 14px; }:not(#tve) .tve-theme-__template_id__ .thrv_footer [data-css=\"tve-u-16eac5dd29c\"] { letter-spacing: 0px; font-size: 10px !important; }.tve-theme-__template_id__ .thrv_footer [data-css=\"tve-u-16ecc3abe12\"] { margin-bottom: 20px !important; }.tve-theme-__template_id__ .thrv_footer [data-css=\"tve-u-16ecc3a3a49\"] { padding-top: 0px !important; margin-bottom: 20px !important; }.tve-theme-__template_id__ .thrv_footer [data-css=\"tve-u-16ecb115065\"] { margin-bottom: 0px !important; }.tve-theme-__template_id__ .thrv_footer [data-css=\"tve-u-16ecc3a7527\"] { padding-top: 0px !important; }.tve-theme-__template_id__ .thrv_footer [data-css=\"tve-u-16f7f3a506a\"] { margin-top: 0px !important; }.tve-theme-__template_id__ .thrv_footer [data-css=\"tve-u-16fa4454aff\"] { margin-top: 0px !important; margin-bottom: 8px !important; }.tve-theme-__template_id__ .thrv_footer [data-css=\"tve-u-16fa4459cbe\"] { margin-bottom: 8px !important; }.tve-theme-__template_id__ .thrv_footer [data-css=\"tve-u-16ecb321934\"] { margin-top: 10px !important; margin-bottom: 10px !important; }.tve-theme-__template_id__ .thrv_footer [data-css=\"tve-u-16ecb1169a6\"] { flex-flow: row wrap !important; }.tve-theme-__template_id__ .thrv_footer [data-css=\"tve-u-16f7f3a506a\"] .thrive-dynamic-styled-list-item { justify-content: flex-start; padding-bottom: 6px !important; margin-bottom: 0px !important; }.tve-theme-__template_id__ .thrv_footer [data-css=\"tve-u-16ecc3a1bae\"] { margin-bottom: 10px !important; }.tve-theme-__template_id__ .thrv_footer [data-css=\"tve-u-16ef4c292f2\"] { min-width: 245px; }.tve-theme-__template_id__ .thrv_footer [data-css=\"tve-u-16ecc3a0a75\"] { margin-top: 0px !important; margin-bottom: 10px !important; }.tve-theme-__template_id__ .thrv_footer [data-css=\"tve-u-16ecc39ec63\"] { margin-top: 0px !important; margin-bottom: 10px !important; }:not(#tve) .tve-theme-__template_id__ .thrv_footer [data-css=\"tve-u-16ecb092969\"] { font-size: 11px !important; }:not(#tve) .tve-theme-__template_id__ .thrv_footer [data-css=\"tve-u-16fa3d06cc8\"] { font-size: 12px !important; }:not(#tve) .tve-theme-__template_id__ .thrv_footer [data-css=\"tve-u-16ecb31878f\"] { font-size: 12px !important; }:not(#tve) .tve-theme-__template_id__ .thrv_footer [data-css=\"tve-u-16ecb319742\"] { font-size: 12px !important; color: rgba(255, 255, 255, 0.3) !important; --tcb-applied-color:rgba(255, 255, 255, 0.3)  !important; }.tve-theme-__template_id__ .thrv_footer [data-css=\"tve-u-16ef4c196f8\"] { font-size: 20px; width: 20px; height: 20px; }.tve-theme-__template_id__ .thrv_footer [data-css=\"tve-u-1701a6cab4b\"] { margin-top: 0px !important; }.tve-theme-__template_id__ .thrv_footer [data-css=\"tve-u-1701a6cab4b\"] .thrive-dynamic-styled-list-item { justify-content: flex-start; padding-bottom: 6px !important; margin-bottom: 0px !important; }.tve-theme-__template_id__ .thrv_footer [data-css=\"tve-u-16ecb1169a6\"] > .tcb-flex-col { flex-basis: 257px !important; }.tve-theme-__template_id__ .thrv_footer [data-css=\"tve-u-17053db9f59\"] { margin-bottom: 20px !important; }.tve-theme-__template_id__ .thrv_footer .symbol-section-in { padding: 30px 20px 20px !important; }.tve-theme-__template_id__ .main-container { padding: 10px !important; }.tve-theme-__template_id__ .content-section .section-content { padding-left: 10px !important; padding-right: 10px !important; }.tve-theme-__template_id__ .sidebar-section .section-content { padding: 20px 10px !important; }.tve-theme-__template_id__ .sidebar-section { margin-left: 0px !important; margin-right: 0px !important; margin-bottom: 0px !important; }.tve-theme-__template_id__ .sidebar-section [data-css=\"tve-u-17299dac952\"] { flex-wrap: nowrap !important; }.tve-theme-__template_id__ .sidebar-section [data-css=\"tve-u-17299dac955\"] { max-width: 37.9%; }.tve-theme-__template_id__ .sidebar-section [data-css=\"tve-u-17299dac956\"] { max-width: 62.1%; }.tve-theme-__template_id__ .sidebar-section [data-css=\"tve-u-17299dac964\"] { margin-bottom: 0px !important; }.tve-theme-__template_id__ .sidebar-section [data-css=\"tve-u-17299dac966\"] { float: right; z-index: 3; position: relative; font-size: 18px; width: 18px; height: 18px; padding: 18px !important; }.tve-theme-__template_id__ .sidebar-section [data-css=\"tve-u-17299dac967\"]::after { clear: both; }.tve-theme-__template_id__ .sidebar-section [data-css=\"tve-u-17299dd7209\"] { margin-bottom: 0px !important; }.tve-theme-__template_id__ .sidebar-section [data-css=\"tve-u-17299ddf06d\"] { margin-bottom: 0px !important; }.tve-theme-__template_id__ .sidebar-section [data-css=\"tve-u-17299deb6e1\"] { float: right; z-index: 3; position: relative; font-size: 18px; width: 18px; height: 18px; padding: 18px !important; }.tve-theme-__template_id__ .sidebar-section [data-css=\"tve-u-17299dec597\"] { float: right; z-index: 3; position: relative; font-size: 18px; width: 18px; height: 18px; padding: 18px !important; }.tve-theme-__template_id__ .sidebar-section [data-css=\"tve-u-17299e9512b\"] { flex-wrap: nowrap !important; }.tve-theme-__template_id__ .sidebar-section [data-css=\"tve-u-17299e95f26\"] { flex-wrap: nowrap !important; }.tve-theme-__template_id__ .sidebar-section [data-css=\"tve-u-17299e9725b\"] { flex-wrap: nowrap !important; }.tve-theme-__template_id__ .sidebar-section [data-css=\"tve-u-17299e991f6\"] { float: right; z-index: 3; position: relative; font-size: 18px; width: 18px; height: 18px; padding: 18px !important; }.tve-theme-__template_id__ .sidebar-section [data-css=\"tve-u-17299ec002b\"] { margin-bottom: 0px !important; }.tve-theme-__template_id__ .sidebar-section [data-css=\"tve-u-172f0e46865\"]::after { clear: both; }.tve-theme-__template_id__ .sidebar-section [data-css=\"tve-u-172f0e47290\"]::after { clear: both; }.tve-theme-__template_id__ .sidebar-section [data-css=\"tve-u-172f0e47c3f\"]::after { clear: both; }.tve-theme-__template_id__ .sidebar-section [data-css=\"tve-u-1725ba26717\"] { min-height: 202px !important; }.tve-theme-__template_id__ .sidebar-section [data-css=\"tve-u-1725bac5eae\"] { margin-bottom: 20px !important; }.tve-theme-__template_id__ .sidebar-section [data-css=\"tve-u-172f0e6efe7\"] { margin-top: 20px !important; }.tve-theme-__template_id__ .sidebar-section [data-css=\"tve-u-173008f351b\"] { max-width: 38%; }.tve-theme-__template_id__ .sidebar-section [data-css=\"tve-u-173008f351f\"] { max-width: 62%; }.tve-theme-__template_id__ .sidebar-section [data-css=\"tve-u-173008f3b76\"] { max-width: 37.9%; }.tve-theme-__template_id__ .sidebar-section [data-css=\"tve-u-173008f3b7a\"] { max-width: 62.1%; }.tve-theme-__template_id__ .sidebar-section [data-css=\"tve-u-173008f5145\"] { max-width: 37.5%; }.tve-theme-__template_id__ .sidebar-section [data-css=\"tve-u-173008f5149\"] { max-width: 62.5%; }.tve-theme-__template_id__ .sidebar-section [data-css=\"tve-u-172f0d8c2cc\"] { padding: 24px !important; }.tve-theme-__template_id__ .top-section .section-content { padding: 10px 20px !important; }.tve-theme-__template_id__ .bottom-section [data-css=\"tve-u-172ccb12274\"] { min-width: 100%; margin-bottom: 0px !important; }.tve-theme-__template_id__ .bottom-section [data-css=\"tve-u-172ccbe94c5\"] { z-index: 3; position: relative; font-size: 16px; width: 16px; height: 16px; padding: 2px !important; margin-left: auto !important; margin-right: 8px !important; margin-bottom: 0px !important; }.tve-theme-__template_id__ .bottom-section [data-css=\"tve-u-172ccfe822d\"] { padding-bottom: 0px !important; padding-top: 0px !important; }.tve-theme-__template_id__ .bottom-section [data-css=\"tve-u-172ccfe9342\"] { padding-top: 0px !important; padding-bottom: 0px !important; }.tve-theme-__template_id__ .bottom-section [data-css=\"tve-u-172ccfef7dd\"] { min-width: 100%; margin-bottom: 15px !important; }.tve-theme-__template_id__ .bottom-section [data-css=\"tve-u-172ccff1051\"] { min-width: 100%; margin-bottom: 15px !important; }.tve-theme-__template_id__ .bottom-section [data-css=\"tve-u-172ccff534f\"] { min-width: 100%; margin-bottom: 15px !important; }.tve-theme-__template_id__ .bottom-section .section-content { padding: 30px 20px !important; }.tve-theme-__template_id__ .bottom-section [data-css=\"tve-u-172ccc67187\"] { margin-bottom: 15px !important; }.tve-theme-__template_id__ .bottom-section [data-css=\"tve-u-172cd19f941\"] { margin-bottom: 15px !important; }"},"fonts":[],"dynamic":[]},"format":"standard","tag":"5ef0b0ba6ce22","no_search_results":"","primary_template":"singular","secondary_template":"product","variable_template":""},"post_status":"publish"}]