{"4ea06fbc83cdd0a06020c35d50e1e89a":{"name":"770.png","folder":"symbols","h":23,"w":600,"custom_subdir":1},"9fd81843ad7f202f26c1a174c7357585":{"name":"297.png","folder":"symbols","h":112,"w":600,"custom_subdir":1},"823ce695846125a8c4124d7ff15953e2":{"name":"shapeshift_local_business_03_s4_video_1a-1.jpg"},"e137ca206896571de96d48557e546ad7":{"name":"shapeshift_local_business_03_s4_video_2.jpg"},"ec4973b5d01d7ca9a773626f45a85953":{"name":"Featured_img_3_03.jpg"},"a66bb2896d1492440a3b28ef14650aa9":{"name":"shapeshift_sidebar_img_001.jpg"},"1a350842a7ff436169e16465686d26fa":{"name":"FB_Featured-img01-7.jpg"},"0ebf197205c00fc6e0aac7261a8c1bdc":{"name":"3045.png","folder":"thrive-theme\/preview","h":300,"w":300,"custom_subdir":1}}