[{"ID":3045,"post_title":"Video Banner - Call to Action","post_type":"thrive_template","meta_input":{"default":"0","layout":"20f07591c6fcb220ffe637cda29bb3f6","layout_data":{"hide_sidebar":1},"structure":"[thrive_template_section type=\"top\" ][thrive_template_content]\n[thrive_main_container]\n[thrive_template_section type=\"sidebar\" ]\n[thrive_template_section type=\"content\" ]\n[\/thrive_main_container]\n[\/thrive_template_content][thrive_template_section type=\"bottom\" ]","sidebar-type":"","sticky-sidebar":"","off-screen-sidebar":"","tve_globals":{"js_sdk":[],"fb_comment_admins":""},"comments":{"labels":[],"icons":[]},"sections":{"top":{"id":0,"content":"<div class=\"thrv_wrapper thrv-columns\" style=\"\" data-css=\"tve-u-17076e14bc7\"><div class=\"tcb-flex-row tcb-resized tcb-medium-wrap v-2 tcb--cols--2\" style=\"\" data-css=\"tve-u-17076e1484d\"><div class=\"tcb-flex-col c-66\" data-css=\"tve-u-17076e1b088\" style=\"\"><div class=\"tcb-col\" style=\"\" data-css=\"tve-u-170771adb67\"><div class=\"thrv_wrapper thrv_text_element\" style=\"\" data-css=\"tve-u-16eeaee7ee1\"><h1 class=\"\" style=\"text-align: left;\">Clear Headline to Direct Visitors to a Benefit<\/h1><\/div><div class=\"thrv_wrapper thrv_text_element\" style=\"\" data-css=\"tve-u-16eeaee9b04\"><p class=\"tcb-global-text-\" data-css=\"tve-u-16eeaee6660\">In the online marketing space, everybody loves the quick win.&nbsp;<\/p><\/div><div class=\"tcb-clear\" data-css=\"tve-u-16eeb066a42\"><div class=\"thrv_wrapper thrv-button tve_ea_thrive_animation tve_anim_bob\" data-css=\"tve-u-16eeb05cd4d\" data-tcb_hover_state_parent=\"\" style=\"margin-bottom: 0px !important;\">\n<a href=\"#\" class=\"tcb-button-link tve_evt_manager_listen tve_et_mouseover\" style=\"\" data-tcb-events=\"__TCB_EVENT_[{&quot;t&quot;:&quot;mouseover&quot;,&quot;config&quot;:{&quot;anim&quot;:&quot;bob&quot;,&quot;loop&quot;:1},&quot;a&quot;:&quot;thrive_animation&quot;}]_TNEVE_BCT__\">\n<span class=\"tcb-button-texts\" style=\"\"><span class=\"tcb-button-text thrv-inline-text\" style=\"\" data-css=\"tve-u-16eeb06499e\">Call to Action<\/span><\/span>\n<\/a>\n<\/div><\/div><\/div><\/div><div class=\"tcb-flex-col c-33\" data-css=\"tve-u-17076e1b0d3\" style=\"\"><div class=\"tcb-col\" style=\"\" data-css=\"tve-u-17076e1e389\"><div class=\"thrv_wrapper thrv_contentbox_shortcode thrv-content-box tve-elem-default-pad\" style=\"\" data-css=\"tve-u-17077183ddd\">\n<div class=\"tve-content-box-background\" style=\"\" data-css=\"tve-u-17077180432\"><\/div>\n<div class=\"tve-cb\" style=\"\" data-css=\"tve-u-170771823c3\"><div class=\"thrv_responsive_video thrv_wrapper rv_style_white_frame\" data-type=\"youtube\" data-rel=\"0\" data-aspect-ratio=\"16:9\" data-aspect-ratio-default=\"0\" data-url=\"https:\/\/www.youtube.com\/watch?v=HA7ZcmQL9QI\" data-css=\"tve-u-1707da9afc9\" style=\"\" data-float-visibility=\"mobile\" data-float-position=\"top-left\" data-float-width-d=\"300px\" data-float-padding1-d=\"25px\" data-float-padding2-d=\"25px\">\n<div class=\"tve_responsive_video_container\" style=\"padding-bottom: 56.25%;\">\n<div class=\"tcb-video-float-container\"><div class=\"video_overlay\"><\/div><iframe data-code=\"HA7ZcmQL9QI\" data-provider=\"youtube\" src=\"https:\/\/www.youtube.com\/embed\/HA7ZcmQL9QI?rel=0&amp;modestbranding=0&amp;controls=1&amp;showinfo=1&amp;fs=1&amp;wmode=transparent\" data-src=\"https:\/\/www.youtube.com\/embed\/HA7ZcmQL9QI?rel=0&amp;modestbranding=0&amp;controls=1&amp;showinfo=1&amp;fs=1&amp;wmode=transparent\" frameborder=\"0\" allowfullscreen=\"\"><\/iframe><\/div>\n<\/div>\n<\/div><\/div>\n<\/div><\/div><\/div><\/div><\/div>","decoration":[],"comments":[],"attr":{"class":""},"hide":0},"sidebar":{"id":0,"content":"\n<div class=\"thrv_wrapper thrv_contentbox_shortcode thrv-content-box tve-elem-default-pad\" style=\"\" data-css=\"tve-u-17067d3f581\">\n<div class=\"tve-content-box-background\" data-css=\"tve-u-17067d3b409\" style=\"border-radius: 0px; overflow: hidden;\" data-ct-name=\"Shuffle\" data-ct=\"fancydivider-37414\" data-element-name=\"Fancy Divider\"><svg xmlns=\"http:\/\/www.w3.org\/2000\/svg\" viewBox=\"0 0 1000 64\" data-position=\"bottom\" data-ct=\"37414\" decoration-type=\"Shuffle\" class=\"svg-shape-bottom\" width=\"100%\" preserveAspectRatio=\"none\" data-css=\"tve-u-17067d53e15\" style=\"\"><defs><style>.p17067d53e09{opacity:0.2;}.p17067d53e0a{opacity:0.4;}<\/style><\/defs><g id=\"Layer_2\" data-name=\"Layer 2\"><g id=\"Layer_1-2\" data-name=\"Layer 1\"><polygon class=\"p17067d53e09\" points=\"0 0 1000 64 0 64 0 0\"><\/polygon><polygon class=\"p17067d53e0a\" points=\"0 64 1000 0 1000 64 0 64\"><\/polygon><polygon class=\"p17067d53e0b\" points=\"0 32 0 64 1000 64 0 32\"><\/polygon><\/g><\/g><\/svg><\/div>\n<div class=\"tve-cb\"><div class=\"thrv_wrapper thrv_text_element\" style=\"\" data-css=\"tve-u-17067d429c3\"><h5 class=\"\" data-css=\"tve-u-170630cdf94\">Let\u2019s Talk About You<\/h5><\/div><div class=\"thrv_wrapper thrv_text_element tve_empty_dropzone\" data-css=\"tve-u-17063071f04\"><p data-css=\"tve-u-1706305d453\" dir=\"ltr\">Tell what you can do for your visitor and how your service can help.<\/p><\/div><div class=\"tcb-clear\" data-css=\"tve-u-17067e1ff92\"><div class=\"thrv_wrapper thrv-button\" data-css=\"tve-u-17067d394bf\" data-tcb_hover_state_parent=\"\" style=\"\">\n<a href=\"#\" class=\"tcb-button-link\" target=\"_blank\" style=\"\">\n<span class=\"tcb-button-texts\"><span class=\"tcb-button-text thrv-inline-text\" style=\"\" data-css=\"tve-u-17067d3879d\">contact us<\/span><\/span>\n<\/a>\n<\/div><\/div><\/div>\n<\/div><div class=\"thrv_wrapper thrv_text_element\" style=\"\" data-css=\"tve-u-17067daf2e0\"><p data-css=\"tve-u-17067dba10e\" style=\"text-align: center;\">testimonials<\/p><\/div><div class=\"thrv_wrapper thrv_contentbox_shortcode thrv-content-box\" data-css=\"tve-u-170630a79b4\" data-ct-name=\"Legacy Style 3\" data-ct=\"testimonial-7899\" data-element-name=\"Testimonial\" style=\"\">\n<div class=\"tve-content-box-background\"><\/div>\n<div class=\"tve-cb tve_empty_dropzone\" data-css=\"tve-u-170630a79ba\" style=\"\"><div class=\"thrv_wrapper thrv_contentbox_shortcode thrv-content-box\" data-css=\"tve-u-17067ea4b66\" style=\"\">\n<div class=\"tve-content-box-background\" data-css=\"tve-u-17066e68948\" style=\"\"><\/div>\n<div class=\"tve-cb tve_empty_dropzone\" data-css=\"tve-u-17067d71c14\" style=\"\"><div class=\"tcb-clear\" data-css=\"tve-u-17067ebbd95\"><div class=\"thrv_wrapper thrv_icon tcb-icon-display\" data-css=\"tve-u-17067eab320\" style=\"right: -9px; left: 0px;\"><svg class=\"tcb-icon\" viewBox=\"0 0 512 512\" data-id=\"icon-quote-left-light\" data-name=\"\" style=\"\">\n<path d=\"M448 224h-64v-24c0-30.9 25.1-56 56-56h16c22.1 0 40-17.9 40-40V72c0-22.1-17.9-40-40-40h-16c-92.6 0-168 75.4-168 168v216c0 35.3 28.7 64 64 64h112c35.3 0 64-28.7 64-64V288c0-35.3-28.7-64-64-64zm32 192c0 17.7-14.3 32-32 32H336c-17.7 0-32-14.3-32-32V200c0-75.1 60.9-136 136-136h16c4.4 0 8 3.6 8 8v32c0 4.4-3.6 8-8 8h-16c-48.6 0-88 39.4-88 88v56h96c17.7 0 32 14.3 32 32v128zM176 224h-64v-24c0-30.9 25.1-56 56-56h16c22.1 0 40-17.9 40-40V72c0-22.1-17.9-40-40-40h-16C75.4 32 0 107.4 0 200v216c0 35.3 28.7 64 64 64h112c35.3 0 64-28.7 64-64V288c0-35.3-28.7-64-64-64zm32 192c0 17.7-14.3 32-32 32H64c-17.7 0-32-14.3-32-32V200c0-75.1 60.9-136 136-136h16c4.4 0 8 3.6 8 8v32c0 4.4-3.6 8-8 8h-16c-48.6 0-88 39.4-88 88v56h96c17.7 0 32 14.3 32 32v128z\"><\/path>\n<\/svg><\/div><\/div><div class=\"thrv_wrapper thrv_text_element tve_empty_dropzone\" data-css=\"tve-u-17067ec7737\" style=\"\"><p style=\"font-size: 15px !important;\" data-css=\"tve-u-17067da130e\"><span style=\"color: var(--tcb-skin-color-0);\" data-css=\"tve-u-17067da333f\">Steven Fry \/<\/span> Blogger<\/p><\/div><div class=\"thrv_wrapper thrv_text_element tve_empty_dropzone\" data-css=\"tve-u-17062f788d7\"><p data-css=\"tve-u-17062fb0474\">Ut enim ad minim sed veniam, quis nostrud duius exercitation et consecutur laboris sagittis.&nbsp;<\/p><\/div><\/div>\n<\/div><div class=\"thrv_wrapper thrv_contentbox_shortcode thrv-content-box\" data-css=\"tve-u-17067ea4b66\" style=\"\">\n<div class=\"tve-content-box-background\" data-css=\"tve-u-17066e68948\" style=\"\"><\/div>\n<div class=\"tve-cb tve_empty_dropzone\" data-css=\"tve-u-17067d71c14\" style=\"\"><div class=\"tcb-clear\" data-css=\"tve-u-17067ebbd95\"><div class=\"thrv_wrapper thrv_icon tcb-icon-display\" data-css=\"tve-u-17067eab320\" style=\"right: -9px; left: 0px;\"><svg class=\"tcb-icon\" viewBox=\"0 0 512 512\" data-id=\"icon-quote-left-light\" data-name=\"\" style=\"\">\n<path d=\"M448 224h-64v-24c0-30.9 25.1-56 56-56h16c22.1 0 40-17.9 40-40V72c0-22.1-17.9-40-40-40h-16c-92.6 0-168 75.4-168 168v216c0 35.3 28.7 64 64 64h112c35.3 0 64-28.7 64-64V288c0-35.3-28.7-64-64-64zm32 192c0 17.7-14.3 32-32 32H336c-17.7 0-32-14.3-32-32V200c0-75.1 60.9-136 136-136h16c4.4 0 8 3.6 8 8v32c0 4.4-3.6 8-8 8h-16c-48.6 0-88 39.4-88 88v56h96c17.7 0 32 14.3 32 32v128zM176 224h-64v-24c0-30.9 25.1-56 56-56h16c22.1 0 40-17.9 40-40V72c0-22.1-17.9-40-40-40h-16C75.4 32 0 107.4 0 200v216c0 35.3 28.7 64 64 64h112c35.3 0 64-28.7 64-64V288c0-35.3-28.7-64-64-64zm32 192c0 17.7-14.3 32-32 32H64c-17.7 0-32-14.3-32-32V200c0-75.1 60.9-136 136-136h16c4.4 0 8 3.6 8 8v32c0 4.4-3.6 8-8 8h-16c-48.6 0-88 39.4-88 88v56h96c17.7 0 32 14.3 32 32v128z\"><\/path>\n<\/svg><\/div><\/div><div class=\"thrv_wrapper thrv_text_element tve_empty_dropzone\" data-css=\"tve-u-17067ead6c3\" style=\"\"><p data-css=\"tve-u-17067da130e\" style=\"font-size: 15px !important;\"><span data-css=\"tve-u-17067da333f\" style=\"color: var(--tcb-skin-color-0);\">Amanda Ward \/<\/span> Blogger<\/p><\/div><div class=\"thrv_wrapper thrv_text_element tve_empty_dropzone\" data-css=\"tve-u-17062f788d7\"><p data-css=\"tve-u-17062fb0474\">Ut enim ad minim sed veniam, quis nostrud duius exercitation et consecutur laboris sagittis.&nbsp;<\/p><\/div><\/div>\n<\/div><\/div>\n<\/div><div class=\"thrv_wrapper thrv_contentbox_shortcode thrv-content-box tve-elem-default-pad\" style=\"\" data-css=\"tve-u-17067e2617c\">\n<div class=\"tve-content-box-background\" data-css=\"tve-u-17067e0d427\" style=\"\" data-ct-name=\"Shuffle\" data-ct=\"fancydivider-37414\" data-element-name=\"Fancy Divider\"><\/div>\n<div class=\"tve-cb\" style=\"\" data-css=\"tve-u-17067e0f462\"><div class=\"thrv_wrapper thrv_text_element\" style=\"\" data-css=\"tve-u-17067e14bc3\"><h5 class=\"\" data-css=\"tve-u-170630cdf94\">Banner Spot<\/h5><\/div><\/div>\n<\/div><div class=\"thrv_wrapper thrv_contentbox_shortcode thrv-content-box tve-elem-default-pad\" style=\"\" data-css=\"tve-u-17067ed14bf\">\n<div class=\"tve-content-box-background\" data-css=\"tve-u-17067e5a353\" style=\"\" data-ct-name=\"Shuffle\" data-ct=\"fancydivider-37414\" data-element-name=\"Fancy Divider\"><\/div>\n<div class=\"tve-cb\" style=\"\" data-css=\"tve-u-17067e0f462\"><div class=\"thrv_wrapper thrv_text_element\" style=\"\" data-css=\"tve-u-17067e14bc3\"><h5 class=\"\" data-css=\"tve-u-170630cdf94\">Banner Spot<\/h5><\/div><\/div>\n<\/div><div class=\"thrv_wrapper thrv_contentbox_shortcode thrv-content-box tve-elem-default-pad\" style=\"\" data-css=\"tve-u-17067e72c7f\">\n<div class=\"tve-content-box-background\" data-css=\"tve-u-17067ed6743\" data-ct-name=\"Shuffle\" data-ct=\"fancydivider-37414\" data-element-name=\"Fancy Divider\"><\/div>\n<div class=\"tve-cb\" style=\"\" data-css=\"tve-u-17067e0f462\"><div class=\"thrv_wrapper thrv_text_element\" style=\"\" data-css=\"tve-u-17067e14bc3\"><h5 class=\"\" data-css=\"tve-u-170630cdf94\">Banner Spot<\/h5><\/div><\/div>\n<\/div><div class=\"thrv_wrapper thrv_text_element\" style=\"\" data-css=\"tve-u-17067daf2e0\"><p data-css=\"tve-u-17067d67a60\" style=\"text-align: center; font-size: 11px !important;\">CASE STUDIES<\/p><\/div>[tcb_post_list query=\"{'paged':1,'filter':'custom','post_type':'post','orderby':'title','order':'ASC','posts_per_page':'2','offset':'1','no_posts_text':'There are no posts to display.','queried_object':{'taxonomy':'category','term_id':14},'sticky':|{||}|,'rules':|{||}|}\" type=\"list\" columns-d=\"1\" columns-t=\"1\" columns-m=\"1\" vertical-space-d=\"10\" horizontal-space-d=\"0\" ct=\"post_list-43444\" ct-name=\"Narrow 06\" tcb-elem-type=\"post_list\" pagination-type=\"none\" pages_near_current=\"2\" css=\"tve-u-17067e99664\" article-tcb_hover_state_parent=\"\" element-name=\"Post List\" total_post_count=\"10\" total_sticky_count=\"0\" posts_per_page=\"2\" featured-content=\"0\" disabled-links=\"1\" no_posts_text=\"\" article-permalink=\"|{|tcb-article-permalink|}|\" featured-list=\"tve-u-17067daf2e0\"  class='' article-tcb_hover_state_parent='' article-permalink='|{|tcb-article-permalink|}|' ][tcb_post_list_dynamic_style]@media (min-width: 300px){.tve-theme-__template_id__ .sidebar-section [data-css=\"tve-u-17067e99664\"].tcb-post-list #post-[tcb_the_id] [data-css=\"tve-u-17067e9966a\"]{background-image: url(\"[tcb_featured_image_url size=full]\") !important;}}[\/tcb_post_list_dynamic_style]\n<a href=\"[null id=43484]\" class=\"tve-dynamic-link\" data-shortcode-id=\"43484\"><div class=\"thrv_wrapper thrv_contentbox_shortcode thrv-content-box tve-elem-default-pad\" data-css=\"tve-u-17067e99669\">\n<div class=\"tve-content-box-background\" data-css=\"tve-u-17067e9966a\"><\/div>\n<div class=\"tve-cb\" data-css=\"tve-u-17067e9966b\"><\/div>\n<\/div><\/a><div class=\"thrv_wrapper thrv_contentbox_shortcode thrv-content-box tve-elem-default-pad\" data-css=\"tve-u-17067e9966c\">\n<div class=\"tve-content-box-background\" data-css=\"tve-u-17067e9966d\"><\/div>\n<div class=\"tve-cb\"><div class=\"thrv_wrapper thrv_text_element\"><h2 class=\"\" data-css=\"tve-u-17067e9966e\"><span class=\"thrive-shortcode-content\" data-attr-link=\"1\" data-attr-rel=\"0\" data-attr-target=\"0\" data-option-inline=\"1\" data-shortcode=\"tcb_post_title\" data-shortcode-name=\"Post title\" data-attr-css=\"\">[tcb_post_title link='1' rel='0' target='0' inline='1' css='']<\/span><\/h2><\/div><\/div>\n<\/div>\n[\/tcb_post_list]\n","decoration":[],"comments":[],"attr":{"class":""},"hide":1},"content":{"id":0,"content":"<div class=\"thrv_wrapper thrv_text_element\"><h1 class=\"\"><span class=\"thrive-shortcode-content\" data-attr-link=\"0\" data-attr-rel=\"0\" data-attr-target=\"0\" data-extra_key=\"\" data-option-inline=\"1\" data-shortcode=\"tcb_post_title\" data-shortcode-name=\"Post title\">[tcb_post_title link='0' rel='0' target='0' inline='1']<\/span><\/h1><\/div>\n[tcb_post_content size='content' css='tve-u-1712dbe9291']\n","decoration":[],"comments":[],"attr":{"class":""},"hide":0},"bottom":{"id":0,"content":"<div class=\"thrv_wrapper thrv_contentbox_shortcode thrv-content-box tve-elem-default-pad\" data-css=\"tve-u-17015a8ea70\" style=\"\">\n\t<div class=\"tve-content-box-background\"><\/div>\n\t<div class=\"tve-cb\"><div class=\"thrv_wrapper thrv_text_element\" style=\"\" data-css=\"tve-u-16eccd9c6d3\"><h2 class=\"\" data-css=\"tve-u-16eccd9eff6\">Get in touch<\/h2><\/div><div class=\"thrv_wrapper thrv_lead_generation tve-lead-generation-template tcb-local-vars-root tve-color-set tcb-file-style-applied\" data-connection=\"api\" id=\"lg-ketxsx3q\" data-templateconfig=\"{&quot;checkbox&quot;:{&quot;option&quot;:{&quot;data-value&quot;:&quot;style-2&quot;}},&quot;radio&quot;:{&quot;option&quot;:{&quot;data-value&quot;:&quot;style-1&quot;}},&quot;select&quot;:{&quot;_class&quot;:&quot;&quot;,&quot;data-show-placeholder&quot;:&quot;1&quot;,&quot;data-style&quot;:&quot;style-1&quot;,&quot;data-icon&quot;:&quot;style_1&quot;}}\" data-css=\"tve-u-1746db6cb97\" tcb-template-name=\"Opt-in Form 01\" tcb-template-id=\"61061\" data-keep-css_id=\"1\" style=\"\" data-element-name=\"Form\"><div class=\"thrive-colors-palette-config\" style=\"display: none !important\">__CONFIG_colors_palette__{\"active_palette\":0,\"config\":{\"colors\":{\"f7ef7\":{\"name\":\"Main Accent\",\"parent\":-1}},\"gradients\":[]},\"palettes\":[{\"name\":\"Default\",\"value\":{\"colors\":{\"f7ef7\":{\"val\":\"var(--tcb-skin-color-4)\",\"hsl\":{\"h\":206,\"s\":0.27,\"l\":0.01,\"a\":1}}},\"gradients\":[]},\"original\":{\"colors\":{\"f7ef7\":{\"val\":\"rgb(47, 138, 229)\",\"hsl\":{\"h\":210,\"s\":0.77,\"l\":0.54,\"a\":1}}},\"gradients\":[]}}]}__CONFIG_colors_palette__<\/div><input type=\"hidden\" class=\"tve-lg-err-msg\" value=\"{&quot;email&quot;:&quot;Email address invalid&quot;,&quot;phone&quot;:&quot;Phone number invalid&quot;,&quot;password&quot;:&quot;Password invalid&quot;,&quot;passwordmismatch&quot;:&quot;Password mismatch error&quot;,&quot;required&quot;:&quot;Required field missing&quot;}\">\n\t<div class=\"thrv_lead_generation_container tve_clearfix\">\n\t\t<form action=\"#\" method=\"post\" novalidate=\"novalidate\">\n\t\t\t<div class=\"tve_lead_generated_inputs_container tve_clearfix\">\n\t\t\t\t<div class=\"tve_lg_input_container tve_lg_input tve_lg_regular_input tcb-plain-text tcb-no-clone\" data-css=\"tve-u-1746db6cb01\" data-label=\"tve-lg-172a8ef6ffa\" style=\"--tve-font-size:14px;\" data-tcb_hover_state_parent=\"\">\n\t\t\t\t\t<input class=\"tcb-plain-text\" type=\"text\" data-field=\"name\" name=\"name\" placeholder=\"Your Name\" data-placeholder=\"Your Name\" style=\"border-radius: 0px; overflow: hidden;\" data-required=\"0\" data-validation=\"\">\n\t\t\t\t<\/div><div class=\"tve_lg_input_container tve_lg_input tve_lg_regular_input tcb-plain-text tcb-no-clone tcb-no-delete\" data-css=\"tve-u-1746db6cb02\" data-label=\"tve-lg-17313d257ed\" style=\"--tve-font-size:14px;\" data-tcb_hover_state_parent=\"\">\n\t\t\t\t\t<input class=\"tcb-plain-text\" type=\"email\" data-field=\"email\" data-required=\"1\" data-validation=\"email\" name=\"email\" placeholder=\"john.doe@gmail.com\" data-placeholder=\"john.doe@gmail.com\" style=\"border-radius: 0px; overflow: hidden;\">\n\t\t\t\t<\/div>\n\t\t\t\t\n\t\t\t\t<div class=\"tve_lg_input_container tve_lg_textarea tve_lg_regular_input tcb-plain-text\" data-label=\"tve-lg-1746dbebc24\" style=\"\">\n\t<textarea class=\"tcb-plain-text\" rows=\"4\" data-min=\"0\" maxlength=\"350\" data-required=\"0\" name=\"mapping_textarea_37\" placeholder=\"Type your message here...\" data-field=\"mapping_textarea\" data-validation=\"\" data-placeholder=\"Type your message here...\" data-name=\"Textarea\" data-mapping=\"YTowOnt9\" style=\"border-radius: 0px; overflow: hidden;\"><\/textarea>\n\t<div class=\"thrv_wrapper thrv_text_element tve-lg-textarea-counter\">\t\t<div class=\"tcb-plain-text\"><span class=\"tve-fill-text-dynamic\">0 of 350<\/span><\/div> \t<\/div>\n<\/div><div class=\"tcb-clear\" data-css=\"tve-u-1746db99bcb\"><div class=\"thrv_wrapper tve-form-button tcb-local-vars-root tcb-flip tcb-with-icon tve-color-set\" data-tcb_hover_state_parent=\"\" data-button-style=\"btn-tpl-58334\" data-css=\"tve-u-1746db6cb03\" style=\"\"><div class=\"thrive-colors-palette-config\" style=\"display: none !important\">__CONFIG_colors_palette__{\"active_palette\":0,\"config\":{\"colors\":{\"34f05\":{\"name\":\"Main Accent\",\"parent\":-1}},\"gradients\":[]},\"palettes\":[{\"name\":\"Default Palette\",\"value\":{\"colors\":{\"34f05\":{\"val\":\"var(--tcb-local-color-f7ef7)\"}},\"gradients\":[]},\"original\":{\"colors\":{\"34f05\":{\"val\":\"rgb(19, 114, 211)\",\"hsl\":{\"h\":210,\"s\":0.83,\"l\":0.45}}},\"gradients\":[]}}]}__CONFIG_colors_palette__<\/div>\n\t\t\t\t\t\n\t\t\t\t\t<a href=\"#\" class=\"tcb-button-link tve-form-button-submit tcb-plain-text\" style=\"\"><span class=\"tcb-button-icon\" style=\"\">\n\t<div class=\"thrv_wrapper thrv_icon tve_no_drag tve_no_icons tcb-icon-inherit-style tcb-local-vars-root tcb-icon-display\" data-css=\"tve-u-1746db6cb04\" data-tcb_hover_state_parent=\"\" style=\"\"><svg class=\"tcb-icon\" viewBox=\"0 0 24 24\" data-id=\"icon-trending_flat-solid\" data-name=\"\"><path fill=\"none\" d=\"M0 0h24v24H0V0z\"><\/path><path d=\"M21.65 11.65l-2.79-2.79c-.32-.32-.86-.1-.86.35V11H4c-.55 0-1 .45-1 1s.45 1 1 1h14v1.79c0 .45.54.67.85.35l2.79-2.79c.2-.19.2-.51.01-.7z\"><\/path><\/svg><\/div>\n<\/span>\n\n\t\t\t\t\t\t<span class=\"tcb-button-texts\" style=\"\"><span class=\"tcb-button-text thrv-inline-text\" style=\"\" data-css=\"tve-u-1746db91ced\">Send Message<\/span><\/span>\n\t\t\t\t\t<\/a>\n\t\t\t\t\t<input type=\"submit\" style=\"display: none !important;\">\n\t\t\t\t<\/div><\/div>\n\t\t\t<\/div>\n\t\t\t<input id=\"_submit_option\" type=\"hidden\" name=\"_submit_option\" value=\"redirect\">\n\t\t\t<input id=\"_sendParams\" type=\"hidden\" name=\"_sendParams\" value=\"1\">\n\t\t\t<input id=\"_back_url\" type=\"hidden\" name=\"_back_url\" value=\"#\">\n\t\t<input type=\"hidden\" id=\"tve_mapping\" name=\"tve_mapping\" value=\"YToxOntzOjE5OiJtYXBwaW5nX3RleHRhcmVhXzM3IjthOjA6e319\"><input type=\"hidden\" id=\"tve_labels\" name=\"tve_labels\" value=\"YTozOntzOjQ6Im5hbWUiO3M6OToiWW91ciBOYW1lIjtzOjU6ImVtYWlsIjtzOjE4OiJqb2huLmRvZUBnbWFpbC5jb20iO3M6MTk6Im1hcHBpbmdfdGV4dGFyZWFfMzciO3M6ODoiVGV4dGFyZWEiO30=\"><\/form>\n\t<\/div>\n<\/div><\/div>\n<\/div>","decoration":[],"comments":[],"attr":{"class":""},"hide":0},"header":{"id":"4ea06fbc83cdd0a06020c35d50e1e89a","hide":0},"footer":{"id":"9fd81843ad7f202f26c1a174c7357585","hide":0}},"icons":[],"style":{"css":{"(min-width: 300px)":".tve-theme-__template_id__ #wrapper { --header-background-width:100%; --footer-background-width:100%; --top-background-width:100%; --bottom-background-width:100%; }.tve-theme-__template_id__ .sidebar-section .section-content p, .tve-theme-__template_id__ .sidebar-section .section-content li, .tve-theme-__template_id__ .sidebar-section .section-content label, .tve-theme-__template_id__ .sidebar-section .section-content .tcb-plain-text { font-weight: 600 !important; }.tve-theme-__template_id__ .sidebar-section .section-content p, .tve-theme-__template_id__ .sidebar-section .section-content li, .tve-theme-__template_id__ .sidebar-section .section-content label, .tve-theme-__template_id__ .sidebar-section .section-content .tcb-plain-text, .tve-theme-__template_id__ .sidebar-section .section-content h1, .tve-theme-__template_id__ .sidebar-section .section-content h2, .tve-theme-__template_id__ .sidebar-section .section-content h3, .tve-theme-__template_id__ .sidebar-section .section-content h4, .tve-theme-__template_id__ .sidebar-section .section-content h5, .tve-theme-__template_id__ .sidebar-section .section-content h6 { font-family: Muli; }.tve-theme-__template_id__ .sidebar-section .section-content { --g-regular-weight:400; --g-bold-weight:600; text-align: left; padding: 40px 10px !important; }.tve-theme-__template_id__ .sidebar-section [data-css=\"tve-u-17062f788d7\"] { background-image: none !important; padding-right: 0px !important; padding-left: 0px !important; }:not(#tve) .tve-theme-__template_id__ .sidebar-section [data-css=\"tve-u-17062fb0474\"] { font-weight: var(--g-regular-weight, normal)  !important; font-size: 16px !important; }:not(#tve) .tve-theme-__template_id__ .sidebar-section [data-css=\"tve-u-1706305d453\"] { padding-bottom: 0px !important; margin-bottom: 0px !important; padding-top: 0px !important; margin-top: 0px !important; font-weight: var(--g-regular-weight, normal)  !important; font-size: 16px !important; line-height: 1.5em !important; }.tve-theme-__template_id__ .sidebar-section [data-css=\"tve-u-17063071f04\"] { background-image: none !important; padding-right: 0px !important; padding-left: 0px !important; margin-bottom: 0px !important; }.tve-theme-__template_id__ .sidebar-section [data-css=\"tve-u-170630a79b4\"] { max-width: 800px; padding: 0px !important; margin: 0px !important; }.tve-theme-__template_id__ .sidebar-section [data-css=\"tve-u-170630a79ba\"] p { margin: 0px !important; padding: 0px !important; }:not(#tve) .tve-theme-__template_id__ .sidebar-section [data-css=\"tve-u-170630cdf94\"] { padding-bottom: 0px !important; margin-bottom: 0px !important; }.tve-theme-__template_id__ .sidebar-section [data-css=\"tve-u-17066e68948\"] { border-radius: 0px; overflow: hidden; box-shadow: none; border: none !important; background-color: rgb(255, 255, 255) !important; }:not(#tve) .tve-theme-__template_id__ .sidebar-section [data-css=\"tve-u-17067d3879d\"] { letter-spacing: 2px; font-size: 13px !important; text-transform: uppercase !important; }.tve-theme-__template_id__ .sidebar-section [data-css=\"tve-u-17067d394bf\"] .tcb-button-link { border-color: rgba(53, 53, 53, 0.85); background-image: none !important; background-color: rgb(47, 138, 231) !important; padding-left: 25px !important; padding-right: 25px !important; }:not(#tve) .tve-theme-__template_id__ .sidebar-section [data-css=\"tve-u-17067d394bf\"]:hover .tcb-button-link { background-color: rgb(40, 119, 205) !important; }.tve-theme-__template_id__ .sidebar-section [data-css=\"tve-u-17067d394bf\"] { float: left; z-index: 3; position: relative; margin-left: auto !important; margin-right: auto !important; margin-bottom: 0px !important; }.tve-theme-__template_id__ .sidebar-section [data-css=\"tve-u-17067d3b409\"] { box-shadow: none; border: 2px solid var(--tcb-skin-color-8)  !important; background-color: var(--tcb-skin-color-9)  !important; }.tve-theme-__template_id__ .sidebar-section [data-css=\"tve-u-17067d3f581\"] { padding: 25px 20px !important; margin: 0px 0px 40px !important; }.tve-theme-__template_id__ .sidebar-section [data-css=\"tve-u-17067d429c3\"] { margin-bottom: 10px !important; }.tve-theme-__template_id__ .sidebar-section [data-css=\"tve-u-17067d53e15\"] { height: 130px; bottom: 0px; }:not(#tve) .tve-theme-__template_id__ .sidebar-section [data-css=\"tve-u-17067d67a60\"] { letter-spacing: 4px; text-transform: uppercase !important; color: var(--tcb-skin-color-4)  !important; --tcb-applied-color:var$(--tcb-skin-color-4)  !important; padding-top: 0px !important; margin-top: 0px !important; padding-bottom: 0px !important; margin-bottom: 0px !important; font-size: 11px !important; }.tve-theme-__template_id__ .sidebar-section [data-css=\"tve-u-17067d71c14\"] { text-align: left; }.tve-theme-__template_id__ .sidebar-section [data-css=\"tve-u-170630a79ba\"] { text-align: left; }:not(#tve) .tve-theme-__template_id__ .sidebar-section [data-css=\"tve-u-17067da130e\"] { font-size: 15px !important; }.tve-theme-__template_id__ .sidebar-section [data-css=\"tve-u-17067da333f\"] { color: var(--tcb-skin-color-0)  !important; }.tve-theme-__template_id__ .sidebar-section [data-css=\"tve-u-17067daf2e0\"] { float: none; padding: 0px !important; margin-left: auto !important; margin-right: auto !important; margin-bottom: 20px !important; }:not(#tve) .tve-theme-__template_id__ .sidebar-section [data-css=\"tve-u-17067dba10e\"] { letter-spacing: 4px; text-transform: uppercase !important; color: var(--tcb-skin-color-4)  !important; --tcb-applied-color:var$(--tcb-skin-color-4)  !important; padding-top: 0px !important; margin-top: 0px !important; padding-bottom: 0px !important; margin-bottom: 0px !important; font-size: 11px !important; }.tve-theme-__template_id__ .sidebar-section .section-background { background-color: transparent !important; }.tve-theme-__template_id__ .sidebar-section [data-css=\"tve-u-17067e0d427\"] { box-shadow: none; border: none !important; background-color: var(--tcb-skin-color-9)  !important; background-image: linear-gradient(var(--tcb-skin-color-8), var(--tcb-skin-color-8)), url(\"{{img=823ce695846125a8c4124d7ff15953e2}}\")  !important; background-size: auto, cover !important; background-position: 50% 50%, 50% 50% !important; background-attachment: scroll, scroll !important; background-repeat: no-repeat, no-repeat !important; }.tve-theme-__template_id__ .sidebar-section [data-css=\"tve-u-17067e0f462\"] { min-height: 197px !important; }.tve-theme-__template_id__ .sidebar-section [data-css=\"tve-u-17067e14bc3\"] { margin-bottom: 10px !important; background-color: rgba(255, 255, 255, 0.5) !important; padding: 10px !important; }.tve-theme-__template_id__ .sidebar-section [data-css=\"tve-u-17067e1ff92\"]::after { clear: both; }.tve-theme-__template_id__ .sidebar-section [data-css=\"tve-u-17067e2617c\"] { padding: 20px !important; margin: 0px 0px 20px !important; }.tve-theme-__template_id__ .sidebar-section [data-css=\"tve-u-17067e2617c\"] > .tve-cb { justify-content: flex-end; display: flex; flex-direction: column; }.tve-theme-__template_id__ .sidebar-section [data-css=\"tve-u-17067e5a353\"] { box-shadow: none; border: none !important; background-color: var(--tcb-skin-color-9)  !important; background-image: linear-gradient(var(--tcb-skin-color-8), var(--tcb-skin-color-8)), url(\"{{img=e137ca206896571de96d48557e546ad7}}\")  !important; background-size: auto, cover !important; background-position: 50% 50%, 50% 50% !important; background-attachment: scroll, scroll !important; background-repeat: no-repeat, no-repeat !important; }.tve-theme-__template_id__ .sidebar-section [data-css=\"tve-u-17067e72c7f\"] { padding: 20px !important; margin: 0px 0px 40px !important; }.tve-theme-__template_id__ .sidebar-section [data-css=\"tve-u-17067e72c7f\"] > .tve-cb { justify-content: flex-end; display: flex; flex-direction: column; }.tve-theme-__template_id__ .sidebar-section .tcb-post-list[data-css=\"tve-u-17067e99664\"] .post-wrapper.thrv_wrapper { width: calc((100% - 0px) \/ 1); }.tve-theme-__template_id__ .sidebar-section [data-css=\"tve-u-17067e99664\"] { max-width: 300px; border: 2px solid var(--tcb-skin-color-8); padding: 10px !important; background-color: rgb(255, 255, 255) !important; }.tve-theme-__template_id__ .sidebar-section .tcb-post-list[data-css=\"tve-u-17067e99664\"] .post-wrapper.thrv_wrapper:nth-child(n+2) { margin-top: 10px !important; }.tve-theme-__template_id__ .sidebar-section [data-css=\"tve-u-17067e99664\"].tcb-post-list [data-css=\"tve-u-17067e9966c\"] { margin: 0px !important; padding: 15px !important; }.tve-theme-__template_id__ .sidebar-section [data-css=\"tve-u-17067e99664\"].tcb-post-list [data-css=\"tve-u-17067e9966d\"] { background-color: rgb(255, 255, 255) !important; }:not(#tve) .tve-theme-__template_id__ .sidebar-section [data-css=\"tve-u-17067e99664\"].tcb-post-list .post-wrapper:hover { box-shadow: rgba(0, 0, 0, 0.12) 0px 2px 12px 0px !important; }:not(#tve) .tve-theme-__template_id__ .sidebar-section [data-css=\"tve-u-17067e99664\"].tcb-post-list [data-css=\"tve-u-17067e9966e\"] { padding-top: 0px !important; margin-top: 0px !important; padding-bottom: 0px !important; margin-bottom: 0px !important; font-size: 18px !important; font-weight: var(--g-bold-weight, bold)  !important; }.tve-theme-__template_id__ .sidebar-section [data-css=\"tve-u-17067e99664\"].tcb-post-list [data-css=\"tve-u-17067e99669\"] { margin-bottom: 0px !important; margin-top: 0px !important; padding: 0px !important; }.tve-theme-__template_id__ .sidebar-section [data-css=\"tve-u-17067e99664\"].tcb-post-list [data-css=\"tve-u-17067e9966a\"] { background-image: url(\"{{img=ec4973b5d01d7ca9a773626f45a85953}}?dynamic_featured=1&size=full\") !important; background-size: cover !important; background-position: 50% 50% !important; background-attachment: scroll !important; background-repeat: no-repeat !important; }.tve-theme-__template_id__ .sidebar-section [data-css=\"tve-u-17067e99664\"].tcb-post-list .thrv-content-box [data-css=\"tve-u-17067e9966b\"] { min-height: 150px !important; }.tve-theme-__template_id__ .sidebar-section .tcb-post-list[data-css=\"tve-u-17067e99664\"] .post-wrapper.thrv_wrapper:not(:nth-child(n+2)) { margin-top: 0px !important; }.tve-theme-__template_id__ .sidebar-section .tcb-post-list[data-css=\"tve-u-17067e99664\"] .post-wrapper.thrv_wrapper:nth-child(n) { margin-right: 0px !important; }.tve-theme-__template_id__ .sidebar-section [data-css=\"tve-u-17067ea4b66\"] { padding: 0px 0px 20px !important; margin-top: 0px !important; margin-bottom: 20px !important; }.tve-theme-__template_id__ .sidebar-section [data-css=\"tve-u-17067eab320\"] { font-size: 20px; width: 20px; height: 20px; top: 0px; right: -9px; float: right; z-index: 3; position: relative; margin-top: 0px !important; margin-bottom: 0px !important; }:not(#tve) .tve-theme-__template_id__ .sidebar-section [data-css=\"tve-u-17067eab320\"] > :first-child { color: var(--tcb-skin-color-1); }.tve-theme-__template_id__ .sidebar-section [data-css=\"tve-u-17067ead6c3\"] { border-bottom: 1px solid var(--tcb-skin-color-14)  !important; padding-bottom: 5px !important; margin-bottom: 10px !important; margin-top: -10px !important; }.tve-theme-__template_id__ .sidebar-section [data-css=\"tve-u-17067ebbd95\"]::after { clear: both; }.tve-theme-__template_id__ .sidebar-section [data-css=\"tve-u-17067ec7737\"] { border-bottom: 1px solid var(--tcb-skin-color-14)  !important; padding-bottom: 5px !important; margin-bottom: 10px !important; margin-top: -10px !important; }.tve-theme-__template_id__ .sidebar-section [data-css=\"tve-u-17067ed14bf\"] { padding: 20px !important; margin: 0px 0px 20px !important; }.tve-theme-__template_id__ .sidebar-section [data-css=\"tve-u-17067ed14bf\"] > .tve-cb { justify-content: flex-end; display: flex; flex-direction: column; }.tve-theme-__template_id__ .sidebar-section [data-css=\"tve-u-17067ed6743\"] { box-shadow: none; border: none !important; background-color: var(--tcb-skin-color-9)  !important; background-image: linear-gradient(var(--tcb-skin-color-8), var(--tcb-skin-color-8)), url(\"{{img=a66bb2896d1492440a3b28ef14650aa9}}\")  !important; background-size: auto, cover !important; background-position: 50% 50%, 50% 50% !important; background-attachment: scroll, scroll !important; background-repeat: no-repeat, no-repeat !important; }.tve-theme-__template_id__ .content-section .section-content { padding: 20px 10px !important; }.tve-theme-__template_id__ .content-section [data-css=\"tve-u-1712dbe9291\"] { margin-top: 0px !important; margin-bottom: 0px !important; }.tve-theme-__template_id__ .main-container { padding: 20px 10px !important; }.tve-theme-__template_id__ .top-section .section-background { clip-path: url(\"#clip-bottom-fbcf95433c0cb\"); box-shadow: none; background-color: rgb(255, 255, 255) !important; background-image: linear-gradient(var(--tcb-skin-color-19), var(--tcb-skin-color-19))  !important; background-size: auto !important; background-position: 50% 50% !important; background-attachment: scroll !important; background-repeat: no-repeat !important; }.tve-theme-__template_id__ .top-section .section-content { justify-content: center; display: flex; flex-direction: column; min-height: 406px !important; padding: 30px 20px !important; }:not(#tve) .tve-theme-__template_id__ .top-section [data-css=\"tve-u-16eeaee6660\"] { font-size: 16px !important; padding-top: 0px !important; margin-top: 0px !important; padding-bottom: 0px !important; margin-bottom: 0px !important; }.tve-theme-__template_id__ .top-section [data-css=\"tve-u-16eeaee7ee1\"] { padding: 0px !important; margin-bottom: 10px !important; }.tve-theme-__template_id__ .top-section [data-css=\"tve-u-16eeaee9b04\"] { padding: 0px !important; margin-bottom: 20px !important; }:not(#tve) .tve-theme-__template_id__ .top-section [data-css=\"tve-u-16eeb05cd4d\"] .tcb-button-link { font-family: var(--tve-font-family, Muli); font-size: var(--tve-font-size, 12px)  !important; }:not(#tve) .tve-theme-__template_id__ .top-section [data-css=\"tve-u-16eeb05cd4d\"] .tcb-button-link span { font-weight: var(--tve-font-weight, var(--g-bold-weight, bold)); text-transform: var(--tve-text-transform, uppercase); }.tve-theme-__template_id__ .top-section [data-css=\"tve-u-16eeb05cd4d\"] .tcb-button-link { border-radius: 4px; overflow: hidden; background-color: var(--tcb-skin-color-0)  !important; padding: 20px 35px !important; }:not(#tve) .tve-theme-__template_id__ .top-section [data-css=\"tve-u-16eeb05cd4d\"]:hover .tcb-button-link { border-radius: 4px !important; overflow: hidden !important; background-color: var(--tcb-skin-color-4)  !important; }:not(#tve) .tve-theme-__template_id__ .top-section [data-css=\"tve-u-16eeb06499e\"] { letter-spacing: 2px; }.tve-theme-__template_id__ .top-section [data-css=\"tve-u-16eeb05cd4d\"] { float: left; z-index: 3; position: relative; --tve-font-size:12px; --tve-text-transform:uppercase; --tve-font-weight:var(--g-bold-weight, bold); --tve-font-family:Muli; --g-regular-weight:300; --g-bold-weight:500; margin: 0px !important; }.tve-theme-__template_id__ .top-section [data-css=\"tve-u-16eeb066a42\"]::after { clear: both; }:not(#tve) .tve-theme-__template_id__ .top-section [data-css=\"tve-u-16eeb05cd4d\"]:hover .tcb-button-link span { color: var(--tve-color, var(--tcb-skin-color-10))  !important; --tcb-applied-color:var$(--tcb-skin-color-10)  !important; }:not(#tve) .tve-theme-__template_id__ .top-section [data-css=\"tve-u-16eeb05cd4d\"]:hover { --tve-color:var(--tcb-skin-color-10)  !important; }.tve-theme-__template_id__ .top-section [data-css=\"tve-u-17076e1484d\"] { padding: 0px !important; }.tve-theme-__template_id__ .top-section [data-css=\"tve-u-17076e14bc7\"] { margin: 0px !important; }.tve-theme-__template_id__ .top-section [data-css=\"tve-u-17076e1b088\"] { max-width: 50.5%; }.tve-theme-__template_id__ .top-section [data-css=\"tve-u-17076e1b0d3\"] { max-width: 49.5%; }.tve-theme-__template_id__ .top-section [data-css=\"tve-u-17077180432\"] { background-image: none !important; }.tve-theme-__template_id__ .top-section [data-css=\"tve-u-170771823c3\"] { min-height: 309px; }.tve-theme-__template_id__ .top-section [data-css=\"tve-u-17077183ddd\"] { margin-top: 0px !important; margin-bottom: 0px !important; padding: 0px !important; }.tve-theme-__template_id__ .top-section [data-css=\"tve-u-170771adb67\"] { padding: 0px 20px 0px 0px !important; }.tve-theme-__template_id__ .top-section [data-css=\"tve-u-1707da9afc9\"] { margin-top: 5px !important; margin-bottom: 5px !important; }.tve-theme-__template_id__ .bottom-section .section-background { background-image: linear-gradient(var(--tcb-skin-color-18), var(--tcb-skin-color-18)), url(\"{{img=1a350842a7ff436169e16465686d26fa}}\") !important; background-color: rgb(247, 247, 247) !important; background-size: auto, cover !important; background-position: 50% 50%, 50% 50% !important; background-attachment: scroll, scroll !important; background-repeat: no-repeat, no-repeat !important; }.tve-theme-__template_id__ .bottom-section .section-content { justify-content: center; display: flex; flex-direction: column; min-height: 530px !important; padding: 50px !important; }.tve-theme-__template_id__ .bottom-section [data-css=\"tve-u-16eccd9c6d3\"] { padding: 0px !important; }:not(#tve) .tve-theme-__template_id__ .bottom-section [data-css=\"tve-u-16eccd9eff6\"] { --tcb-applied-color:var$(--tcb-skin-color-9) !important; font-size: 38px !important; color: var(--tcb-skin-color-9) !important; font-weight: var(--g-bold-weight, bold) !important; padding-bottom: 0px !important; margin-bottom: 0px !important; }.tve-theme-__template_id__ .bottom-section [data-css=\"tve-u-17015a8ea70\"] { float: none; z-index: 3; position: relative; width: 570px; padding: 1px !important; margin: 0px auto !important; }.tve-theme-__template_id__ .bottom-section { margin-top: 0px !important; margin-bottom: 0px !important; }:not(#tve) .tve-theme-__template_id__ .bottom-section [data-css=\"tve-u-1746db6cb03\"] .tcb-button-link span { font-weight: var(--tve-font-weight, var(--g-bold-weight, bold)); color: var(--tve-color, rgb(255, 255, 255)); --tcb-applied-color:rgb(255, 255, 255); }.tve-theme-__template_id__ .bottom-section [data-css=\"tve-u-1746db6cb03\"] { --tve-font-weight:var(--g-bold-weight, bold); --tve-letter-spacing:2px; --tcb-local-color-2818e:rgb(19, 114, 211); --tve-color:rgb(255, 255, 255); --tcb-local-color-34f05:rgb(19, 114, 211); }.tve-theme-__template_id__ .bottom-section [data-css=\"tve-u-1746db6cb03\"] .tcb-button-link { letter-spacing: var(--tve-letter-spacing, 2px); padding: 18px !important; background-color: var(--tcb-local-color-34f05) !important; background-image: none !important; }:not(#tve) .tve-theme-__template_id__ .bottom-section [data-css=\"tve-u-1746db6cb03\"]:hover .tcb-button-link { background-image: linear-gradient(rgba(255, 255, 255, 0.08), rgba(255, 255, 255, 0.08)) !important; background-size: auto !important; background-position: 50% 50% !important; background-attachment: scroll !important; background-repeat: no-repeat !important; background-color: var(--tcb-local-color-34f05) !important; }.tve-theme-__template_id__ .bottom-section [data-css=\"tve-u-1746db6cb04\"] { --tcb-local-color-icon:rgb(255, 255, 255); --tcb-local-color-var:rgb(255, 255, 255); --tve-icon-size:18px; font-size: 18px; width: 18px; height: 18px; }.tve-theme-__template_id__ .bottom-section [data-css=\"tve-u-1746db6cb97\"] { --tcb-local-color-fe6dd:var(--tcb-local-color-f7ef7); float: none; border: none; --tve-applied-border:none; --tcb-local-color-f7ef7:var(--tcb-skin-color-4); --form-color:--tcb-skin-color-4; margin-left: auto !important; margin-right: auto !important; max-width: 600px !important; }.tve-theme-__template_id__ .bottom-section #lg-ketxsx3q .tve-form-button.tve-color-set { --tcb-local-color-3e1f8:rgb(26, 109, 188); --tcb-local-color-34f05:var(--tcb-local-color-f7ef7); }.tve-theme-__template_id__ .bottom-section #lg-ketxsx3q .tve-form-button { --tve-font-size:14px; --tve-font-weight:var(--g-regular-weight, normal); --tve-text-transform:uppercase; --tve-line-height:1px; float: left; z-index: 3; position: relative; display: block; max-width: 260px; width: 260px; --tve-letter-spacing:1px; margin-top: 0px !important; margin-bottom: 0px !important; }:not(#tve) .tve-theme-__template_id__ .bottom-section #lg-ketxsx3q .tve_lg_regular_input:not(.tcb-excluded-from-group-item) input, :not(#tve) .tve-theme-__template_id__ .bottom-section #lg-ketxsx3q .tve_lg_regular_input:not(.tcb-excluded-from-group-item) textarea { border: none; --tve-applied-border:none; padding: 18px !important; background-color: rgb(248, 248, 248) !important; --tve-applied-background-color:rgb(248, 248, 248) !important; background-image: none !important; --tve-applied-background-image:none !important; }:not(#tve) .tve-theme-__template_id__ .bottom-section #lg-ketxsx3q .tve_lg_regular_input:not(.tcb-excluded-from-group-item) input, :not(#tve) .tve-theme-__template_id__ .bottom-section #lg-ketxsx3q .tve_lg_regular_input:not(.tcb-excluded-from-group-item) textarea, :not(#tve) .tve-theme-__template_id__ .bottom-section #lg-ketxsx3q .tve_lg_regular_input:not(.tcb-excluded-from-group-item) ::placeholder { font-size: var(--tve-font-size, 14px); --tcb-applied-color:rgba(0, 0, 0, 0.5); font-weight: var(--tve-font-weight, var(--g-regular-weight, normal)); font-family: var(--tve-font-family, Arial,Helvetica,sans-serif); color: var(--tve-color, rgba(0, 0, 0, 0.5)); --tve-applied-color:var$(--tve-color, rgba(0, 0, 0, 0.5)); }.tve-theme-__template_id__ .bottom-section #lg-ketxsx3q .tve_lg_regular_input:not(.tcb-excluded-from-group-item) { --tve-font-size:14px; --tve-color:rgba(0, 0, 0, 0.5); --tve-applied---tve-color:rgba(0, 0, 0, 0.5); --tve-font-weight:var(--g-regular-weight, normal); --tve-font-family:Arial,Helvetica,sans-serif; margin: 10px 0px; }:not(#tve) .tve-theme-__template_id__ .bottom-section #lg-ketxsx3q .tve-form-button .tcb-button-link { line-height: var(--tve-line-height, 1px); font-size: var(--tve-font-size, 14px) !important; }:not(#tve) .tve-theme-__template_id__ .bottom-section #lg-ketxsx3q .tve-form-button .tcb-button-link span { font-weight: var(--tve-font-weight, var(--g-regular-weight, normal)); text-transform: var(--tve-text-transform, uppercase); }:not(#tve) .tve-theme-__template_id__ .bottom-section #lg-ketxsx3q .tve_lg_regular_input:not(.tcb-excluded-from-group-item):hover input, :not(#tve) .tve-theme-__template_id__ .bottom-section #lg-ketxsx3q .tve_lg_regular_input:not(.tcb-excluded-from-group-item):hover textarea, :not(#tve) .tve-theme-__template_id__ .bottom-section #lg-ketxsx3q .tve_lg_regular_input:not(.tcb-excluded-from-group-item):hover ::placeholder { color: var(--tve-color, rgb(0, 0, 0)) !important; --tve-applied-color:var$(--tve-color, rgb(0, 0, 0)) !important; --tcb-applied-color:rgb(0, 0, 0) !important; }:not(#tve) .tve-theme-__template_id__ .bottom-section #lg-ketxsx3q .tve_lg_regular_input:not(.tcb-excluded-from-group-item):hover { --tve-color:var(--tcb-skin-color-18) !important; --tve-applied---tve-color:var$(--tcb-skin-color-18) !important; }:not(#tve) .tve-theme-__template_id__ .bottom-section #lg-ketxsx3q .tve_lg_regular_input:not(.tcb-excluded-from-group-item):hover input, :not(#tve) .tve-theme-__template_id__ .bottom-section #lg-ketxsx3q .tve_lg_regular_input:not(.tcb-excluded-from-group-item):hover textarea { background-color: rgb(248, 248, 248) !important; --tve-applied-background-color:rgb(248, 248, 248) !important; background-image: linear-gradient(rgba(255, 255, 255, 0.2), rgba(255, 255, 255, 0.2)) !important; background-size: auto !important; background-position: 0% 0% !important; background-attachment: scroll !important; background-repeat: repeat !important; --tve-applied-background-image:linear-gradient(rgba(255, 255, 255, 0.2), rgba(255, 255, 255, 0.2)) !important; }.tve-theme-__template_id__ .bottom-section #lg-ketxsx3q .tve-form-button .tcb-button-link { letter-spacing: var(--tve-letter-spacing, 1px); background-color: var(--tcb-local-color-f7ef7) !important; --tve-applied-background-color:var$(--tcb-local-color-f7ef7) !important; padding: 20px !important; }:not(#tve) .tve-theme-__template_id__ .bottom-section #lg-ketxsx3q .tve-form-button:hover .tcb-button-link { background-color: var(--tcb-local-color-f7ef7) !important; --tve-applied-background-color:var$(--tcb-local-color-f7ef7) !important; }:not(#tve) .tve-theme-__template_id__ .bottom-section :not(#tve) #lg-ketxsx3q .tve_lg_regular_input:not(.tcb-excluded-from-group-item):hover input, :not(#tve) .tve-theme-__template_id__ .bottom-section :not(#tve) #lg-ketxsx3q .tve_lg_regular_input:not(.tcb-excluded-from-group-item):hover textarea, :not(#tve) .tve-theme-__template_id__ .bottom-section :not(#tve) #lg-ketxsx3q .tve_lg_regular_input:not(.tcb-excluded-from-group-item):hover ::placeholder { color: var(--tve-color, var(--tcb-skin-color-18)) !important; --tve-applied-color:var$(--tve-color, var$(--tcb-skin-color-18)) !important; --tcb-applied-color:var$(--tcb-skin-color-18) !important; }:not(#tve) .tve-theme-__template_id__ .bottom-section #lg-ketxsx3q .tve_lg_regular_input:not(.tcb-excluded-from-group-item) { margin-top: 18px !important; margin-bottom: 18px !important; }.tve-theme-__template_id__ .bottom-section [data-css=\"tve-u-1746db91ced\"] { line-height: 1.45em !important; }.tve-theme-__template_id__ .bottom-section [data-css=\"tve-u-1746db99bcb\"]::after { clear: both; }","(max-width: 1023px)":".tve-theme-__template_id__ .sidebar-section .section-content { padding: 0px 10px !important; }.tve-theme-__template_id__ .sidebar-section .tcb-post-list[data-css=\"tve-u-17067e99664\"] .post-wrapper.thrv_wrapper { width: calc((100% - 0px) \/ 1); }.tve-theme-__template_id__ .sidebar-section .tcb-post-list[data-css=\"tve-u-17067e99664\"] .post-wrapper.thrv_wrapper:nth-child(n+2) { margin-top: 10px !important; }.tve-theme-__template_id__ .sidebar-section .tcb-post-list[data-css=\"tve-u-17067e99664\"] .post-wrapper.thrv_wrapper:not(:nth-child(n+2)) { margin-top: 0px !important; }.tve-theme-__template_id__ .sidebar-section .tcb-post-list[data-css=\"tve-u-17067e99664\"] .post-wrapper.thrv_wrapper:nth-child(n) { margin-right: 0px !important; }.tve-theme-__template_id__ .sidebar-section [data-css=\"tve-u-17067e99664\"] { max-width: 100%; }.tve-theme-__template_id__ .sidebar-section [data-css=\"tve-u-17067ea4b66\"] { margin-bottom: 35px !important; }.tve-theme-__template_id__ .sidebar-section [data-css=\"tve-u-17067ead6c3\"] { margin-left: 0px !important; }.tve-theme-__template_id__ .sidebar-section [data-css=\"tve-u-17067ec7737\"] { margin-left: 0px !important; }.tve-theme-__template_id__ .content-section .section-content { padding-left: 20px !important; padding-right: 20px !important; }.tve-theme-__template_id__ .main-container { padding-left: 20px !important; padding-right: 20px !important; }.tve-theme-__template_id__ .top-section .section-content { text-align: left; padding-left: 40px !important; padding-right: 40px !important; padding-top: 30px !important; }.tve-theme-__template_id__ .top-section [data-css=\"tve-u-16eeb05cd4d\"] { float: left; z-index: 3; position: relative; margin-left: auto !important; margin-right: auto !important; min-width: 0px !important; }.tve-theme-__template_id__ .top-section [data-css=\"tve-u-16eeaee9b04\"] { padding-left: 0px !important; }.tve-theme-__template_id__ .top-section [data-css=\"tve-u-16eeb066a42\"]::after { clear: both; }.tve-theme-__template_id__ .top-section [data-css=\"tve-u-17076e1b088\"] { max-width: 69.7%; }.tve-theme-__template_id__ .top-section [data-css=\"tve-u-17076e1b0d3\"] { max-width: 30.3%; }.tve-theme-__template_id__ .top-section [data-css=\"tve-u-17076e1484d\"] { flex-wrap: wrap !important; padding-top: 20px !important; padding-bottom: 20px !important; }.tve-theme-__template_id__ .top-section [data-css=\"tve-u-17076e1484d\"] > .tcb-flex-col { flex-basis: 497px !important; }.tve-theme-__template_id__ .top-section [data-css=\"tve-u-17077183ddd\"] { margin-top: 20px !important; }.tve-theme-__template_id__ .top-section [data-css=\"tve-u-170771823c3\"] { min-height: 165px; }.tve-theme-__template_id__ .bottom-section .section-content { padding: 20px 40px !important; }.tve-theme-__template_id__ .bottom-section [data-css=\"tve-u-17015a8ea70\"] { float: none; width: 100%; margin-left: auto !important; margin-right: auto !important; }.tve-theme-__template_id__ .bottom-section [data-css=\"tve-u-16eccd9c6d3\"] { float: none; z-index: 3; position: relative; max-width: 235px; margin-left: auto !important; margin-right: auto !important; }.tve-theme-__template_id__ .bottom-section [data-css=\"tve-u-1746db6cb97\"] { max-width: 100% !important; }","(max-width: 767px)":".tve-theme-__template_id__ .sidebar-section .section-content { padding: 20px !important; }.tve-theme-__template_id__ .sidebar-section .tcb-post-list[data-css=\"tve-u-17067e99664\"] .post-wrapper.thrv_wrapper { width: calc((100% - 0px) \/ 1); }.tve-theme-__template_id__ .sidebar-section .tcb-post-list[data-css=\"tve-u-17067e99664\"] .post-wrapper.thrv_wrapper:nth-child(n+2) { margin-top: 10px !important; }.tve-theme-__template_id__ .sidebar-section .tcb-post-list[data-css=\"tve-u-17067e99664\"] .post-wrapper.thrv_wrapper:not(:nth-child(n+2)) { margin-top: 0px !important; }.tve-theme-__template_id__ .sidebar-section .tcb-post-list[data-css=\"tve-u-17067e99664\"] .post-wrapper.thrv_wrapper:nth-child(n) { margin-right: 0px !important; }.tve-theme-__template_id__ .content-section .section-content { padding: 20px 10px !important; }.tve-theme-__template_id__ .main-container { padding: 10px !important; }.tve-theme-__template_id__ .top-section .section-content { padding: 30px 20px !important; min-height: 1px !important; }.tve-theme-__template_id__ .top-section [data-css=\"tve-u-16eeaee7ee1\"] { margin-bottom: 10px !important; }:not(#tve) .tve-theme-__template_id__ .top-section [data-css=\"tve-u-16eeaee6660\"] { font-size: 18px !important; }.tve-theme-__template_id__ .top-section [data-css=\"tve-u-16eeb05cd4d\"] { float: left; z-index: 3; position: relative; min-width: 0px !important; }.tve-theme-__template_id__ .top-section [data-css=\"tve-u-16eeb066a42\"]::after { clear: both; }.tve-theme-__template_id__ .top-section [data-css=\"tve-u-17076e1e389\"] { padding-top: 0px !important; }.tve-theme-__template_id__ .top-section [data-css=\"tve-u-17076e1484d\"] { padding: 0px !important; }.tve-theme-__template_id__ .top-section [data-css=\"tve-u-170771adb67\"] { padding-top: 0px !important; }.tve-theme-__template_id__ .bottom-section [data-css=\"tve-u-16eccd9c6d3\"] { float: none; max-width: 181px; margin-left: auto !important; margin-right: auto !important; }.tve-theme-__template_id__ .bottom-section [data-css=\"tve-u-17015a8ea70\"] { width: 100%; }:not(#tve) .tve-theme-__template_id__ .bottom-section [data-css=\"tve-u-16eccd9eff6\"] { font-size: 30px !important; }.tve-theme-__template_id__ .bottom-section .section-content { padding-left: 20px !important; padding-right: 20px !important; }:not(#tve) .tve-theme-__template_id__ .bottom-section #lg-ketxsx3q .tve_lg_regular_input:not(.tcb-excluded-from-group-item) input, :not(#tve) .tve-theme-__template_id__ .bottom-section #lg-ketxsx3q .tve_lg_regular_input:not(.tcb-excluded-from-group-item) textarea { margin-top: 5px !important; margin-bottom: 5px !important; }:not(#tve) .tve-theme-__template_id__ .bottom-section #lg-ketxsx3q .tve_lg_regular_input:not(.tcb-excluded-from-group-item) { margin-top: 8px !important; margin-bottom: 8px !important; }.tve-theme-__template_id__ .bottom-section #lg-ketxsx3q .tve-form-button { width: 100%; float: none; min-width: 100% !important; }"},"fonts":["@import url(\"https:\/\/fonts.googleapis.com\/css?family=Muli:400,500,300,600,800,700,200,900,400i,600i,500i,300i,900i,800i,700i,200i&subset=latin&display=swap\");"],"dynamic":[]},"format":"standard","tag":"5e55691718ea8","no_search_results":"","primary_template":"singular","secondary_template":"page","variable_template":""},"post_status":"publish"}]