{"94130ea17023c4837f0dcdda95034b65":{"ID":"5203","post_title":"WooCommerce Additional Info 03","post_type":"thrive_section","post_status":"publish","meta_input":{"skin_tag":"q1qj01","content":"<div class=\"thrv_wrapper thrv-columns\" data-css=\"tve-u-172efd4931a\" style=\"\"><div class=\"tcb-flex-row v-2 tcb--cols--3 tcb-medium-no-wrap tcb-mobile-wrap m-edit\" data-css=\"tve-u-172efd48fcd\" style=\"\"><div class=\"tcb-flex-col\" style=\"\"><div class=\"tcb-col\" data-css=\"tve-u-172efdd4e7b\" style=\"\"><div class=\"thrv_wrapper thrv_text_element\" data-css=\"tve-u-172efcf6bbb\" style=\"\"><p data-css=\"tve-u-172efdc3aec\" style=\"\">Returning an item<\/p><\/div><div class=\"thrv_wrapper thrv_text_element\" data-css=\"tve-u-172efcfef9d\" style=\"\"><p data-css=\"tve-u-172efd0243e\" style=\"\">We've updated our return policy<\/p><\/div><div class=\"thrv_wrapper thrv_text_element tve-froala fr-box fr-basic\" data-css=\"tve-u-172efcfe51c\" style=\"\"><p data-css=\"tve-u-172efcec08b\" style=\"\"><a href=\"\" class=\"tve-froala\" style=\"outline: none;\">More info here<\/a><\/p><\/div><\/div><\/div><div class=\"tcb-flex-col\" style=\"\"><div class=\"tcb-col\" data-css=\"tve-u-172efdd9efd\" style=\"\"><div class=\"thrv_wrapper thrv_text_element\" data-css=\"tve-u-172efdd6b43\" style=\"\"><p data-css=\"tve-u-172efdc31a1\" style=\"\">We offer secure payment<\/p><\/div><div class=\"thrv_wrapper thrv_text_element\" data-css=\"tve-u-172efd4c7e5\" style=\"\"><p data-css=\"tve-u-172efd0243e\" style=\"\">We accept the following payment methods:<\/p><\/div><div class=\"thrv_wrapper thrv-credit\" data-style=\"style1\" data-cards=\"visa,masterCard,americanExpress,payPal,googlePay,applePay,bitcoin\" data-css=\"tve-u-172efd16917\" style=\"\"><svg viewBox=\"0 0 72 52\" class=\"tcb-visa-card\"><g><path class=\"visa-style-1-st0\" d=\"M7.6,0.9h56.7c3.7,0,6.6,3,6.6,6.6v36.7c0,3.7-3,6.6-6.6,6.6H7.6c-3.7,0-6.6-3-6.6-6.6V7.5C1,3.9,4,0.9,7.6,0.9z\"><\/path><path class=\"visa-style-1-st1\" d=\"M24.8,33.8h-4.1l-3.1-11.6c-0.1-0.5-0.5-1-0.9-1.2c-1.1-0.6-2.4-1-3.7-1.2v-0.4h6.6c0.9,0,1.6,0.7,1.7,1.5l1.6,8.4l4.1-9.8h4L24.8,33.8z M33.1,33.8h-3.8l3.2-14.5h3.8L33.1,33.8z M41.2,23.3c0.1-0.8,0.8-1.2,1.6-1.2c1.2-0.1,2.6,0.1,3.7,0.7l0.7-3.1c-1.1-0.4-2.4-0.7-3.5-0.7c-3.7,0-6.4,2-6.4,4.8c0,2.1,1.9,3.2,3.3,3.9c1.5,0.7,2,1.1,1.9,1.8c0,1-1.1,1.5-2.3,1.5c-1.4,0-2.7-0.3-4-0.9l-0.7,3.1c1.4,0.6,2.8,0.8,4.2,0.8C44,34,46.6,32,46.6,29C46.6,25.2,41.2,25,41.2,23.3L41.2,23.3z M60,33.8l-3.1-14.5h-3.3c-0.7,0-1.4,0.4-1.6,1.1l-5.6,13.4h4l0.8-2.1H56l0.5,2.1H60z M54.2,23.2l1.1,5.5h-3.2L54.2,23.2z\"><\/path><\/g><\/svg><svg viewBox=\"0 0 72 52\" class=\"tcb-masterCard-card\"><g transform=\"translate(337.000000, 0.000000)\"><path class=\"masterCard-style-1-st0\" d=\"M-329.4,0.9h56.7c3.7,0,6.6,3,6.6,6.6v36.7c0,3.7-3,6.6-6.6,6.6h-56.7c-3.7,0-6.6-3-6.6-6.6V7.5C-336,3.9-333,0.9-329.4,0.9z\"><\/path><g transform=\"translate(12.526316, 11.194030)\"><path class=\"masterCard-style-1-st1\" d=\"M-313.2,4.5c-2.4-2.1-5.5-3.3-8.8-3.3c-7.5,0-13.6,6.2-13.6,13.8s6.1,13.8,13.6,13.8c3.4,0,6.5-1.2,8.8-3.3c2.4,2.1,5.5,3.3,8.8,3.3c7.5,0,13.6-6.2,13.6-13.8s-6.1-13.8-13.6-13.8C-307.7,1.2-310.8,2.4-313.2,4.5z\"><\/path><path class=\"masterCard-style-1-st2\" d=\"M-313.2,4.5c-2.4-2.1-5.5-3.3-8.8-3.3c-7.5,0-13.6,6.2-13.6,13.8s6.1,13.8,13.6,13.8c3.4,0,6.5-1.2,8.8-3.3c-2.9-2.5-4.8-6.3-4.8-10.5S-316.1,7-313.2,4.5z\"><\/path><path class=\"masterCard-style-1-st3\" d=\"M-313.2,25.5c2.4,2.1,5.5,3.3,8.8,3.3c7.5,0,13.6-6.2,13.6-13.8s-6.1-13.8-13.6-13.8c-3.4,0-6.5,1.2-8.8,3.3c2.9,2.5,4.8,6.3,4.8,10.5S-310.2,23-313.2,25.5z\"><\/path><\/g><\/g><\/svg><svg viewBox=\"0 0 72 52\" class=\"tcb-americanExpress-card\"><g><g><g transform=\"translate(169.000000, 0.000000)\"><path class=\"americanExpress-style-1-st0\" d=\"M-161.4,0.9h56.7c3.7,0,6.6,3,6.6,6.6v36.7c0,3.7-3,6.6-6.6,6.6h-56.7c-3.7,0-6.6-3-6.6-6.6V7.5C-168,3.9-165,0.9-161.4,0.9z\"><\/path><\/g><\/g><path class=\"americanExpress-style-1-st1\" d=\"M31,28.2l-3.8-8.4h-4.6v11.9l-5.4-11.9h-3.8L8,32.3h3.2l1.1-2.7h6l1.1,2.7h6.2v-9.2l4.1,9.2h2.7l4.1-8.9v8.9h3V20.1h-4.6L31,28.5L31,28.2z M15.4,26.9h-1.9l1.9-4.3l0,0l2,4.3L15.4,26.9z\"><\/path><path class=\"americanExpress-style-1-st1\" d=\"M58.4,26l2.2-2.4l3.2-3.5H60l-3.5,3.8L53,20.1H41.3v12.2H53l3.5-4.1l3.5,4.1h3.8l-3.2-3.8L58.4,26z M51.1,29.8h-6.8v-2.4h6.8V25h-6.8v-2.2h6.8l3.5,3.2L51.1,29.8z\"><\/path><\/g><\/svg><svg viewBox=\"0 0 72 52\" class=\"tcb-payPal-card\"><g><g transform=\"translate(85.000000, 0.000000)\"><path class=\"payPal-style-1-st0\" d=\"M-77.4,0.9h56.7c3.7,0,6.6,3,6.6,6.6v36.7c0,3.7-3,6.6-6.6,6.6h-56.7c-3.7,0-6.6-3-6.6-6.6V7.5C-84,3.9-81,0.9-77.4,0.9z\"><\/path><\/g><path class=\"payPal-style-1-st1\" d=\"M34.7,18.3h8.1c4.3,0,6,2.2,5.7,5.4c-0.4,5.3-3.6,8.3-7.9,8.3h-2.2c-0.6,0-1,0.4-1.1,1.4l-0.9,6.1c-0.1,0.4-0.3,0.6-0.6,0.7h-5.1c-0.5,0-0.6-0.4-0.5-1.2l3.1-19.6C33.4,18.7,33.8,18.3,34.7,18.3z\"><\/path><path class=\"payPal-style-1-st2\" d=\"M29.6,11.6h8.1c2.3,0,5,0.1,6.8,1.7c1.2,1.1,1.8,2.8,1.7,4.6c-0.5,6.2-4.2,9.6-9.1,9.6h-4c-0.7,0-1.1,0.4-1.3,1.7l-1.1,7.1C30.6,36.7,30.4,37,30,37h-5c-0.6,0-0.7-0.4-0.6-1.3L28,12.9C28.2,12,28.7,11.6,29.6,11.6z\"><\/path><\/g><\/svg><svg viewBox=\"0 0 72 52\" class=\"tcb-googlePay-card\"><g><g><g transform=\"translate(169.000000, 0.000000)\"><path class=\"googlePay-style-1-st0\" d=\"M-161.3,0.9h56.7c3.7,0,6.6,3,6.6,6.6v36.7c0,3.7-3,6.6-6.6,6.6h-56.7c-3.7,0-6.6-3-6.6-6.6V7.5C-167.9,3.9-164.9,0.9-161.3,0.9z\"><\/path><\/g><rect x=\"18.4\" y=\"0.9\" transform=\"matrix(-1 -1.224647e-16 1.224647e-16 -1 54.3 51.8)\" class=\"googlePay-style-1-st1\" width=\"17.5\" height=\"50\"><\/rect><rect x=\"35.9\" y=\"0.9\" transform=\"matrix(-1 -1.224647e-16 1.224647e-16 -1 89.3 51.8)\" class=\"googlePay-style-1-st2\" width=\"17.5\" height=\"50\"><\/rect><path class=\"googlePay-style-1-st3\" d=\"M64.9,0.9H53.4v50h11.5c3.3,0,6-2.7,6-6v-38C70.9,3.6,68.2,0.9,64.9,0.9z\"><\/path><\/g><g><path class=\"googlePay-style-1-st4\" d=\"M42.8,17.7c-0.9-0.9-2.2-1.4-3.5-1.4H34V32h2v-6.3v0h3.3c1.4,0,2.5-0.4,3.5-1.3c0.9-0.8,1.5-2.1,1.4-3.3C44.3,19.7,43.7,18.5,42.8,17.7z M41.4,22.9c-0.5,0.5-1.2,0.8-2,0.8H36v-5.5v0h3.4c0.8,0,1.5,0.3,2,0.8c0,0,0,0,0.1,0.1C42.5,20.2,42.5,21.9,41.4,22.9z\"><\/path><path class=\"googlePay-style-1-st4\" d=\"M48.9,20.9c-1.9,0-3.4,0.7-4.3,2.1l1.8,1.1c0.7-0.9,1.5-1.4,2.7-1.4c0.7,0,1.4,0.3,1.9,0.7c0.5,0.4,0.8,1.1,0.8,1.8v0.5C51,25.3,50,25,48.8,25c-1.4,0-2.5,0.3-3.4,1c-0.8,0.7-1.3,1.5-1.3,2.6c0,1,0.4,2,1.2,2.6c0.8,0.7,1.8,1.1,3,1.1c1.4,0,2.5-0.6,3.3-1.8h0.1V32h1.9v-6.6c0-1.4-0.4-2.5-1.3-3.3C51.6,21.3,50.4,20.9,48.9,20.9z M50.8,29.6c-0.6,0.6-1.4,0.9-2.3,0.9c-0.6,0-1.1-0.2-1.6-0.5c-0.4-0.3-0.7-0.8-0.7-1.3c0-0.6,0.3-1.1,0.8-1.5c0.5-0.4,1.2-0.6,2-0.6c1.1,0,2,0.3,2.6,0.8C51.8,28.2,51.5,29,50.8,29.6z\"><\/path><polygon class=\"googlePay-style-1-st4\" points=\"62.6,21.3 59.5,29 59.4,29 56.2,21.3 54,21.3 58.5,31.3 56,36.7 58,36.7 64.8,21.3 \"><\/polygon><path class=\"googlePay-style-1-st4\" d=\"M19.2,22.5v3.5h4.9c-0.2,1.1-0.9,2.1-1.8,2.7v0c-0.8,0.5-1.8,0.9-3.1,0.9c-2.3,0-4.3-1.6-5.1-3.7c-0.4-1.1-0.4-2.3,0-3.4c0.7-2.1,2.7-3.7,5.1-3.7c1.3,0,2.5,0.5,3.5,1.4l2.6-2.6c-1.6-1.5-3.8-2.4-6-2.3c-3.4,0-6.5,1.9-8,5c-1.3,2.5-1.3,5.5,0,8.1c1.5,3,4.6,5,8,5c2.4,0,4.5-0.8,6-2.2l0,0h0c1.7-1.6,2.7-3.9,2.7-6.6c0-0.6-0.1-1.2-0.2-1.8H19.2z\"><\/path><\/g><\/g><\/svg><svg viewBox=\"0 0 72 52\" class=\"tcb-applePay-card\"><g><path class=\"applePay-style-1-st0\" d=\"M64.4,1H7.6C4,1,1,4,1,7.6v36.7C1,48,4,51,7.6,51h56.7c3.7,0,6.6-3,6.6-6.6V7.6C71,4,68,1,64.4,1z\"><\/path><\/g><g><g><path class=\"applePay-style-1-st1\" d=\"M18.6,17.6c0.7-0.8,1-1.9,0.9-2.9c-1,0.1-2,0.6-2.7,1.4s-1,1.8-1,2.8C16.9,18.9,17.9,18.5,18.6,17.6\"><\/path><path class=\"applePay-style-1-st1\" d=\"M19.5,19.1C18,19,16.7,19.9,16,19.9c-0.7,0-1.8-0.8-3-0.8c-1.6,0-3,0.9-3.8,2.3c-1.6,2.8-0.4,6.9,1.1,9.1c0.8,1.1,1.7,2.3,2.9,2.3s1.6-0.7,3-0.7s1.8,0.7,3,0.7s2-1.1,2.8-2.2c0.5-0.8,1-1.7,1.3-2.6c-1.5-0.6-2.4-2.1-2.4-3.7c0-1.4,0.8-2.7,2-3.5C22.1,19.8,20.8,19.2,19.5,19.1\"><\/path><\/g><g><path class=\"applePay-style-1-st1\" d=\"M34.4,16c3.3,0,5.5,2.2,5.5,5.5S37.6,27,34.3,27h-3.6v5.7h-2.6V16H34.4z M30.7,24.8h3c2.3,0,3.6-1.2,3.6-3.3s-1.3-3.3-3.5-3.3h-3L30.7,24.8L30.7,24.8z\"><\/path><path class=\"applePay-style-1-st1\" d=\"M40.6,29.3c0-2.1,1.6-3.4,4.7-3.6l3.2-0.2v-0.9c0-1.3-0.9-2.1-2.5-2.1c-1.3,0-2.3,0.7-2.5,1.7h-2.3c0.1-2.2,2.1-3.8,4.9-3.8c3,0,4.9,1.6,4.9,4v8.3h-2.4v-2h-0.1c-0.8,1.4-2.3,2.2-3.8,2.1C42.2,32.9,40.6,31.4,40.6,29.3z M48.5,28.2v-0.9l-2.9,0.2c-1.6,0.1-2.5,0.7-2.5,1.8S44,31,45.4,31C47.1,30.9,48.5,29.8,48.5,28.2z\"><\/path><path class=\"applePay-style-1-st1\" d=\"M53.2,37.2v-2c0.3,0,0.5,0,0.8,0c1.1,0,1.8-0.5,2.2-1.7l0.2-0.7L52,20.6h2.7l3.1,9.9h0.1l3.1-9.9h2.6L59,33.4c-1,2.9-2.2,3.9-4.8,3.9C53.8,37.3,53.5,37.3,53.2,37.2z\"><\/path><\/g><\/g><\/svg><svg viewBox=\"0 0 72 52\" class=\"tcb-bitcoin-card\"><g><path class=\"bitcoin-style-1-st0\" d=\"M63.4,0H6.6C3,0,0,3,0,6.6v36.7C0,47,3,50,6.6,50h56.7c3.7,0,6.6-3,6.6-6.6V6.6C70,3,67,0,63.4,0z\"><\/path><\/g><g><path class=\"bitcoin-style-1-st1\" d=\"M42,26c-0.5-0.7-1.3-1.2-2.2-1.4c0.7-0.3,1.2-0.8,1.6-1.4c0.4-0.6,0.6-1.3,0.6-2s-0.1-1.3-0.5-1.9c-0.3-0.5-0.7-1-1.2-1.4c-0.5-0.3-1-0.5-1.7-0.7c-0.5-0.1-1.1-0.1-1.8-0.1v-2.4h-2.6v2.4h-1.5h-0.2v-2.4h-2.6v2.4h-0.4H27v2.6h2.4v10.7H27V33h2.4h0.4v2.2h2.6V33h0.2h1.5v2.2h2.6V33c1,0,1.6-0.1,2-0.1c0.9-0.1,1.6-0.3,2.2-0.7s1-1,1.4-1.6c0.3-0.7,0.5-1.4,0.5-2.1C42.8,27.5,42.5,26.7,42,26z M34.4,19.8c1.5,0,2.4,0,2.8,0.1c0.5,0.1,1,0.3,1.2,0.5c0.3,0.3,0.4,0.7,0.4,1.2s-0.1,1-0.5,1.2C38,23,37.6,23.3,37,23.3c-0.3,0.1-1.1,0.1-2.4,0.1h-2.1v-3.7C32.6,19.8,34.4,19.8,34.4,19.8z M39,29.7c-0.3,0.3-0.7,0.5-1.2,0.6c-0.3,0.1-1,0.1-2.2,0.1h-3v-4.3h2.6c1.5,0,2.4,0.1,2.9,0.2c0.4,0.1,0.7,0.4,1,0.7c0.2,0.3,0.3,0.7,0.3,1.2C39.4,28.8,39.2,29.3,39,29.7z\"><\/path><\/g><g><path class=\"bitcoin-style-1-st0\" d=\"M63.4,0H6.6C3,0,0,3,0,6.6v36.7C0,47,3,50,6.6,50h56.7c3.7,0,6.6-3,6.6-6.6V6.6C70,3,67,0,63.4,0z\"><\/path><\/g><g><path class=\"bitcoin-style-1-st1\" d=\"M42,26c-0.5-0.7-1.3-1.2-2.2-1.4c0.7-0.3,1.2-0.8,1.6-1.4c0.4-0.6,0.6-1.3,0.6-2s-0.1-1.3-0.5-1.9c-0.3-0.5-0.7-1-1.2-1.4c-0.5-0.3-1-0.5-1.7-0.7c-0.5-0.1-1.1-0.1-1.8-0.1v-2.4h-2.6v2.4h-1.5h-0.2v-2.4h-2.6v2.4h-0.4H27v2.6h2.4v10.7H27V33h2.4h0.4v2.2h2.6V33h0.2h1.5v2.2h2.6V33c1,0,1.6-0.1,2-0.1c0.9-0.1,1.6-0.3,2.2-0.7s1-1,1.4-1.6c0.3-0.7,0.5-1.4,0.5-2.1C42.8,27.5,42.5,26.7,42,26z M34.4,19.8c1.5,0,2.4,0,2.8,0.1c0.5,0.1,1,0.3,1.2,0.5c0.3,0.3,0.4,0.7,0.4,1.2s-0.1,1-0.5,1.2C38,23,37.6,23.3,37,23.3c-0.3,0.1-1.1,0.1-2.4,0.1h-2.1v-3.7C32.6,19.8,34.4,19.8,34.4,19.8z M39,29.7c-0.3,0.3-0.7,0.5-1.2,0.6c-0.3,0.1-1,0.1-2.2,0.1h-3v-4.3h2.6c1.5,0,2.4,0.1,2.9,0.2c0.4,0.1,0.7,0.4,1,0.7c0.2,0.3,0.3,0.7,0.3,1.2C39.4,28.8,39.2,29.3,39,29.7z\"><\/path><\/g><g><path class=\"bitcoin-style-1-st1\" d=\"M35,43.5c-10.2,0-18.6-8.3-18.6-18.5S24.7,6.5,35,6.5S53.5,14.8,53.5,25S45.2,43.5,35,43.5z M35,8c-9.4,0-17.1,7.6-17.1,17S25.5,42,35,42s17-7.6,17-17S44.4,8,35,8z\"><\/path><\/g><\/svg><\/div><\/div><\/div><div class=\"tcb-flex-col\" style=\"\"><div class=\"tcb-col\"><div class=\"thrv_wrapper thrv_text_element\" data-css=\"tve-u-172efd2fbb0\" style=\"\"><p data-css=\"tve-u-172efce60c8\" style=\"\">Need any help?<\/p><\/div><div class=\"thrv_wrapper thrv_text_element\" data-css=\"tve-u-172efd2642f\" style=\"\"><p data-css=\"tve-u-172efd0243e\" style=\"\">Call Us: &nbsp;&nbsp;<span class=\"thrive-shortcode-content\" data-shortcode=\"thrive_global_fields\" data-shortcode-name=\"[Company] Phone number\" data-extra_key=\"1\" data-attr-id=\"3\" data-option-inline=\"1\" data-css=\"tve-u-172efda8ae0\">[thrive_global_fields id='3' inline='1']<\/span><\/p><\/div><div class=\"thrv_wrapper thrv_text_element\" data-css=\"tve-u-172efd4c7e5\" style=\"\"><p style=\"\" data-css=\"tve-u-172efdbd651\">Workig Hours: 8 AM - 8 PM<\/p><\/div><\/div><\/div><\/div><\/div>","type":"bottom","singular":"1","template_type":"","style":{"css":{"(min-width: 300px)":"{{css_export_placeholder}} .section-background { border-top: none; background-color: var(--tcb-skin-color-2)  !important; background-image: none !important; }{{css_export_placeholder}} .section-content { display: flex; flex-direction: column; justify-content: center; text-align: left; --tve-font-size:16px; min-height: 247px !important; padding: 20px !important; }:not(#tve) {{css_export_placeholder}} [data-css=\"tve-u-172efce60c8\"] { padding-top: 0px !important; margin-top: 0px !important; padding-bottom: 0px !important; margin-bottom: 0px !important; font-weight: var(--g-bold-weight, bold)  !important; font-size: 20px !important; color: var(--tcb-skin-color-4)  !important; --tcb-applied-color:var$(--tcb-skin-color-4)  !important; line-height: 1.45em !important; }:not(#tve) {{css_export_placeholder}} [data-css=\"tve-u-172efcec08b\"] { padding-bottom: 0px !important; margin-bottom: 0px !important; }{{css_export_placeholder}} [data-css=\"tve-u-172efcf6bbb\"] { padding: 0px !important; margin-bottom: 20px !important; }{{css_export_placeholder}} [data-css=\"tve-u-172efcfe51c\"] { padding: 0px !important; }{{css_export_placeholder}} [data-css=\"tve-u-172efcfef9d\"] { padding: 0px !important; }:not(#tve) {{css_export_placeholder}} [data-css=\"tve-u-172efd0243e\"] { padding-bottom: 0px !important; margin-bottom: 0px !important; }{{css_export_placeholder}} [data-css=\"tve-u-172efd16917\"] { margin-top: 0px !important; margin-bottom: 0px !important; padding: 0px !important; }{{css_export_placeholder}} [data-css=\"tve-u-172efd2642f\"] { padding: 0px !important; margin-bottom: 5px !important; }{{css_export_placeholder}} .section-content p, {{css_export_placeholder}} .section-content li, {{css_export_placeholder}} .section-content label, {{css_export_placeholder}} .section-content .tcb-plain-text { font-size: var(--tve-font-size, 16px); }{{css_export_placeholder}} [data-css=\"tve-u-172efd2fbb0\"] { padding: 0px !important; margin-bottom: 20px !important; }{{css_export_placeholder}} [data-css=\"tve-u-172efd48fcd\"] { margin-left: -30px; padding: 0px !important; }{{css_export_placeholder}} [data-css=\"tve-u-172efd4931a\"] { margin: 0px !important; }{{css_export_placeholder}} [data-css=\"tve-u-172efd48fcd\"] > .tcb-flex-col { padding-left: 30px; }{{css_export_placeholder}} [data-css=\"tve-u-172efd4c7e5\"] { max-width: 258px; padding: 0px !important; margin-bottom: 5px !important; }:not(#tve) {{css_export_placeholder}} [data-css=\"tve-u-172efda8ae0\"] { color: var(--tcb-skin-color-0)  !important; --tcb-applied-color:var$(--tcb-skin-color-0)  !important; font-size: 24px !important; }:not(#tve) {{css_export_placeholder}} [data-css=\"tve-u-172efdbd651\"] { padding-bottom: 0px !important; margin-bottom: 0px !important; }:not(#tve) {{css_export_placeholder}} [data-css=\"tve-u-172efdc31a1\"] { padding-top: 0px !important; margin-top: 0px !important; padding-bottom: 0px !important; margin-bottom: 0px !important; font-weight: var(--g-bold-weight, bold)  !important; font-size: 20px !important; color: var(--tcb-skin-color-4)  !important; --tcb-applied-color:var$(--tcb-skin-color-4)  !important; line-height: 1.45em !important; }:not(#tve) {{css_export_placeholder}} [data-css=\"tve-u-172efdc3aec\"] { padding-top: 0px !important; margin-top: 0px !important; padding-bottom: 0px !important; margin-bottom: 0px !important; font-weight: var(--g-bold-weight, bold)  !important; font-size: 20px !important; color: var(--tcb-skin-color-4)  !important; --tcb-applied-color:var$(--tcb-skin-color-4)  !important; line-height: 1.45em !important; }{{css_export_placeholder}} [data-css=\"tve-u-172efdd6b43\"] { padding: 0px !important; margin-bottom: 20px !important; }","(max-width: 1023px)":"{{css_export_placeholder}} .section-content { --tve-font-size:14px; padding: 30px 40px !important; min-height: 1px !important; }{{css_export_placeholder}} .section-background { background-position: 50% 50%, 0% 50% !important; }{{css_export_placeholder}} [data-css=\"tve-u-172efd48fcd\"] { margin-left: -30px; flex-wrap: nowrap !important; }{{css_export_placeholder}} [data-css=\"tve-u-172efd48fcd\"] > .tcb-flex-col { padding-left: 30px; }:not(#tve) {{css_export_placeholder}} [data-css=\"tve-u-172efdc31a1\"] { font-size: 18px !important; }:not(#tve) {{css_export_placeholder}} [data-css=\"tve-u-172efdc3aec\"] { font-size: 18px !important; }:not(#tve) {{css_export_placeholder}} [data-css=\"tve-u-172efce60c8\"] { font-size: 18px !important; }{{css_export_placeholder}} .section-content p, {{css_export_placeholder}} .section-content li, {{css_export_placeholder}} .section-content label, {{css_export_placeholder}} .section-content .tcb-plain-text { font-size: var(--tve-font-size, 14px); }:not(#tve) {{css_export_placeholder}} [data-css=\"tve-u-172efda8ae0\"] { font-size: 20px !important; }","(max-width: 767px)":"{{css_export_placeholder}} .section-content { padding-left: 20px !important; padding-right: 20px !important; }{{css_export_placeholder}} [data-css=\"tve-u-172efd48fcd\"] { flex-wrap: wrap !important; }{{css_export_placeholder}} [data-css=\"tve-u-172efd48fcd\"] > .tcb-flex-col { flex-basis: 390px !important; }{{css_export_placeholder}} [data-css=\"tve-u-172efdd4e7b\"] { padding-bottom: 0px !important; margin-bottom: 30px !important; }{{css_export_placeholder}} [data-css=\"tve-u-172efdd6b43\"] { margin-bottom: 14px !important; }{{css_export_placeholder}} [data-css=\"tve-u-172efcf6bbb\"] { margin-bottom: 14px !important; }{{css_export_placeholder}} [data-css=\"tve-u-172efd2fbb0\"] { margin-bottom: 14px !important; }{{css_export_placeholder}} [data-css=\"tve-u-172efdd9efd\"] { margin-bottom: 30px !important; }"},"fonts":[],"dynamic":[]},"icons":[],"decoration":[],"comments":[],"tve_globals":{"js_sdk":[],"fb_comment_admins":""},"attr":{"class":""}}}}