{"4ea06fbc83cdd0a06020c35d50e1e89a":{"name":"770.png","folder":"symbols","h":23,"w":600,"custom_subdir":1},"9fd81843ad7f202f26c1a174c7357585":{"name":"297.png","folder":"symbols","h":112,"w":600,"custom_subdir":1},"f8eec0a08d2ab4be92d1c9d7622582f8":{"name":"middle_image_16-1.jpg"},"0855e58b89bfc592fe8f2fc726e8d85d":{"name":"WooCommerce-Course-03_02.jpg"},"99d2f9aef447e0aff4f9aa8c6288b4fb":{"name":"online_course_smart_image_18-1.jpg"},"3b8c6dc0b282e4aa77ac2a109dbc83c8":{"name":"5163.png","folder":"thrive-theme\/preview","h":300,"w":300,"custom_subdir":1}}