[{"ID":5163,"post_title":"Simple Shop 01","post_type":"thrive_template","meta_input":{"default":"0","layout":"20f07591c6fcb220ffe637cda29bb3f6","layout_data":{"content_width":"1080px","hide_sidebar":1},"structure":"[thrive_template_section type=\"top\" ][thrive_template_content]\n[thrive_main_container]\n[thrive_template_section type=\"sidebar\" ]\n[thrive_template_section type=\"content\" ]\n[\/thrive_main_container]\n[\/thrive_template_content][thrive_template_section type=\"bottom\" ]","sidebar-type":"","sticky-sidebar":"","off-screen-sidebar":"","tve_globals":{"js_sdk":[],"fb_comment_admins":""},"comments":{"labels":[],"icons":[]},"sections":{"top":{"id":0,"content":"<div class=\"thrv_wrapper thrv_text_element\" style=\"\" data-css=\"tve-u-1729e91f1b3\"><h1 class=\"\" data-css=\"tve-u-172b6e6cf2a\"><span data-attr-link=\"0\" data-attr-rel=\"0\" data-attr-target=\"0\" data-css=\"tve-u-1708b82a668\" data-extra_key=\"\" data-option-inline=\"1\" data-shortcode=\"tcb_post_title\" data-shortcode-name=\"Post title\"><span class=\"thrive-shortcode-content\" data-attr-id=\"1\" data-extra_key=\"1\" data-option-inline=\"1\" data-shortcode=\"thrive_global_fields\" data-shortcode-name=\"[Company] Name\">[thrive_global_fields id='1' inline='1']<\/span><\/span><\/h1><\/div><div class=\"thrv_wrapper thrv_text_element\" style=\"\" data-css=\"tve-u-172b6e734c4\"><p class=\"tcb-global-text-\" data-css=\"tve-u-1729ea4fbb2\" style=\"\">Shop<\/p><\/div>","decoration":[],"comments":[],"attr":{"class":""},"posts_per_page":"4","ordering":"date-asc","hide":0},"sidebar":{"id":0,"content":"\n<div class=\"thrv_wrapper tve_image_caption\" data-css=\"tve-u-172dbc67291\" style=\"\"><span class=\"tve_image_frame\" style=\"\"><img class=\"tve_image wp-image-2336\" alt=\"\" data-id=\"2336\" width=\"353\" data-init-width=\"638\" height=\"230\" data-init-height=\"416\" title=\"middle_image_16\" loading=\"lazy\" src=\"{{img=f8eec0a08d2ab4be92d1c9d7622582f8}}\" data-width=\"353\" data-height=\"230\" style=\"\" ml-d=\"-75\" data-css=\"tve-u-172dbf27d6c\" center-h-d=\"false\" ml-t=\"-2\"><\/span><\/div><div class=\"thrv_wrapper thrv_text_element\" data-css=\"tve-u-17300ac8dc8\" style=\"\"><p data-css=\"tve-u-172dbfdbc6b\" style=\"\">We Believe In -<\/p><\/div><div class=\"thrv_wrapper thrv_text_element\" data-css=\"tve-u-172dbfe8133\" style=\"\"><p data-css=\"tve-u-172dbfdcaa3\" style=\"\">Lorem ipsum dolor sit amet, consectetur adipiscing elit, sed do eiusmod tempor incididunt ut labore et dolore magna aliqua. Ut enim ad minim veniam, quis nostrud exercitation ullamco laboris nisi ut aliquip ex ea commodo consequat.<\/p><\/div><div class=\"thrv_wrapper thrv_contentbox_shortcode thrv-content-box tve-elem-default-pad\" data-css=\"tve-u-172dbaec183\" style=\"\">\n<div class=\"tve-content-box-background\" style=\"\" data-css=\"tve-u-172dbaca35e\"><\/div>\n<div class=\"tve-cb\"><div class=\"tcb-clear\" data-css=\"tve-u-172dbc577c7\"><div class=\"thrv_wrapper thrv_icon tcb-icon-display\" data-css=\"tve-u-172dbc577c3\" style=\"\"><svg class=\"tcb-icon\" viewBox=\"0 0 576 512\" data-id=\"icon-mistletoe-light\" data-name=\"\">\n<path d=\"M542.1 197.4c-29-29-104.4-41.3-143.9-45.8L304 57.4V8c0-4.4-3.6-8-8-8h-16c-4.4 0-8 3.6-8 8v49.4l-94.2 94.2c-39.5 4.6-114.9 16.9-143.9 45.8-40 40-45.4 99.4-12.1 132.7C36.5 344.8 56.3 352 77.2 352c26.6 0 55-11.5 77.4-33.9 14.9-14.9 25.3-42 32.6-70.2 5.6 4.9 12.7 8.1 20.8 8.1 17.7 0 32-14.3 32-32s-14.3-32-32-32c-3.6 0-6.9 1-10.2 2.1 1.1-7.3 1.9-13.9 2.6-19.9l71.6-71.6v170.5c-27.3 30.4-80 94.5-80 136.4 0 56.6 43 102.4 96 102.4s96-45.8 96-102.4c0-41.9-52.7-106-80-136.4V102.6l71.6 71.6c4.6 39.5 16.9 114.9 45.8 143.9 22.4 22.4 50.8 33.9 77.4 33.9 20.9 0 40.7-7.2 55.4-21.8 33.3-33.4 27.9-92.8-12.1-132.8zM132 295.5C116.4 311.1 96.4 320 77.2 320c-9.2 0-22.4-2.2-32.7-12.5C24 287.1 29.6 247 56.5 220c16.5-16.5 66.2-28.7 110.4-35-6.1 44.2-18.3 93.9-34.9 110.5zm220 114.1c0 38.8-28.7 70.4-64 70.4s-64-31.6-64-70.4c0-23.5 32.9-70.4 64-106.4 31.1 36 64 82.8 64 106.4zm179.5-102.1C521.2 317.8 508 320 498.8 320c-19.2 0-39.2-8.9-54.8-24.5-16.5-16.5-28.7-66.2-35-110.4 44.2 6.2 93.8 18.4 110.4 35 27 26.9 32.6 67 12.1 87.4zM384 64c17.7 0 32-14.3 32-32S401.7 0 384 0s-32 14.3-32 32 14.3 32 32 32z\"><\/path>\n<\/svg><\/div><\/div><div class=\"thrv_wrapper thrv_text_element\" data-css=\"tve-u-172dba0d1d6\" style=\"\"><p style=\"font-size: var(--tve-font-size, 13px);\" data-css=\"tve-u-172dbfef203\">High Quality Materials<\/p><\/div><\/div>\n<\/div><div class=\"thrv_wrapper thrv_contentbox_shortcode thrv-content-box tve-elem-default-pad\" data-css=\"tve-u-172dbafa3d4\" style=\"\">\n<div class=\"tve-content-box-background\" style=\"\" data-css=\"tve-u-172dbf7277b\"><\/div>\n<div class=\"tve-cb\"><div class=\"tcb-clear\" data-css=\"tve-u-172dbc58325\"><div class=\"thrv_wrapper thrv_icon tcb-icon-display\" data-css=\"tve-u-172dbc58322\" style=\"\"><svg class=\"tcb-icon\" viewBox=\"0 0 512 512\" data-id=\"icon-badge-check-light\" data-name=\"\">\n<path d=\"M345.34 182.46a7.98 7.98 0 0 0-5.66-2.34c-2.05 0-4.1.78-5.66 2.34L226.54 289.94l-48.57-48.57a7.98 7.98 0 0 0-5.66-2.34c-2.05 0-4.1.78-5.66 2.34l-11.31 11.31c-3.12 3.12-3.12 8.19 0 11.31l65.54 65.54c1.56 1.56 3.61 2.34 5.66 2.34s4.09-.78 5.65-2.34l124.45-124.45c3.12-3.12 3.12-8.19 0-11.31l-11.3-11.31zM512 256c0-35.5-19.4-68.2-49.6-85.5 9.1-33.6-.3-70.4-25.4-95.5s-61.9-34.5-95.5-25.4C324.2 19.4 291.5 0 256 0s-68.2 19.4-85.5 49.6c-33.6-9.1-70.4.3-95.5 25.4s-34.5 61.9-25.4 95.5C19.4 187.8 0 220.5 0 256s19.4 68.2 49.6 85.5c-9.1 33.6.3 70.4 25.4 95.5 26.5 26.5 63.4 34.1 95.5 25.4 17.4 30.2 50 49.6 85.5 49.6s68.1-19.4 85.5-49.6c32.7 8.9 69.4.7 95.5-25.4 25.1-25.1 34.5-61.9 25.4-95.5 30.2-17.3 49.6-50 49.6-85.5zm-91.1 68.3c5.3 11.8 29.5 54.1-6.5 90.1-28.9 28.9-57.5 21.3-90.1 6.5C319.7 433 307 480 256 480c-52.1 0-64.7-49.5-68.3-59.1-32.6 14.8-61.3 22.2-90.1-6.5-36.8-36.7-10.9-80.5-6.5-90.1C79 319.7 32 307 32 256c0-52.1 49.5-64.7 59.1-68.3-5.3-11.8-29.5-54.1 6.5-90.1 36.8-36.9 80.8-10.7 90.1-6.5C192.3 79 205 32 256 32c52.1 0 64.7 49.5 68.3 59.1 11.8-5.3 54.1-29.5 90.1 6.5 36.8 36.7 10.9 80.5 6.5 90.1C433 192.3 480 205 480 256c0 52.1-49.5 64.7-59.1 68.3z\"><\/path>\n<\/svg><\/div><\/div><div class=\"thrv_wrapper thrv_text_element\" data-css=\"tve-u-172dba0d1d6\" style=\"\"><p style=\"font-size: var(--tve-font-size, 13px);\" data-css=\"tve-u-172dbfefba8\">Certified Sources<\/p><\/div><\/div>\n<\/div><div class=\"thrv_wrapper thrv_contentbox_shortcode thrv-content-box tve-elem-default-pad\" data-css=\"tve-u-172dba6cff2\" style=\"\">\n<div class=\"tve-content-box-background\" style=\"\" data-css=\"tve-u-172dbf7020d\"><\/div>\n<div class=\"tve-cb\"><div class=\"tcb-clear\" data-css=\"tve-u-172dba3aef2\"><div class=\"thrv_wrapper thrv_icon tcb-icon-display\" data-css=\"tve-u-172dba3aeee\" style=\"\"><svg class=\"tcb-icon\" viewBox=\"0 0 576 512\" data-id=\"icon-hand-holding-seedling-light\" data-name=\"\">\n<path d=\"M248.9 192H272v56c0 4.4 3.6 8 8 8h16c4.4 0 8-3.6 8-8v-56h23.1C411.4 192 480 113 480 16V0h-55.1C364.9 0 313 40.1 288 98.1 263 40.1 211.1 0 151.1 0H96v16c0 97 68.6 176 152.9 176zm176-160h22.4c-6.7 71.9-58 128-120.1 128h-22.4c6.6-71.9 58-128 120.1-128zm-273.8 0c62.1 0 113.4 56.1 120.1 128h-22.4c-62.1 0-113.4-56.1-120.1-128h22.4zm407.2 301.6c-9.6-8.6-22.1-13.4-35.2-13.4-12.5 0-24.8 4.3-34.6 12.2l-61.6 49.3c-1.9 1.5-4.2 2.3-6.7 2.3h-41.6c4.6-9.6 6.5-20.7 4.8-32.3-4-27.9-29.6-47.7-57.8-47.7H181.3c-20.8 0-41 6.7-57.6 19.2L85.3 352H8c-4.4 0-8 3.6-8 8v16c0 4.4 3.6 8 8 8h88l46.9-35.2c11.1-8.3 24.6-12.8 38.4-12.8H328c13.3 0 24 10.7 24 24s-10.7 24-24 24h-88c-8.8 0-16 7.2-16 16s7.2 16 16 16h180.2c9.7 0 19.1-3.3 26.7-9.3l61.6-49.2c4.2-3.4 9.5-5.2 14.6-5.2 5 0 9.9 1.7 13.8 5.2 10.1 9.1 9.3 24.5-.9 32.6l-100.8 80.7c-7.6 6.1-17 9.3-26.7 9.3H8c-4.4 0-8 3.6-8 8v16c0 4.4 3.6 8 8 8h400.5c17 0 33.4-5.8 46.6-16.4L556 415c12.2-9.8 19.5-24.4 20-40s-6-30.8-17.7-41.4z\"><\/path>\n<\/svg><\/div><\/div><div class=\"thrv_wrapper thrv_text_element\" data-css=\"tve-u-172dba0d1d6\" style=\"\"><p style=\"font-size: var(--tve-font-size, 13px);\" data-css=\"tve-u-172dba6a799\">Eco- Friendly<\/p><\/div><\/div>\n<\/div><div class=\"thrv_wrapper thrv_text_element\" data-css=\"tve-u-172dbff6940\" style=\"\"><p data-css=\"tve-u-172dc081fc8\" style=\"\">Want more info?<\/p><p data-css=\"tve-u-172dc077b56\" style=\"\">Send us a message and get a detailed offer:<\/p><\/div><div class=\"thrv_wrapper thrv_lead_generation\" data-connection=\"api\" data-css=\"tve-u-172dc0acc2e\" style=\"\"><input type=\"hidden\" class=\"tve-lg-err-msg\" value=\"{&quot;email&quot;:&quot;Email address invalid&quot;,&quot;phone&quot;:&quot;Phone number invalid&quot;,&quot;password&quot;:&quot;Password invalid&quot;,&quot;passwordmismatch&quot;:&quot;Password mismatch error&quot;,&quot;required&quot;:&quot;Required field missing&quot;}\">\n<div class=\"thrv_lead_generation_container tve_clearfix\">\n<form action=\"#\" method=\"post\" novalidate=\"novalidate\">\n<div class=\"tve_lead_generated_inputs_container tve_clearfix\">\n<div class=\"tve_lg_input_container tve_lg_input tcb-plain-text\" data-css=\"tve-u-172dc03e2dd\" style=\"\" data-label=\"tve-lg-172dc0975cd\" data-tcb_hover_state_parent=\"\">\n<input class=\"tcb-plain-text\" type=\"text\" data-field=\"name\" name=\"name\" placeholder=\"Name\" data-placeholder=\"Name\" style=\"\">\n<\/div>\n<div class=\"tve_lg_input_container tve_lg_input tcb-plain-text\" data-css=\"tve-u-172dc03e2dd\" style=\"\" data-tcb_hover_state_parent=\"\">\n<input class=\"tcb-plain-text\" type=\"email\" data-field=\"email\" data-required=\"1\" data-validation=\"email\" name=\"email\" placeholder=\"Email\" data-placeholder=\"Email\" style=\"\">\n<\/div>\n<div class=\"tve_lg_input_container tve_lg_textarea tcb-plain-text\" data-css=\"tve-u-172dc03e2dd\" data-label=\"tve-lg-172dc03e352\" style=\"\" data-tcb_hover_state_parent=\"\">\n<textarea class=\"tcb-plain-text\" rows=\"3\" data-min=\"0\" maxlength=\"350\" data-required=\"0\" name=\"mapping_textarea_38\" placeholder=\"Textarea\" data-field=\"mapping_textarea\" data-validation=\"\" data-placeholder=\"Textarea\" data-mapping=\"YTowOnt9\" style=\"\"><\/textarea>\n<div class=\"thrv_wrapper thrv_text_element tve-lg-textarea-counter\"> <div class=\"tcb-plain-text\" style=\"\" data-css=\"tve-u-172dc049543\"><span class=\"tve-fill-text-dynamic\" style=\"\" data-css=\"tve-u-172dc04955d\">0 of 350<\/span><\/div> <\/div>\n<\/div><div class=\"tcb-clear\" data-css=\"tve-u-172dc0619e9\"><div class=\"thrv_wrapper tve-form-button tcb-local-vars-root\" data-tcb_hover_state_parent=\"\" data-button-style=\"btn-tpl-58359\" data-css=\"tve-u-172dc03af13\" style=\"\"><div class=\"thrive-colors-palette-config\" style=\"display: none !important\">__CONFIG_colors_palette__{\"active_palette\":0,\"config\":{\"colors\":{\"f8570\":{\"name\":\"Main Accent\",\"parent\":-1}},\"gradients\":[]},\"palettes\":[{\"name\":\"Default Palette\",\"value\":{\"colors\":{\"f8570\":{\"val\":\"var(--tcb-skin-color-0)\"}},\"gradients\":[]},\"original\":{\"colors\":{\"f8570\":{\"val\":\"rgb(19, 114, 211)\",\"hsl\":{\"h\":210,\"s\":0.83,\"l\":0.45}}},\"gradients\":[]}}]}__CONFIG_colors_palette__<\/div>\n<a href=\"#\" class=\"tcb-button-link tve-form-button-submit tcb-plain-text\" style=\"\">\n<span class=\"tcb-button-texts\" style=\"\"><span class=\"tcb-button-text thrv-inline-text\" style=\"\">Send Message<\/span><\/span>\n<\/a>\n<input type=\"submit\" style=\"display: none !important;\">\n<\/div><\/div>\n<\/div>\n<input id=\"_submit_option\" type=\"hidden\" name=\"_submit_option\" value=\"redirect\">\n<input id=\"_sendParams\" type=\"hidden\" name=\"_sendParams\" value=\"1\">\n<input id=\"_back_url\" type=\"hidden\" name=\"_back_url\" value=\"#\">\n<input type=\"hidden\" id=\"tve_mapping\" name=\"tve_mapping\" value=\"YToxOntzOjE5OiJtYXBwaW5nX3RleHRhcmVhXzM4IjthOjA6e319\"><input type=\"hidden\" id=\"tve_labels\" name=\"tve_labels\" value=\"YTozOntzOjQ6Im5hbWUiO3M6NDoiTmFtZSI7czo1OiJlbWFpbCI7czo1OiJFbWFpbCI7czoxOToibWFwcGluZ190ZXh0YXJlYV8zOCI7czo4OiJUZXh0YXJlYSI7fQ==\"><\/form>\n<\/div>\n<\/div><div class=\"thrv_wrapper thrv_text_element\" data-css=\"tve-u-172dc0b3b1e\" style=\"\"><p data-css=\"tve-u-172dc0b4589\" style=\"\">We're Social -<\/p><p data-css=\"tve-u-172dc077b56\" style=\"\">Follow Us Here<\/p><\/div><div class=\"tcb-clear\" data-css=\"tve-u-17300aec9c9\"><div class=\"thrv_wrapper thrv_social_custom thrive_author_links\" data-css=\"tve-u-172dc0bb92c\" style=\"\"><div class=\"tve_social_items tve_social_custom tve_links_style_3 tve_social_itb\" style=\"\">\n<div class=\"tve_s_item tve_s_fb_share\" data-network=\"fb\" data-s=\"fb_share\" data-href=\"\">\n<a href=\"[thrive_global_fields_url id=fb]\" class=\"tve-dynamic-link\" target=\"_blank\" data-dynamic-link=\"thrive_global_fields_url\" data-shortcode-id=\"fb\">\n<span class=\"tve_s_icon\">\n<svg class=\"tcb-icon\" viewBox=\"0 0 264 512\" data-id=\"icon-fb\" data-name=\"\">\n<path d=\"M76.7 512V283H0v-91h76.7v-71.7C76.7 42.4 124.3 0 193.8 0c33.3 0 61.9 2.5 70.2 3.6V85h-48.2c-37.8 0-45.1 18-45.1 44.3V192H256l-11.7 91h-73.6v229\"><\/path>\n<\/svg>\n<\/span>\n<\/a>\n<\/div>\n<div class=\"tve_s_item tve_s_yt_share\" data-network=\"yt\" data-s=\"yt_share\" data-href=\"\">\n<a href=\"[thrive_global_fields_url id=yt]\" class=\"tve-dynamic-link\" target=\"_blank\" data-dynamic-link=\"thrive_global_fields_url\" data-shortcode-id=\"yt\">\n<span class=\"tve_s_icon\">\n<svg class=\"tcb-icon\" viewBox=\"0 0 576 512\" data-id=\"icon-yt\" data-name=\"\">\n<path d=\"M549.655 124.083c-6.281-23.65-24.787-42.276-48.284-48.597C458.781 64 288 64 288 64S117.22 64 74.629 75.486c-23.497 6.322-42.003 24.947-48.284 48.597-11.412 42.867-11.412 132.305-11.412 132.305s0 89.438 11.412 132.305c6.281 23.65 24.787 41.5 48.284 47.821C117.22 448 288 448 288 448s170.78 0 213.371-11.486c23.497-6.321 42.003-24.171 48.284-47.821 11.412-42.867 11.412-132.305 11.412-132.305s0-89.438-11.412-132.305zm-317.51 213.508V175.185l142.739 81.205-142.739 81.201z\"><\/path>\n<\/svg>\n<\/span>\n<\/a>\n<\/div>\n<div class=\"tve_s_item tve_s_t_share\" data-network=\"t\" data-s=\"t_share\" data-href=\"\">\n<a href=\"[thrive_global_fields_url id=t]\" class=\"tve-dynamic-link\" target=\"_blank\" data-dynamic-link=\"thrive_global_fields_url\" data-shortcode-id=\"t\">\n<span class=\"tve_s_icon\">\n<svg class=\"tcb-icon\" viewBox=\"0 0 512 512\" data-id=\"icon-t\" data-name=\"\">\n<path d=\"M459.37 151.716c.325 4.548.325 9.097.325 13.645 0 138.72-105.583 298.558-298.558 298.558-59.452 0-114.68-17.219-161.137-47.106 8.447.974 16.568 1.299 25.34 1.299 49.055 0 94.213-16.568 130.274-44.832-46.132-.975-84.792-31.188-98.112-72.772 6.498.974 12.995 1.624 19.818 1.624 9.421 0 18.843-1.3 27.614-3.573-48.081-9.747-84.143-51.98-84.143-102.985v-1.299c13.969 7.797 30.214 12.67 47.431 13.319-28.264-18.843-46.781-51.005-46.781-87.391 0-19.492 5.197-37.36 14.294-52.954 51.655 63.675 129.3 105.258 216.365 109.807-1.624-7.797-2.599-15.918-2.599-24.04 0-57.828 46.782-104.934 104.934-104.934 30.213 0 57.502 12.67 76.67 33.137 23.715-4.548 46.456-13.32 66.599-25.34-7.798 24.366-24.366 44.833-46.132 57.827 21.117-2.273 41.584-8.122 60.426-16.243-14.292 20.791-32.161 39.308-52.628 54.253z\"><\/path>\n<\/svg>\n<\/span>\n<\/a>\n<\/div>\n<\/div>\n<\/div><\/div>\n","decoration":[],"comments":[],"attr":{"class":""},"posts_per_page":"4","ordering":"date-asc","hide":1},"content":{"id":0,"content":"[thrive_shop_template posts_per_page='4' columns='2' orderby='date' order='asc' align-items='center' hide-result-count='1' hide-catalog-ordering='1' hide-sale-flash='0' hide-title='0' hide-price='0' hide-rating='1' hide-cart='0' hide-pagination='0' ct='shop-0' ct-name='Original Shop']<div class=\"thrv_wrapper thrv-columns\" data-css=\"tve-u-172ccf1b28e\" style=\"\"><div class=\"tcb-flex-row v-2 tcb-resized tcb-medium-wrap tcb--cols--2\" data-css=\"tve-u-172ccf1ae70\" style=\"\"><div class=\"tcb-flex-col\" data-css=\"tve-u-172ccf264a9\" style=\"\"><div class=\"tcb-col\" style=\"\" data-css=\"tve-u-172cd03d1db\"><div class=\"thrv_wrapper thrv_text_element\" data-css=\"tve-u-172ccf343aa\" style=\"\"><p data-css=\"tve-u-172ccf16629\" style=\"\"><span style=\"background-color: var(--tcb-skin-color-8);\" data-css=\"tve-u-172ccf5bf04\">-10%&nbsp;<\/span>&nbsp; on first order. Subscribe now \u21e2<\/p><\/div><\/div><\/div><div class=\"tcb-flex-col\" data-css=\"tve-u-172ccf264ca\" style=\"\"><div class=\"tcb-col\" style=\"\"><div class=\"tcb-clear\" data-css=\"tve-u-1746e3d1423\"><div class=\"thrv_wrapper thrv_lead_generation tve-lead-generation-template tcb-local-vars-root tcb-file-style-applied\" data-connection=\"api\" id=\"lg-keu2y1b3\" data-templateconfig=\"{&quot;checkbox&quot;:{&quot;option&quot;:{&quot;data-value&quot;:&quot;style-2&quot;},&quot;data-columns&quot;:&quot;2&quot;},&quot;radio&quot;:{&quot;option&quot;:{&quot;data-value&quot;:&quot;style-1&quot;},&quot;data-columns&quot;:&quot;2&quot;},&quot;select&quot;:{&quot;_class&quot;:&quot;&quot;,&quot;data-show-placeholder&quot;:&quot;1&quot;,&quot;data-style&quot;:&quot;default&quot;,&quot;data-icon&quot;:&quot;style_1&quot;}}\" data-css=\"tve-u-1746e3a9521\" tcb-template-name=\"Opt-in Form 09\" tcb-template-id=\"61369\" data-keep-css_id=\"1\" style=\"\" data-element-name=\"Form\"><div class=\"thrive-colors-palette-config\" style=\"display: none !important\">__CONFIG_colors_palette__{\"active_palette\":0,\"config\":{\"colors\":{\"0f5c5\":{\"name\":\"Main Accent\",\"parent\":-1}},\"gradients\":[]},\"palettes\":[{\"name\":\"Default\",\"value\":{\"colors\":{\"0f5c5\":{\"val\":\"var(--tcb-skin-color-13)\",\"hsl\":{\"h\":210,\"s\":0.8,\"l\":0.01,\"a\":1}}},\"gradients\":[]},\"original\":{\"colors\":{\"0f5c5\":{\"val\":\"rgb(47, 138, 229)\",\"hsl\":{\"h\":210,\"s\":0.77,\"l\":0.54,\"a\":1}}},\"gradients\":[]}}]}__CONFIG_colors_palette__<\/div><input type=\"hidden\" class=\"tve-lg-err-msg\" value=\"{&quot;email&quot;:&quot;Email address invalid&quot;,&quot;phone&quot;:&quot;Phone number invalid&quot;,&quot;password&quot;:&quot;Password invalid&quot;,&quot;passwordmismatch&quot;:&quot;Password mismatch error&quot;,&quot;required&quot;:&quot;Required field missing&quot;}\">\n\t<div class=\"thrv_lead_generation_container tve_clearfix\">\n\t\t<form action=\"#\" method=\"post\" novalidate=\"novalidate\">\n\t\t\t<div class=\"tve_lead_generated_inputs_container tve_clearfix\">\n\t\t\t\t<div class=\"thrv_wrapper thrv-columns\" data-css=\"tve-u-1746e3a94a6\" style=\"\"><div class=\"tcb-flex-row v-2 tcb--cols--2 tcb-resized tcb-mobile-no-wrap m-edit\" data-css=\"tve-u-1746e3a94a7\" style=\"\"><div class=\"tcb-flex-col\" data-css=\"tve-u-1746e3a94a8\" style=\"\"><div class=\"tcb-col\" style=\"\"><div class=\"tve_lg_input_container tve_lg_input tve_lg_regular_input tcb-plain-text tcb-no-clone tcb-no-delete\" data-css=\"tve-u-1746e3a94a9\" style=\"\" data-tcb_hover_state_parent=\"\" data-label=\"tve-lg-173574a30c4\">\n\t\t\t\t\t<input class=\"tcb-plain-text\" type=\"email\" data-field=\"email\" data-required=\"1\" data-validation=\"email\" name=\"email\" placeholder=\"Type your email here...\" data-placeholder=\"Type your email here...\" style=\"border-radius: 0px; overflow: hidden;\">\n\t\t\t\t<\/div><\/div><\/div><div class=\"tcb-flex-col\" data-css=\"tve-u-1746e3a94aa\" style=\"\"><div class=\"tcb-col\" style=\"\"><div class=\"tcb-clear\" data-css=\"tve-u-1746e3a94ab\"><div class=\"thrv_wrapper tve-form-button tcb-local-vars-root tcb-flip tcb-with-icon tve-color-set\" data-tcb_hover_state_parent=\"\" data-button-style=\"btn-tpl-58334\" data-css=\"tve-u-1746e3a94ac\" style=\"\"><div class=\"thrive-colors-palette-config\" style=\"display: none !important\">__CONFIG_colors_palette__{\"active_palette\":0,\"config\":{\"colors\":{\"34f05\":{\"name\":\"Main Accent\",\"parent\":-1}},\"gradients\":[]},\"palettes\":[{\"name\":\"Default Palette\",\"value\":{\"colors\":{\"34f05\":{\"val\":\"var(--tcb-local-color-0f5c5)\"}},\"gradients\":[]},\"original\":{\"colors\":{\"34f05\":{\"val\":\"rgb(19, 114, 211)\",\"hsl\":{\"h\":210,\"s\":0.83,\"l\":0.45}}},\"gradients\":[]}}]}__CONFIG_colors_palette__<\/div>\n\t\t\t\t\t\n\t\t\t\t\t<a href=\"#\" class=\"tcb-button-link tve-form-button-submit tcb-plain-text\" style=\"\"><span class=\"tcb-button-icon\">\n\t<div class=\"thrv_wrapper thrv_icon tve_no_drag tve_no_icons tcb-icon-inherit-style tcb-local-vars-root tcb-icon-display\" data-css=\"tve-u-1746e3a94ad\" style=\"\"><svg class=\"tcb-icon\" viewBox=\"0 0 512 512\" data-id=\"icon-paper-plane-solid\" data-name=\"\"><path d=\"M476 3.2L12.5 270.6c-18.1 10.4-15.8 35.6 2.2 43.2L121 358.4l287.3-253.2c5.5-4.9 13.3 2.6 8.6 8.3L176 407v80.5c0 23.6 28.5 32.9 42.5 15.8L282 426l124.6 52.2c14.2 6 30.4-2.9 33-18.2l72-432C515 7.8 493.3-6.8 476 3.2z\"><\/path><\/svg><\/div>\n<\/span>\n\n\n\t\t\t\t\t\t<span class=\"tcb-button-texts\"><span class=\"tcb-button-text thrv-inline-text\"><br><\/span><\/span>\n\t\t\t\t\t<\/a>\n\t\t\t\t\t<input type=\"submit\" style=\"display: none !important;\">\n\t\t\t\t<\/div><\/div><\/div><\/div><\/div><\/div>\n\t\t\t\t\n\t\t\t\t\n\t\t\t<\/div>\n\t\t\t<input id=\"_submit_option\" type=\"hidden\" name=\"_submit_option\" value=\"redirect\">\n\t\t\t<input id=\"_sendParams\" type=\"hidden\" name=\"_sendParams\" value=\"1\">\n\t\t\t<input id=\"_back_url\" type=\"hidden\" name=\"_back_url\" value=\"#\">\n\t\t<input type=\"hidden\" id=\"tve_mapping\" name=\"tve_mapping\" value=\"YTowOnt9\"><input type=\"hidden\" id=\"tve_labels\" name=\"tve_labels\" value=\"YToxOntzOjU6ImVtYWlsIjtzOjIzOiJUeXBlIHlvdXIgZW1haWwgaGVyZS4uLiI7fQ==\"><\/form>\n\t<\/div>\n<\/div><\/div><\/div><\/div><\/div><\/div>","decoration":[],"comments":[],"attr":{"class":""},"posts_per_page":"4","ordering":"date-asc","hide":0},"bottom":{"id":0,"content":"<div class=\"thrv_wrapper thrv-columns\" data-css=\"tve-u-172ccb19be9\" style=\"\"><div class=\"tcb-flex-row v-2 tcb--cols--2\" data-css=\"tve-u-172ccb1a33c\" style=\"\"><div class=\"tcb-flex-col\" style=\"\"><div class=\"tcb-col\" data-css=\"tve-u-172ccb78756\" style=\"\"><div class=\"thrv_wrapper thrv_contentbox_shortcode thrv-content-box tve-elem-default-pad\" data-css=\"tve-u-172ccfc4337\" style=\"\">\n<div class=\"tve-content-box-background\" data-css=\"tve-u-172ccfc10e1\" style=\"\"><\/div>\n<div class=\"tve-cb\" style=\"\" data-css=\"tve-u-172ccfc631d\"><\/div>\n<\/div><\/div><\/div><div class=\"tcb-flex-col\" style=\"\"><div class=\"tcb-col\" style=\"\"><div class=\"thrv_wrapper thrv_text_element\" data-css=\"tve-u-172ccc4f7c6\" style=\"\"><p style=\"\" data-css=\"tve-u-172ccb9da4e\">Your Brand Values<\/p><\/div><div class=\"thrv_wrapper thrv_text_element\" data-css=\"tve-u-172ccc67187\" style=\"\"><p style=\"\" data-css=\"tve-u-172ccc6825d\">Here you want to write a short paragraph that quickly explains exactly <em>what<\/em> your brand &nbsp;is about and how it\u2019s the perfect solution to the problems youtr client might have.&nbsp;<\/p><\/div><div class=\"thrv_wrapper thrv-columns\" data-css=\"tve-u-172ccc2d045\" style=\"\"><div class=\"tcb-flex-row v-2 tcb--cols--2\" data-css=\"tve-u-172ccfe822d\" style=\"\"><div class=\"tcb-flex-col\"><div class=\"tcb-col\"><div class=\"thrv_wrapper thrv_contentbox_shortcode thrv-content-box tve-elem-default-pad\" data-css=\"tve-u-172ccfef7dd\" style=\"\">\n<div class=\"tve-content-box-background\"><\/div>\n<div class=\"tve-cb\"><div class=\"tcb-clear\" data-css=\"tve-u-172c7b45c68\"><div class=\"thrv_wrapper thrv_icon tcb-icon-display\" data-css=\"tve-u-172ccbe94c5\" style=\"\" data-float-d=\"1\"><svg class=\"tcb-icon\" viewBox=\"0 0 512 512\" data-id=\"icon-chess-queen-light\" data-name=\"\">\n<path d=\"M436 512H76c-6.627 0-12-5.373-12-12v-8c0-6.627 5.373-12 12-12h360c6.627 0 12 5.373 12 12v8c0 6.627-5.373 12-12 12zM255.579 32c-13.234 0-24 10.766-24 24s10.766 24 24 24 24-10.766 24-24-10.766-24-24-24m0-32c30.928 0 56 25.072 56 56s-25.072 56-56 56-56-25.072-56-56 25.072-56 56-56zm81.579 160h-8.319c-4.533 9.593-24.68 49.231-72.839 49.231-48.147 0-68.317-39.664-72.839-49.231h-8.315c-1.485 21.883-7.446 69.206-62.846 69.206-26.644 0-46.348-15.694-61.685-37.576l-6.854 3.617L133.507 416h244.986l90.046-220.753-6.777-3.577c-9.187 13.212-29.262 37.536-61.762 37.536-55.422 0-61.374-47.614-62.842-69.206m19.161-32c6.494 0 11.812 5.172 11.995 11.664 1.062 37.738 2.973 57.542 31.686 57.542 21.318 0 35.449-22.285 44.065-37.802 3.161-5.693 10.305-7.82 16.082-4.77l39.357 20.773a12 12 0 0 1 5.51 15.145L400 448H112L6.986 190.552a12 12 0 0 1 5.51-15.145l39.179-20.679c6.482-3.421 13.147-.165 15.899 4.453 10.608 17.8 23.735 38.025 44.425 38.025 28.753 0 30.635-19.898 31.688-57.539.181-6.493 5.5-11.667 11.995-11.667h41.005c5.175 0 9.754 3.328 11.388 8.238 8.89 26.709 26.073 40.992 47.925 40.992s39.034-14.283 47.925-40.992c1.634-4.911 6.213-8.238 11.388-8.238h41.006z\"><\/path>\n<\/svg><\/div><\/div><div class=\"thrv_wrapper thrv_text_element\" data-css=\"tve-u-172ccfd1e96\" style=\"\"><p class=\"tcb-global-text-\" data-css=\"tve-u-172ccfd92cb\" style=\"\">Premium quality<\/p><\/div><\/div>\n<\/div><\/div><\/div><div class=\"tcb-flex-col\"><div class=\"tcb-col\"><div class=\"thrv_wrapper thrv_contentbox_shortcode thrv-content-box tve-elem-default-pad\" data-css=\"tve-u-172ccff534f\" style=\"\">\n<div class=\"tve-content-box-background\"><\/div>\n<div class=\"tve-cb\"><div class=\"tcb-clear\" data-css=\"tve-u-172c7b45c68\"><div class=\"thrv_wrapper thrv_icon tcb-icon-display\" data-css=\"tve-u-172ccbe94c5\" style=\"\" data-float-d=\"1\"><svg class=\"tcb-icon\" viewBox=\"0 0 576 512\" data-id=\"icon-leaf-heart-light\" data-name=\"\">\n<path d=\"M426.2 205.2c-13.9-11.6-47.7-28.5-90.2 14.5-42.6-43-76.4-26.1-90.2-14.5-27.5 23-28.9 64.2-4.3 89.1l84.7 85.6c5.4 5.5 14.3 5.6 19.8 0l84.7-85.6c24.5-24.9 23-66.1-4.5-89.1zm-18.4 66.6L336 344.4l-71.8-72.6c-10.2-10.3-12.3-30 2.1-42 13.7-11.5 31.2-3.4 38.4 3.7l31.4 31.7 31.4-31.7c7.1-7.2 24.6-15.2 38.4-3.7 14.2 12 12.2 31.6 1.9 42zM546.2 9.7c-2.9-6.5-8.6-9.7-14.3-9.7-5.3 0-10.7 2.8-14 8.5C486.9 62.4 431.4 96 368 96h-80C182 96 96 182 96 288c0 20.7 3.4 40.6 9.4 59.2C29.3 412.2 2 487.5.9 490.7c-2.9 8.3 1.5 17.4 9.8 20.4 7.6 2.7 17.3-.8 20.4-9.8.2-.7 24.2-65.4 87.5-122.9 15.5 29 75.2 112.6 189.8 100.5C465.5 467.6 576 326.8 576 154.3c0-50.2-10.8-102.2-29.8-144.6zM305 447.1c-97 10.2-177-66.4-177-159.1 0-88.2 71.8-160 160-160h80c63.3 0 121-28.4 159.7-77.2 10.5 32.3 16.3 68.7 16.3 103.5 0 159.6-100.1 282.7-239 292.8z\"><\/path>\n<\/svg><\/div><\/div><div class=\"thrv_wrapper thrv_text_element\" data-css=\"tve-u-172ccfd2a5e\" style=\"\"><p class=\"tcb-global-text-\" style=\"\" data-css=\"tve-u-172ccfd88d1\">eco-friendly<\/p><\/div><\/div>\n<\/div><\/div><\/div><\/div><\/div><div class=\"thrv_wrapper thrv-columns\" data-css=\"tve-u-172ccc2dfc4\" style=\"\"><div class=\"tcb-flex-row v-2 tcb--cols--2\" data-css=\"tve-u-172ccfe9342\" style=\"\"><div class=\"tcb-flex-col\"><div class=\"tcb-col\"><div class=\"thrv_wrapper thrv_contentbox_shortcode thrv-content-box tve-elem-default-pad\" data-css=\"tve-u-172ccff1051\" style=\"\">\n<div class=\"tve-content-box-background\"><\/div>\n<div class=\"tve-cb\"><div class=\"tcb-clear\" data-css=\"tve-u-172c7b45c68\"><div class=\"thrv_wrapper thrv_icon tcb-icon-display\" data-css=\"tve-u-172ccbe94c5\" style=\"\" data-float-d=\"1\"><svg class=\"tcb-icon\" viewBox=\"0 0 512 512\" data-id=\"icon-feather-alt-light\" data-name=\"\">\n<path d=\"M71.46 287.61c-4.86 42.01-7.27 84.27-7.38 126.56l-.03 11.16-59.36 59.36A15.922 15.922 0 0 0 0 496c0 9.14 7.47 16 16 16 4.09 0 8.19-1.56 11.31-4.69l59.36-59.36 11.16-.03c42.29-.12 84.55-2.53 126.56-7.38C473.8 415.13 508.44 51.72 512 0 460.28 3.56 96.87 38.2 71.46 287.61zm31.83 3.24C122.75 99.86 374.98 48.66 476.23 35.77 470.56 80.23 457.47 153.8 428.4 224H310.62l36.69-36.69c6.25-6.25 6.25-16.38 0-22.62s-16.38-6.25-22.62 0L96.74 392.64c.75-34.17 2.68-68.26 6.55-101.79zM214.62 320l64-64h135.11c-11.37 22.73-24.86 44.31-40.38 64H214.62zm6.1 88.75c-33.16 3.83-67.2 5.76-101.36 6.51L182.62 352h161.44c-32.76 30.25-73.12 51.63-123.34 56.75z\"><\/path>\n<\/svg><\/div><\/div><div class=\"thrv_wrapper thrv_text_element\" data-css=\"tve-u-172ccfd34c8\" style=\"\"><p class=\"tcb-global-text-\" data-css=\"tve-u-172ccbe573a\" style=\"\">lightweight<\/p><\/div><\/div>\n<\/div><\/div><\/div><div class=\"tcb-flex-col\"><div class=\"tcb-col\"><div class=\"thrv_wrapper thrv_contentbox_shortcode thrv-content-box tve-elem-default-pad\" data-css=\"tve-u-172ccb12274\" style=\"\">\n<div class=\"tve-content-box-background\"><\/div>\n<div class=\"tve-cb\"><div class=\"tcb-clear\" data-css=\"tve-u-172c7b45c68\"><div class=\"thrv_wrapper thrv_icon tcb-icon-display\" data-css=\"tve-u-172ccbe94c5\" style=\"\" data-float-d=\"1\"><svg class=\"tcb-icon\" viewBox=\"0 0 512 512\" data-id=\"icon-coins-light\" data-name=\"\">\n<path d=\"M336 32c-48.6 0-92.6 9-124.5 23.4-.9.4-51.5 21-51.5 56.6v16.7C76.1 132.2 0 163.4 0 208v192c0 44.2 78.8 80 176 80s176-35.8 176-80v-16.4c89.7-3.7 160-37.9 160-79.6V112c0-37-62.1-80-176-80zm-16 368c0 13.9-50.5 48-144 48S32 413.9 32 400v-50.1c31.8 20.6 84.4 34.1 144 34.1s112.2-13.5 144-34.1V400zm0-96c0 13.9-50.5 48-144 48S32 317.9 32 304v-50.1c31.8 20.6 84.4 34.1 144 34.1s112.2-13.5 144-34.1V304zm-144-48c-81 0-146.7-21.5-146.7-48S95 160 176 160s146.7 21.5 146.7 48S257 256 176 256zm304 48c0 13.1-45 43.6-128 47.3v-64.1c52.8-2.2 99.1-14.6 128-33.3V304zm0-96c0 13.1-45.1 43.4-128 47.2V208c0-5.6-1.7-11-4.1-16.3 54.6-1.7 102.4-14.5 132.1-33.8V208zm-144-48c-7.3 0-14-.5-20.9-.9-36.9-21.7-85-28.2-115.6-30-6.3-5.3-10.1-11-10.1-17.1 0-26.5 65.7-48 146.7-48s146.7 21.5 146.7 48S417 160 336 160z\"><\/path>\n<\/svg><\/div><\/div><div class=\"thrv_wrapper thrv_text_element\" data-css=\"tve-u-172ccb1226f\" style=\"\"><p class=\"tcb-global-text-\" data-css=\"tve-u-172ccfd58bc\" style=\"\">great value for money<\/p><\/div><\/div>\n<\/div><\/div><\/div><\/div><\/div><\/div><\/div><\/div><\/div>","decoration":[],"comments":[],"attr":{"class":""},"posts_per_page":"4","ordering":"date-asc","hide":0},"header":{"id":"4ea06fbc83cdd0a06020c35d50e1e89a","hide":0},"footer":{"id":"9fd81843ad7f202f26c1a174c7357585","hide":0}},"icons":[],"style":{"css":{"(min-width: 300px)":".tve-theme-__template_id__ #wrapper { --header-background-width:100%; --footer-background-width:100%; --top-background-width:100%; --bottom-background-width:100%; background-color: transparent !important; }.tve-theme-__template_id__ .main-container { padding: 0px 20px 20px !important; margin-top: 0px !important; margin-bottom: 0px !important; }:not(#layout) .tve-theme-__template_id__ .main-container { --sidebar-size:30%; --separator-size:15px; }.tve-theme-__template_id__ #content { padding-top: 0px !important; margin-top: 0px !important; }.tve-theme-__template_id__ .content-section .section-content { padding: 40px !important; }:not(#tve) .tve-theme-__template_id__ .content-section .shop-template-wrapper .product a.button:hover { color: var(--tve-color, rgb(255, 255, 255))  !important; --tve-color:rgb(255, 255, 255)  !important; --tcb-applied-color:rgb(255, 255, 255)  !important; background-color: var(--tcb-skin-color-0)  !important; }:not(#layout) .tve-theme-__template_id__ #wrapper { --layout-content-width:1080px; --layout-background-width:1080px; }.tve-theme-__template_id__ .content-section .shop-template-wrapper .products { --tve-woo-image-size:90%; }.tve-theme-__template_id__ .content-section { margin-top: -60px !important; }.tve-theme-__template_id__ .content-section .section-background { box-shadow: rgba(0, 0, 0, 0.05) 0px 1px 22px 0px; background-color: rgb(255, 255, 255) !important; }:not(#tve) .tve-theme-__template_id__ .content-section [data-css=\"tve-u-172ccf16629\"] { letter-spacing: 3px; padding-bottom: 0px !important; margin-bottom: 0px !important; font-size: 9px !important; color: var(--tcb-skin-color-3)  !important; --tcb-applied-color:var$(--tcb-skin-color-3)  !important; text-transform: uppercase !important; font-weight: var(--g-bold-weight, bold)  !important; }.tve-theme-__template_id__ .content-section [data-css=\"tve-u-172ccf1ae70\"] { padding: 40px 0px 4px !important; }.tve-theme-__template_id__ .content-section [data-css=\"tve-u-172ccf1b28e\"] { border-top: 1px solid var(--tcb-skin-color-9); margin: 40px 0px 0px !important; background-color: transparent !important; }.tve-theme-__template_id__ .content-section [data-css=\"tve-u-172ccf1ae70\"] > .tcb-flex-col > .tcb-col { justify-content: center; }.tve-theme-__template_id__ .content-section [data-css=\"tve-u-172ccf264a9\"] { max-width: 50.1%; }.tve-theme-__template_id__ .content-section [data-css=\"tve-u-172ccf264ca\"] { max-width: 49.9%; }.tve-theme-__template_id__ .content-section [data-css=\"tve-u-172ccf343aa\"] { padding: 0px !important; }.tve-theme-__template_id__ .content-section [data-css=\"tve-u-172ccf5bf04\"] { background-color: var(--tcb-skin-color-8)  !important; }.tve-theme-__template_id__ .top-section .section-background { background-color: transparent !important; background-image: linear-gradient(var(--tcb-skin-color-19), var(--tcb-skin-color-19)), url(\"{{img=0855e58b89bfc592fe8f2fc726e8d85d}}\")  !important; background-size: auto, cover !important; background-position: 50% 50%, 50% 0% !important; background-attachment: scroll, scroll !important; background-repeat: no-repeat, no-repeat !important; }.tve-theme-__template_id__ .top-section .section-content { display: flex; --tve-color:var(--tcb-skin-color-3); justify-content: center; flex-direction: column; text-align: center; min-height: 340px !important; padding: 40px 20px !important; }.tve-theme-__template_id__ .top-section .section-content p, .tve-theme-__template_id__ .top-section .section-content li, .tve-theme-__template_id__ .top-section .section-content label, .tve-theme-__template_id__ .top-section .section-content .tcb-plain-text { color: var(--tve-color, var(--tcb-skin-color-3)); --tcb-applied-color:var$(--tcb-skin-color-3); }.tve-theme-__template_id__ .top-section [data-css=\"tve-u-1729e91f1b3\"] { padding: 0px !important; margin-bottom: 30px !important; }:not(#tve) .tve-theme-__template_id__ .top-section [data-css=\"tve-u-1729ea4fbb2\"] { letter-spacing: 6px; padding-bottom: 0px !important; margin-bottom: 0px !important; font-size: 13px !important; color: var(--tcb-skin-color-0)  !important; --tcb-applied-color:var$(--tcb-skin-color-0)  !important; font-weight: var(--g-bold-weight, bold)  !important; line-height: 1.3em !important; text-transform: uppercase !important; }:not(#tve) .tve-theme-__template_id__ .top-section [data-css=\"tve-u-172b6e6cf2a\"] { padding-bottom: 0px !important; margin-bottom: 0px !important; }.tve-theme-__template_id__ .top-section [data-css=\"tve-u-172b6e734c4\"] { padding: 0px !important; margin-bottom: 0px !important; }.tve-theme-__template_id__ .bottom-section .section-background { background-color: var(--tcb-skin-color-0)  !important; background-image: none !important; }.tve-theme-__template_id__ .bottom-section .section-content { justify-content: center; display: flex; flex-direction: column; --tve-color:rgb(255, 255, 255); min-height: 145px !important; padding: 40px 20px !important; }.tve-theme-__template_id__ .bottom-section [data-css=\"tve-u-172ccb1226f\"] { position: relative !important; padding-top: 6px !important; }.tve-theme-__template_id__ .bottom-section [data-css=\"tve-u-172ccb12274\"] { padding: 1px !important; margin-top: 0px !important; margin-bottom: 0px !important; }.tve-theme-__template_id__ .bottom-section [data-css=\"tve-u-172ccb19be9\"] { margin-top: 0px !important; margin-bottom: 0px !important; }.tve-theme-__template_id__ .bottom-section [data-css=\"tve-u-172ccb1a33c\"] { margin-left: -40px; padding: 0px !important; }.tve-theme-__template_id__ .bottom-section .section-content p, .tve-theme-__template_id__ .bottom-section .section-content li, .tve-theme-__template_id__ .bottom-section .section-content label, .tve-theme-__template_id__ .bottom-section .section-content .tcb-plain-text { color: var(--tve-color, rgb(255, 255, 255)); --tcb-applied-color:rgb(255, 255, 255); }.tve-theme-__template_id__ .bottom-section [data-css=\"tve-u-172ccb78756\"] { background-image: none !important; }.tve-theme-__template_id__ .bottom-section [data-css=\"tve-u-172ccb1a33c\"] > .tcb-flex-col > .tcb-col { justify-content: center; }:not(#tve) .tve-theme-__template_id__ .bottom-section [data-css=\"tve-u-172ccb9da4e\"] { letter-spacing: 10px; padding-bottom: 0px !important; margin-bottom: 0px !important; text-transform: uppercase !important; font-size: 15px !important; font-weight: var(--g-bold-weight, bold)  !important; }.tve-theme-__template_id__ .bottom-section [data-css=\"tve-u-172ccb1a33c\"] > .tcb-flex-col { padding-left: 40px; }:not(#tve) .tve-theme-__template_id__ .bottom-section [data-css=\"tve-u-172ccbe573a\"] { letter-spacing: 3px; padding-bottom: 0px !important; margin-bottom: 0px !important; text-transform: uppercase !important; font-size: 10px !important; }.tve-theme-__template_id__ .bottom-section [data-css=\"tve-u-172ccbe94c5\"] { font-size: 20px; width: 20px; height: 20px; border-radius: 0px; overflow: hidden; border: none; float: left; position: relative; z-index: 8 !important; padding: 2px !important; margin-top: 0px !important; margin-bottom: 0px !important; background-color: transparent !important; margin-right: 15px !important; }:not(#tve) .tve-theme-__template_id__ .bottom-section [data-css=\"tve-u-172ccbe94c5\"] > :first-child { color: rgb(255, 255, 255); }.tve-theme-__template_id__ .bottom-section [data-css=\"tve-u-172ccc2d045\"] { margin-top: 0px !important; margin-bottom: 0px !important; }.tve-theme-__template_id__ .bottom-section [data-css=\"tve-u-172ccc2dfc4\"] { margin-top: 0px !important; margin-bottom: 0px !important; }.tve-theme-__template_id__ .bottom-section [data-css=\"tve-u-172ccc4f7c6\"] { padding: 0px !important; margin-bottom: 20px !important; }.tve-theme-__template_id__ .bottom-section [data-css=\"tve-u-172ccc67187\"] { padding: 0px !important; margin-bottom: 40px !important; }:not(#tve) .tve-theme-__template_id__ .bottom-section [data-css=\"tve-u-172ccc6825d\"] { letter-spacing: 1px; padding-bottom: 0px !important; margin-bottom: 0px !important; font-size: 12px !important; color: rgba(255, 255, 255, 0.74) !important; --tcb-applied-color:rgba(255, 255, 255, 0.74)  !important; }.tve-theme-__template_id__ .bottom-section [data-css=\"tve-u-172ccfc10e1\"] { background-image: url(\"{{img=99d2f9aef447e0aff4f9aa8c6288b4fb}}\") !important; background-size: cover !important; background-position: 50% 80% !important; background-attachment: scroll !important; background-repeat: no-repeat !important; }.tve-theme-__template_id__ .bottom-section [data-css=\"tve-u-172ccfc4337\"] { margin-top: 0px !important; margin-bottom: 0px !important; }.tve-theme-__template_id__ .bottom-section [data-css=\"tve-u-172ccfc631d\"] { min-height: 393px !important; }.tve-theme-__template_id__ .bottom-section [data-css=\"tve-u-172ccfd1e96\"] { position: relative !important; padding-top: 6px !important; }.tve-theme-__template_id__ .bottom-section [data-css=\"tve-u-172ccfd2a5e\"] { position: relative !important; padding-top: 6px !important; }.tve-theme-__template_id__ .bottom-section [data-css=\"tve-u-172ccfd34c8\"] { position: relative !important; padding-top: 6px !important; }:not(#tve) .tve-theme-__template_id__ .bottom-section [data-css=\"tve-u-172ccfd58bc\"] { letter-spacing: 3px; padding-bottom: 0px !important; margin-bottom: 0px !important; text-transform: uppercase !important; font-size: 10px !important; }:not(#tve) .tve-theme-__template_id__ .bottom-section [data-css=\"tve-u-172ccfd88d1\"] { letter-spacing: 3px; padding-bottom: 0px !important; margin-bottom: 0px !important; text-transform: uppercase !important; font-size: 10px !important; }:not(#tve) .tve-theme-__template_id__ .bottom-section [data-css=\"tve-u-172ccfd92cb\"] { letter-spacing: 3px; padding-bottom: 0px !important; margin-bottom: 0px !important; text-transform: uppercase !important; font-size: 10px !important; }.tve-theme-__template_id__ .bottom-section [data-css=\"tve-u-172ccfef7dd\"] { padding: 1px !important; margin-top: 0px !important; margin-bottom: 0px !important; }.tve-theme-__template_id__ .bottom-section [data-css=\"tve-u-172ccff1051\"] { padding: 1px !important; margin-top: 0px !important; margin-bottom: 0px !important; }.tve-theme-__template_id__ .bottom-section [data-css=\"tve-u-172ccff534f\"] { padding: 1px !important; margin-top: 0px !important; margin-bottom: 0px !important; }.tve-theme-__template_id__ .sidebar-section .section-background { border: medium none; background-color: transparent !important; }.tve-theme-__template_id__ .sidebar-section .section-content { text-align: left; --tve-color:var(--tcb-skin-color-3); padding: 20px 10px !important; }.tve-theme-__template_id__ .sidebar-section { margin: 0px !important; }.tve-theme-__template_id__ .sidebar-section [data-css=\"tve-u-172dba0d1d6\"] { padding: 0px !important; }.tve-theme-__template_id__ .sidebar-section [data-css=\"tve-u-172dba3aeee\"] { font-size: 18px; width: 18px; height: 18px; border-radius: 0px; overflow: hidden; border: none; float: left; z-index: 3; position: relative; padding: 6px !important; margin: 0px auto 6px !important; background-color: transparent !important; }:not(#tve) .tve-theme-__template_id__ .sidebar-section [data-css=\"tve-u-172dba3aeee\"] > :first-child { color: var(--tcb-skin-color-0); }.tve-theme-__template_id__ .sidebar-section [data-css=\"tve-u-172dba3aef2\"]::after { clear: both; }:not(#tve) .tve-theme-__template_id__ .sidebar-section [data-css=\"tve-u-172dba6a799\"] { padding-bottom: 0px !important; margin-bottom: 0px !important; font-weight: var(--g-bold-weight, bold)  !important; }.tve-theme-__template_id__ .sidebar-section [data-css=\"tve-u-172dba6cff2\"] { padding: 10px 10px 10px 0px !important; margin: 0px 0px 60px !important; }.tve-theme-__template_id__ .sidebar-section [data-css=\"tve-u-172dbaca35e\"] { background-color: rgba(255, 255, 255, 0.7) !important; border: none !important; }.tve-theme-__template_id__ .sidebar-section [data-css=\"tve-u-172dbaec183\"] { padding: 10px 10px 10px 0px !important; margin: 0px 0px 8px !important; }.tve-theme-__template_id__ .sidebar-section [data-css=\"tve-u-172dbafa3d4\"] { padding: 10px 10px 10px 0px !important; margin: 0px !important; }.tve-theme-__template_id__ .sidebar-section [data-css=\"tve-u-172dbc577c3\"] { font-size: 18px; width: 18px; height: 18px; border-radius: 0px; overflow: hidden; border: none; float: left; z-index: 3; position: relative; padding: 6px !important; margin: 0px auto 6px !important; background-color: transparent !important; }:not(#tve) .tve-theme-__template_id__ .sidebar-section [data-css=\"tve-u-172dbc577c3\"] > :first-child { color: var(--tcb-skin-color-0); }.tve-theme-__template_id__ .sidebar-section [data-css=\"tve-u-172dbc577c7\"]::after { clear: both; }.tve-theme-__template_id__ .sidebar-section [data-css=\"tve-u-172dbc58322\"] { font-size: 18px; width: 18px; height: 18px; border-radius: 0px; overflow: hidden; border: none; float: left; z-index: 3; position: relative; padding: 6px !important; margin: 0px auto 6px !important; background-color: transparent !important; }:not(#tve) .tve-theme-__template_id__ .sidebar-section [data-css=\"tve-u-172dbc58322\"] > :first-child { color: var(--tcb-skin-color-0); }.tve-theme-__template_id__ .sidebar-section [data-css=\"tve-u-172dbc58325\"]::after { clear: both; }.tve-theme-__template_id__ .sidebar-section [data-css=\"tve-u-172dbc67291\"] { width: 500px; margin-top: 0px !important; margin-bottom: 20px !important; }.tve-theme-__template_id__ .sidebar-section [data-css=\"tve-u-172dbc67291\"] .tve_image_frame { height: 100%; }.tve-theme-__template_id__ .sidebar-section [data-css=\"tve-u-172dbf27d6c\"] { margin-left: -75px; width: 153% !important; max-width: none !important; }.tve-theme-__template_id__ .sidebar-section [data-css=\"tve-u-172dbf7020d\"] { background-color: rgba(255, 255, 255, 0.7) !important; border: none !important; }.tve-theme-__template_id__ .sidebar-section [data-css=\"tve-u-172dbf7277b\"] { background-color: rgba(255, 255, 255, 0.7) !important; border-top: 1px solid var(--tcb-skin-color-8)  !important; border-right: none !important; border-bottom: 1px solid var(--tcb-skin-color-8)  !important; border-left: none !important; border-image: initial !important; }.tve-theme-__template_id__ .sidebar-section .section-content p, .tve-theme-__template_id__ .sidebar-section .section-content li, .tve-theme-__template_id__ .sidebar-section .section-content label, .tve-theme-__template_id__ .sidebar-section .section-content .tcb-plain-text { color: var(--tve-color, var(--tcb-skin-color-3)); --tcb-applied-color:var$(--tcb-skin-color-3); }:not(#tve) .tve-theme-__template_id__ .sidebar-section [data-css=\"tve-u-172dbfdbc6b\"] { font-weight: var(--g-bold-weight, bold)  !important; padding-bottom: 0px !important; margin-bottom: 0px !important; }:not(#tve) .tve-theme-__template_id__ .sidebar-section [data-css=\"tve-u-172dbfdcaa3\"] { font-weight: var(--g-regular-weight, normal)  !important; padding-bottom: 0px !important; margin-bottom: 0px !important; font-size: 14px !important; }.tve-theme-__template_id__ .sidebar-section [data-css=\"tve-u-172dbfe8133\"] { margin-bottom: 20px !important; }:not(#tve) .tve-theme-__template_id__ .sidebar-section [data-css=\"tve-u-172dbfef203\"] { padding-bottom: 0px !important; margin-bottom: 0px !important; font-weight: var(--g-bold-weight, bold)  !important; }:not(#tve) .tve-theme-__template_id__ .sidebar-section [data-css=\"tve-u-172dbfefba8\"] { padding-bottom: 0px !important; margin-bottom: 0px !important; font-weight: var(--g-bold-weight, bold)  !important; }.tve-theme-__template_id__ .sidebar-section [data-css=\"tve-u-172dbff6940\"] { margin-bottom: 10px !important; }.tve-theme-__template_id__ .sidebar-section [data-css=\"tve-u-172dc03af13\"] .tcb-button-link { letter-spacing: var(--tve-letter-spacing, 1px); border: 1px solid var(--tcb-local-color-f8570); background-color: transparent !important; padding: 11px !important; }:not(#tve) .tve-theme-__template_id__ .sidebar-section [data-css=\"tve-u-172dc03af13\"] .tcb-button-link span { font-weight: var(--tve-font-weight, var(--g-regular-weight, normal)); color: var(--tve-color, var(--tcb-local-color-f8570)); --tcb-applied-color:var$(--tcb-local-color-f8570); }.tve-theme-__template_id__ .sidebar-section [data-css=\"tve-u-172dc03af13\"] { --tve-font-weight:var(--g-regular-weight, normal); --tve-letter-spacing:1px; --tve-color:var(--tcb-local-color-f8570); --tcb-local-color-ef6da:rgb(19, 114, 211); --tve-font-size:13px; float: left; z-index: 3; position: relative; --tcb-local-color-f8570:var(--tcb-skin-color-0)  !important; margin-top: 0px !important; margin-bottom: 0px !important; }:not(#tve) .tve-theme-__template_id__ .sidebar-section [data-css=\"tve-u-172dc03af13\"]:hover .tcb-button-link { border: 1px solid var(--tcb-local-color-f8570)  !important; background-color: transparent !important; background-image: linear-gradient(var(--tcb-local-color-f8570), var(--tcb-local-color-f8570))  !important; background-size: auto !important; background-position: 50% 50% !important; background-attachment: scroll !important; background-repeat: no-repeat !important; }.tve-theme-__template_id__ .sidebar-section [data-css=\"tve-u-172dc03af13\"] .tcb-button-link::after { background-color: transparent !important; background-image: linear-gradient(var(--tcb-local-color-f8570), var(--tcb-local-color-f8570))  !important; background-size: auto !important; background-position: 50% 50% !important; background-attachment: scroll !important; background-repeat: no-repeat !important; }:not(#tve) .tve-theme-__template_id__ .sidebar-section [data-css=\"tve-u-172dc03af13\"]:hover .tcb-button-link span { color: var(--tve-color, rgb(255, 255, 255))  !important; --tcb-applied-color:rgb(255, 255, 255)  !important; }:not(#tve) .tve-theme-__template_id__ .sidebar-section [data-css=\"tve-u-172dc03af13\"]:hover { --tve-color:rgb(255, 255, 255)  !important; }:not(#tve) .tve-theme-__template_id__ .sidebar-section [data-css=\"tve-u-172dc03e2dd\"] textarea, :not(#tve) .tve-theme-__template_id__ .sidebar-section [data-css=\"tve-u-172dc03e2dd\"] input { border: none; border-radius: 0px; overflow: hidden; background-color: rgb(248, 249, 250) !important; margin-top: 5px !important; margin-bottom: 5px !important; padding: 14px 8px !important; }:not(#tve) .tve-theme-__template_id__ .sidebar-section [data-css=\"tve-u-172dc03e2dd\"] input, :not(#tve) .tve-theme-__template_id__ .sidebar-section [data-css=\"tve-u-172dc03e2dd\"] select, :not(#tve) .tve-theme-__template_id__ .sidebar-section [data-css=\"tve-u-172dc03e2dd\"] textarea, :not(#tve) .tve-theme-__template_id__ .sidebar-section [data-css=\"tve-u-172dc03e2dd\"] ::placeholder { --tcb-applied-color:var$(--tcb-skin-color-5); font-size: var(--tve-font-size, 11px); letter-spacing: var(--tve-letter-spacing, 1px); color: var(--tve-color, var(--tcb-skin-color-5))  !important; }.tve-theme-__template_id__ .sidebar-section [data-css=\"tve-u-172dc03e2dd\"] { --tve-color:var(--tcb-skin-color-5); --tve-font-size:11px; --tve-letter-spacing:1px; }:not(#tve) .tve-theme-__template_id__ .sidebar-section [data-css=\"tve-u-172dc049543\"] { font-size: 10px !important; font-style: italic !important; color: var(--tcb-skin-color-13)  !important; --tcb-applied-color:var$(--tcb-skin-color-13)  !important; }.tve-theme-__template_id__ .sidebar-section [data-css=\"tve-u-172dc04955d\"] { --tcb-applied-color:var$(--tcb-skin-color-13)  !important; }:not(#tve) .tve-theme-__template_id__ .sidebar-section [data-css=\"tve-u-172dc03af13\"] .tcb-button-link { font-size: var(--tve-font-size, 13px)  !important; }.tve-theme-__template_id__ .sidebar-section [data-css=\"tve-u-172dc0619e9\"]::after { clear: both; }:not(#tve) .tve-theme-__template_id__ .sidebar-section [data-css=\"tve-u-172dc077b56\"] { letter-spacing: 1px; font-weight: var(--g-regular-weight, normal)  !important; padding-bottom: 0px !important; margin-bottom: 0px !important; font-size: 13px !important; color: var(--tcb-skin-color-5)  !important; --tcb-applied-color:var$(--tcb-skin-color-5)  !important; }:not(#tve) .tve-theme-__template_id__ .sidebar-section [data-css=\"tve-u-172dc081fc8\"] { font-weight: var(--g-bold-weight, bold)  !important; padding-bottom: 16px !important; margin-bottom: 0px !important; }:not(#tve) .tve-theme-__template_id__ .sidebar-section :not(#tve) [data-css=\"tve-u-172dc03e2dd\"]:hover input, :not(#tve) .tve-theme-__template_id__ .sidebar-section :not(#tve) [data-css=\"tve-u-172dc03e2dd\"]:hover select, :not(#tve) .tve-theme-__template_id__ .sidebar-section :not(#tve) [data-css=\"tve-u-172dc03e2dd\"]:hover textarea, :not(#tve) .tve-theme-__template_id__ .sidebar-section :not(#tve) [data-css=\"tve-u-172dc03e2dd\"]:hover ::placeholder { color: var(--tve-color, var(--tcb-skin-color-3))  !important; --tcb-applied-color:var$(--tcb-skin-color-3)  !important; }:not(#tve) .tve-theme-__template_id__ .sidebar-section [data-css=\"tve-u-172dc03e2dd\"]:hover { --tve-color:var(--tcb-skin-color-3)  !important; }:not(#tve) .tve-theme-__template_id__ .sidebar-section :not(#tve) [data-css=\"tve-u-172dc03e2dd\"]:hover input, :not(#tve) .tve-theme-__template_id__ .sidebar-section :not(#tve) [data-css=\"tve-u-172dc03e2dd\"]:hover select, :not(#tve) .tve-theme-__template_id__ .sidebar-section :not(#tve) [data-css=\"tve-u-172dc03e2dd\"]:hover textarea { background-color: rgb(249, 249, 249) !important; }:not(#tve) .tve-theme-__template_id__ .sidebar-section [data-css=\"tve-u-172dc03e2dd\"] input, :not(#tve) .tve-theme-__template_id__ .sidebar-section [data-css=\"tve-u-172dc03e2dd\"] select, :not(#tve) .tve-theme-__template_id__ .sidebar-section [data-css=\"tve-u-172dc03e2dd\"] textarea { background-color: rgb(248, 248, 248) !important; }.tve-theme-__template_id__ .sidebar-section [data-css=\"tve-u-172dc0acc2e\"] { margin-bottom: 60px !important; }.tve-theme-__template_id__ .sidebar-section [data-css=\"tve-u-172dc0b3b1e\"] { margin-bottom: 0px !important; }:not(#tve) .tve-theme-__template_id__ .sidebar-section [data-css=\"tve-u-172dc0b4589\"] { font-weight: var(--g-bold-weight, bold)  !important; padding-bottom: 0px !important; margin-bottom: 0px !important; }.tve-theme-__template_id__ .sidebar-section [data-css=\"tve-u-172dc0bb92c\"] .tve_social_items { font-size: 8px !important; }.tve-theme-__template_id__ .sidebar-section [data-css=\"tve-u-17300ac8dc8\"] { margin-bottom: 10px !important; }.tve-theme-__template_id__ .sidebar-section [data-css=\"tve-u-172dc0bb92c\"] { margin-bottom: 0px !important; }.tve-theme-__template_id__ .content-section [data-css=\"tve-u-1746e3a94a6\"] { margin-top: 0px !important; margin-bottom: 0px !important; }.tve-theme-__template_id__ .content-section [data-css=\"tve-u-1746e3a94a7\"] > .tcb-flex-col > .tcb-col { justify-content: center; }.tve-theme-__template_id__ .content-section [data-css=\"tve-u-1746e3a94a8\"] { max-width: 84.8%; }.tve-theme-__template_id__ .content-section [data-css=\"tve-u-1746e3a94aa\"] { max-width: 15.2%; }.tve-theme-__template_id__ .content-section [data-css=\"tve-u-1746e3a94a7\"] > .tcb-flex-col { padding-left: 0px; }.tve-theme-__template_id__ .content-section [data-css=\"tve-u-1746e3a94a7\"] { margin-left: 0px; }.tve-theme-__template_id__ .content-section [data-css=\"tve-u-1746e3a94ab\"]::after { clear: both; }:not(#tve) .tve-theme-__template_id__ .content-section [data-css=\"tve-u-1746e3a94ac\"] .tcb-button-link span { font-weight: var(--tve-font-weight, var(--g-bold-weight, bold)); color: var(--tve-color, rgb(255, 255, 255)); --tcb-applied-color:rgb(255, 255, 255); }.tve-theme-__template_id__ .content-section [data-css=\"tve-u-1746e3a94ac\"] { --tve-font-weight:var(--g-bold-weight, bold); --tve-letter-spacing:2px; --tcb-local-color-2818e:rgb(19, 114, 211); --tve-color:rgb(255, 255, 255); --tcb-local-color-34f05:rgb(47, 138, 229); }.tve-theme-__template_id__ .content-section [data-css=\"tve-u-1746e3a94ac\"] .tcb-button-link { letter-spacing: var(--tve-letter-spacing, 2px); padding: 18px !important; background-color: var(--tcb-local-color-34f05)  !important; background-image: none !important; }:not(#tve) .tve-theme-__template_id__ .content-section [data-css=\"tve-u-1746e3a94ac\"]:hover .tcb-button-link { background-image: linear-gradient(rgba(255, 255, 255, 0.08), rgba(255, 255, 255, 0.08)) !important; background-size: auto !important; background-position: 50% 50% !important; background-attachment: scroll !important; background-repeat: no-repeat !important; background-color: var(--tcb-local-color-34f05)  !important; }.tve-theme-__template_id__ .content-section [data-css=\"tve-u-1746e3a94ad\"] { --tcb-local-color-icon:rgb(255, 255, 255); --tcb-local-color-var:rgb(255, 255, 255); --tve-icon-size:12px; font-size: 12px; width: 12px; height: 12px; }.tve-theme-__template_id__ .content-section [data-css=\"tve-u-1746e3a9521\"] { --tcb-local-color-bcd13:var(--tcb-local-color-0f5c5); float: right; --form-color:--tcb-skin-color-13; --tcb-local-color-0f5c5:var(--tcb-skin-color-13); margin-left: auto !important; margin-right: auto !important; max-width: 344px !important; z-index: 3; position: relative; }.tve-theme-__template_id__ .content-section #lg-keu2y1b3 .tve-form-button.tve-color-set { --tcb-local-color-3e1f8:rgb(26, 109, 188); --tcb-local-color-34f05:var(--tcb-local-color-0f5c5); }.tve-theme-__template_id__ .content-section #lg-keu2y1b3 .tve-form-button { --tve-font-size:11px; display: block; margin-top: 0px !important; margin-bottom: 0px !important; --tcb-local-color-17ee7:rgb(47, 138, 229)  !important; --tve-line-height:1.2em; min-width: 100% !important; }.tve-theme-__template_id__ .content-section #lg-keu2y1b3 .tve-form-button .tcb-button-link { padding: 16px 16px 16px 0px !important; background-color: var(--tcb-local-color-0f5c5)  !important; --tve-applied-background-color:var$(--tcb-local-color-0f5c5)  !important; }.tve-theme-__template_id__ .content-section #lg-keu2y1b3 .tve_lg_regular_input:not(.tcb-excluded-from-group-item) input, .tve-theme-__template_id__ .content-section #lg-keu2y1b3 .tve_lg_regular_input:not(.tcb-excluded-from-group-item) textarea { padding: 18px 8px !important; }:not(#tve) .tve-theme-__template_id__ .content-section #lg-keu2y1b3 .tve_lg_regular_input:not(.tcb-excluded-from-group-item) input, :not(#tve) .tve-theme-__template_id__ .content-section #lg-keu2y1b3 .tve_lg_regular_input:not(.tcb-excluded-from-group-item) textarea, :not(#tve) .tve-theme-__template_id__ .content-section #lg-keu2y1b3 .tve_lg_regular_input:not(.tcb-excluded-from-group-item) ::placeholder { font-weight: var(--tve-font-weight, var(--g-regular-weight, normal)); font-family: var(--tve-font-family, Arial,Helvetica,sans-serif); font-size: var(--tve-font-size, 13px); line-height: var(--tve-line-height, 1.2em); --tcb-applied-color:rgba(0, 0, 0, 0.5); letter-spacing: var(--tve-letter-spacing, 1px); color: var(--tve-color, rgba(0, 0, 0, 0.5))  !important; --tve-applied-color:var$(--tve-color, rgba(0, 0, 0, 0.5))  !important; }.tve-theme-__template_id__ .content-section #lg-keu2y1b3 .tve_lg_regular_input:not(.tcb-excluded-from-group-item) { --tve-font-weight:var(--g-regular-weight, normal); --tve-font-family:Arial,Helvetica,sans-serif; --tve-font-size:13px; --tve-line-height:1.2em; --tve-color:rgba(0, 0, 0, 0.5); --tve-applied---tve-color:rgba(0, 0, 0, 0.5); --tve-letter-spacing:1px; }:not(#tve) .tve-theme-__template_id__ .content-section #lg-keu2y1b3 .tve-form-button .tcb-button-link { font-size: var(--tve-font-size, 11px) !important; line-height: var(--tve-line-height, 1.2em); }:not(#tve) .tve-theme-__template_id__ .content-section #lg-keu2y1b3 .tve_lg_regular_input:not(.tcb-excluded-from-group-item) input, :not(#tve) .tve-theme-__template_id__ .content-section #lg-keu2y1b3 .tve_lg_regular_input:not(.tcb-excluded-from-group-item) textarea { border: 1px solid var(--tcb-local-color-0f5c5); --tve-applied-border:1px solid var$(--tcb-local-color-0f5c5); background-color: transparent !important; --tve-applied-background-color:transparent  !important; background-image: none !important; --tve-applied-background-image:none  !important; padding: 14px !important; }:not(#tve) .tve-theme-__template_id__ .content-section #lg-keu2y1b3 .tve_lg_regular_input:not(.tcb-excluded-from-group-item):hover input, :not(#tve) .tve-theme-__template_id__ .content-section #lg-keu2y1b3 .tve_lg_regular_input:not(.tcb-excluded-from-group-item):hover textarea, :not(#tve) .tve-theme-__template_id__ .content-section #lg-keu2y1b3 .tve_lg_regular_input:not(.tcb-excluded-from-group-item):hover ::placeholder { color: var(--tve-color, var(--tcb-local-color-0f5c5))  !important; --tve-applied-color:var$(--tve-color, var$(--tcb-local-color-0f5c5))  !important; --tcb-applied-color:var$(--tcb-local-color-0f5c5)  !important; }:not(#tve) .tve-theme-__template_id__ .content-section #lg-keu2y1b3 .tve_lg_regular_input:not(.tcb-excluded-from-group-item):hover { --tve-color:var(--tcb-local-color-0f5c5)  !important; --tve-applied---tve-color:var$(--tcb-local-color-0f5c5)  !important; }:not(#tve) .tve-theme-__template_id__ .content-section #lg-keu2y1b3 .tve-form-button:hover .tcb-button-link { background-color: var(--tcb-local-color-0f5c5)  !important; --tve-applied-background-color:var$(--tcb-local-color-0f5c5)  !important; }.tve-theme-__template_id__ .content-section [data-css=\"tve-u-1746e3d1423\"]::after { clear: both; }","(max-width: 1023px)":":not(#layout) .tve-theme-__template_id__ .main-container { --sidebar-size:32.23%; --separator-size:15px; }.tve-theme-__template_id__ .content-section .section-content { padding: 20px !important; }.tve-theme-__template_id__ .content-section { margin-top: -40px !important; }.tve-theme-__template_id__ .content-section [data-css=\"tve-u-172ccf264a9\"] { max-width: 48.3%; }.tve-theme-__template_id__ .content-section [data-css=\"tve-u-172ccf264ca\"] { max-width: 51.7%; }.tve-theme-__template_id__ .content-section [data-css=\"tve-u-172ccf1ae70\"] { padding-top: 20px !important; flex-wrap: wrap !important; }.tve-theme-__template_id__ .content-section [data-css=\"tve-u-172ccf1b28e\"] { margin-top: 20px !important; }.tve-theme-__template_id__ .top-section .section-content { min-height: 220px !important; padding: 40px !important; }.tve-theme-__template_id__ .top-section [data-css=\"tve-u-172b6e734c4\"] { margin-bottom: 15px !important; }.tve-theme-__template_id__ .top-section [data-css=\"tve-u-1729e91f1b3\"] { margin-bottom: 20px !important; }.tve-theme-__template_id__ .main-container { padding-left: 20px !important; padding-right: 20px !important; }.tve-theme-__template_id__ .content-section [data-css=\"tve-u-172ccf1ae70\"] > .tcb-flex-col { flex-basis: 250px !important; }.tve-theme-__template_id__ .content-section [data-css=\"tve-u-172ccf343aa\"] { margin-bottom: 0px !important; }.tve-theme-__template_id__ .bottom-section [data-css=\"tve-u-172ccb12274\"] { min-width: 163px; }.tve-theme-__template_id__ .bottom-section [data-css=\"tve-u-172ccbe94c5\"] { margin-right: 10px !important; }.tve-theme-__template_id__ .bottom-section [data-css=\"tve-u-172ccfc631d\"] { min-height: 270px !important; }:not(#tve) .tve-theme-__template_id__ .bottom-section [data-css=\"tve-u-172ccb9da4e\"] { font-size: 11px !important; }.tve-theme-__template_id__ .bottom-section [data-css=\"tve-u-172ccc67187\"] { margin-bottom: 20px !important; }.tve-theme-__template_id__ .bottom-section [data-css=\"tve-u-172ccfd1e96\"] { padding-top: 1px !important; }.tve-theme-__template_id__ .bottom-section [data-css=\"tve-u-172ccfd2a5e\"] { padding-top: 1px !important; }.tve-theme-__template_id__ .bottom-section [data-css=\"tve-u-172ccfd34c8\"] { padding-top: 1px !important; }.tve-theme-__template_id__ .bottom-section [data-css=\"tve-u-172ccb1226f\"] { padding-top: 1px !important; }:not(#tve) .tve-theme-__template_id__ .bottom-section [data-css=\"tve-u-172ccfd58bc\"] { font-size: 9px !important; }:not(#tve) .tve-theme-__template_id__ .bottom-section [data-css=\"tve-u-172ccfd88d1\"] { font-size: 9px !important; }:not(#tve) .tve-theme-__template_id__ .bottom-section [data-css=\"tve-u-172ccfd92cb\"] { font-size: 9px !important; }:not(#tve) .tve-theme-__template_id__ .bottom-section [data-css=\"tve-u-172ccbe573a\"] { font-size: 9px !important; }.tve-theme-__template_id__ .bottom-section .section-content { min-height: 1px !important; padding: 40px !important; }.tve-theme-__template_id__ .bottom-section [data-css=\"tve-u-172ccfef7dd\"] { min-width: 163px; }.tve-theme-__template_id__ .bottom-section [data-css=\"tve-u-172ccff1051\"] { min-width: 163px; }.tve-theme-__template_id__ .bottom-section [data-css=\"tve-u-172ccff534f\"] { min-width: 163px; }.tve-theme-__template_id__ .sidebar-section .section-content { padding: 20px 10px !important; }.tve-theme-__template_id__ .sidebar-section { margin: 0px !important; }.tve-theme-__template_id__ .sidebar-section [data-css=\"tve-u-172dbc67291\"] { width: 320px; float: none; margin-left: auto !important; margin-right: auto !important; }.tve-theme-__template_id__ .sidebar-section [data-css=\"tve-u-172dbf27d6c\"] { margin-left: -2px; }.tve-theme-__template_id__ .sidebar-section [data-css=\"tve-u-17300ac8dc8\"] { float: none; max-width: 320px; margin-left: auto !important; margin-right: auto !important; }.tve-theme-__template_id__ .sidebar-section [data-css=\"tve-u-172dbfe8133\"] { float: none; max-width: 320px; margin-left: auto !important; margin-right: auto !important; }.tve-theme-__template_id__ .sidebar-section [data-css=\"tve-u-172dbaec183\"] { float: none; max-width: 320px; margin-left: auto !important; margin-right: auto !important; }.tve-theme-__template_id__ .sidebar-section [data-css=\"tve-u-172dbafa3d4\"] { float: none; max-width: 320px; margin-left: auto !important; margin-right: auto !important; }.tve-theme-__template_id__ .sidebar-section [data-css=\"tve-u-172dba6cff2\"] { float: none; max-width: 320px; margin-left: auto !important; margin-right: auto !important; }.tve-theme-__template_id__ .sidebar-section [data-css=\"tve-u-172dbff6940\"] { float: none; margin-left: auto !important; margin-right: auto !important; padding-top: 12px !important; border-top: 1px solid rgba(0, 0, 0, 0.08) !important; }.tve-theme-__template_id__ .sidebar-section [data-css=\"tve-u-172dc0b3b1e\"] { float: none; margin-left: auto !important; margin-right: auto !important; }.tve-theme-__template_id__ .sidebar-section [data-css=\"tve-u-172dc0bb92c\"] { float: left; z-index: 3; position: relative; margin-left: auto !important; margin-right: auto !important; }.tve-theme-__template_id__ .sidebar-section [data-css=\"tve-u-172dc0acc2e\"] { float: none; margin-left: auto !important; margin-right: auto !important; }.tve-theme-__template_id__ .sidebar-section [data-css=\"tve-u-17300aec9c9\"]::after { clear: both; }.tve-theme-__template_id__ .content-section [data-css=\"tve-u-1746e3a9521\"] { max-width: 100% !important; }","(max-width: 767px)":".tve-theme-__template_id__ .content-section { margin-top: -40px !important; }.tve-theme-__template_id__ .content-section .shop-template-wrapper .products { --tve-woo-image-size:100%; }.tve-theme-__template_id__ .content-section [data-css=\"tve-u-172ccf343aa\"] { margin-bottom: 20px !important; }.tve-theme-__template_id__ .content-section [data-css=\"tve-u-172cd03d1db\"] { text-align: center; --tve-letter-spacing:1px; }.tve-theme-__template_id__ .content-section [data-css=\"tve-u-172cd03d1db\"] p, .tve-theme-__template_id__ .content-section [data-css=\"tve-u-172cd03d1db\"] li, .tve-theme-__template_id__ .content-section [data-css=\"tve-u-172cd03d1db\"] blockquote, .tve-theme-__template_id__ .content-section [data-css=\"tve-u-172cd03d1db\"] address, .tve-theme-__template_id__ .content-section [data-css=\"tve-u-172cd03d1db\"] .tcb-plain-text, .tve-theme-__template_id__ .content-section [data-css=\"tve-u-172cd03d1db\"] label { letter-spacing: var(--tve-letter-spacing, 1px); }.tve-theme-__template_id__ .top-section .section-content { padding: 20px !important; min-height: 160px !important; }.tve-theme-__template_id__ .top-section [data-css=\"tve-u-1729e91f1b3\"] { margin-bottom: 10px !important; margin-top: 0px !important; }.tve-theme-__template_id__ .top-section [data-css=\"tve-u-172b6e734c4\"] { margin-bottom: 10px !important; margin-top: 0px !important; }:not(#tve) .tve-theme-__template_id__ .top-section [data-css=\"tve-u-1729ea4fbb2\"] { letter-spacing: 3px; font-size: 11px !important; }.tve-theme-__template_id__ .main-container { padding-left: 10px !important; padding-right: 10px !important; }.tve-theme-__template_id__ .content-section .section-content { padding: 10px !important; }.tve-theme-__template_id__ .bottom-section [data-css=\"tve-u-172ccb12274\"] { min-width: 100%; margin-bottom: 0px !important; }.tve-theme-__template_id__ .bottom-section [data-css=\"tve-u-172ccbe94c5\"] { z-index: 3; position: relative; font-size: 16px; width: 16px; height: 16px; padding: 2px !important; margin-left: auto !important; margin-right: 8px !important; margin-bottom: 0px !important; }.tve-theme-__template_id__ .bottom-section [data-css=\"tve-u-172ccfc4337\"] { margin-bottom: 30px !important; }.tve-theme-__template_id__ .bottom-section [data-css=\"tve-u-172ccfe822d\"] { padding-bottom: 0px !important; padding-top: 0px !important; }.tve-theme-__template_id__ .bottom-section [data-css=\"tve-u-172ccfe9342\"] { padding-top: 0px !important; padding-bottom: 0px !important; }.tve-theme-__template_id__ .bottom-section [data-css=\"tve-u-172ccfef7dd\"] { min-width: 100%; margin-bottom: 15px !important; }.tve-theme-__template_id__ .bottom-section [data-css=\"tve-u-172ccff1051\"] { min-width: 100%; margin-bottom: 15px !important; }.tve-theme-__template_id__ .bottom-section [data-css=\"tve-u-172ccff534f\"] { min-width: 100%; margin-bottom: 15px !important; }.tve-theme-__template_id__ .bottom-section [data-css=\"tve-u-172ccfc631d\"] { min-height: 233px !important; }.tve-theme-__template_id__ .bottom-section .section-content { padding: 30px 20px !important; }.tve-theme-__template_id__ .sidebar-section .section-content { padding: 20px 10px 10px !important; }.tve-theme-__template_id__ .sidebar-section { margin-left: 0px !important; margin-right: 0px !important; margin-bottom: 0px !important; }.tve-theme-__template_id__ .sidebar-section [data-css=\"tve-u-172dba3aeee\"] { float: left; z-index: 3; position: relative; font-size: 18px; width: 18px; height: 18px; padding: 18px !important; }.tve-theme-__template_id__ .sidebar-section [data-css=\"tve-u-172dbc577c3\"] { float: left; z-index: 3; position: relative; font-size: 18px; width: 18px; height: 18px; padding: 18px !important; }.tve-theme-__template_id__ .sidebar-section [data-css=\"tve-u-172dbc58322\"] { float: left; z-index: 3; position: relative; font-size: 18px; width: 18px; height: 18px; padding: 18px !important; }.tve-theme-__template_id__ .sidebar-section [data-css=\"tve-u-172dbc577c7\"]::after { clear: both; }.tve-theme-__template_id__ .sidebar-section [data-css=\"tve-u-172dbc58325\"]::after { clear: both; }.tve-theme-__template_id__ .sidebar-section [data-css=\"tve-u-172dba3aef2\"]::after { clear: both; }.tve-theme-__template_id__ .content-section [data-css=\"tve-u-1746e3a94ab\"]::after { clear: both; }.tve-theme-__template_id__ .content-section [data-css=\"tve-u-1746e3a94a7\"] { flex-wrap: nowrap !important; }.tve-theme-__template_id__ .content-section [data-css=\"tve-u-1746e3a9521\"] { max-width: 100% !important; }.tve-theme-__template_id__ .content-section #lg-keu2y1b3 .tve-form-button { display: block; float: left; z-index: 3; position: relative; }.tve-theme-__template_id__ .content-section #lg-keu2y1b3 .tve-form-button .tcb-button-link { padding: 16px 16px 16px 0px !important; }.tve-theme-__template_id__ .content-section #lg-keu2y1b3 .tve_lg_regular_input:not(.tcb-excluded-from-group-item) input, .tve-theme-__template_id__ .content-section #lg-keu2y1b3 .tve_lg_regular_input:not(.tcb-excluded-from-group-item) textarea { padding-left: 8px !important; padding-right: 8px !important; }:not(#tve) .tve-theme-__template_id__ .content-section #lg-keu2y1b3 .tve_lg_regular_input:not(.tcb-excluded-from-group-item) input, :not(#tve) .tve-theme-__template_id__ .content-section #lg-keu2y1b3 .tve_lg_regular_input:not(.tcb-excluded-from-group-item) textarea, :not(#tve) .tve-theme-__template_id__ .content-section #lg-keu2y1b3 .tve_lg_regular_input:not(.tcb-excluded-from-group-item) ::placeholder { font-size: var(--tve-font-size, 13px); }.tve-theme-__template_id__ .content-section #lg-keu2y1b3 .tve_lg_regular_input:not(.tcb-excluded-from-group-item) { --tve-font-size:13px; }.tve-theme-__template_id__ .content-section [data-css=\"tve-u-1746e3a94a8\"] { max-width: 81.4%; }.tve-theme-__template_id__ .content-section [data-css=\"tve-u-1746e3a94aa\"] { max-width: 18.6%; }"},"fonts":[],"dynamic":[]},"format":"standard","tag":"5eecb5f265610","no_search_results":"","primary_template":"archive","secondary_template":"product","variable_template":""},"post_status":"publish"}]