{"cc384c68ad503482fb24e6d1e3b512ae":{"name":"5224.png","folder":"thrive-theme\/preview","h":56,"w":700,"custom_subdir":1},"4ea06fbc83cdd0a06020c35d50e1e89a":{"name":"770.png","folder":"symbols","h":23,"w":600,"custom_subdir":1},"9fd81843ad7f202f26c1a174c7357585":{"name":"297.png","folder":"symbols","h":112,"w":600,"custom_subdir":1},"c527601f9454555cb914fec91805adab":{"name":"WooCommerce-Sidebar-texture02.jpg"},"f461285987ddc0629f8a4ab6477642b5":{"name":"5368.png","folder":"thrive-theme\/preview","h":300,"w":300,"custom_subdir":1}}