{"cc384c68ad503482fb24e6d1e3b512ae":{"ID":5224,"post_title":"WooCommerce Guarantees 10","post_type":"thrive_section","post_status":"publish","meta_input":{"skin_tag":"q1qj01","content":"<div class=\"thrv_wrapper thrv-columns\" data-css=\"tve-u-172c77d3f77\" style=\"\"><div class=\"tcb-flex-row v-2 m-edit tcb-resized tcb-mobile-wrap tcb--cols--4 tcb-medium-wrap\" data-css=\"tve-u-172c77d3f76\" style=\"\"><div class=\"tcb-flex-col\" data-css=\"tve-u-172c7a77494\" style=\"\"><div class=\"tcb-col\" data-css=\"tve-u-172c7aa5edf\" style=\"\"><div class=\"thrv_wrapper thrv_contentbox_shortcode thrv-content-box tve-elem-default-pad\" data-css=\"tve-u-172c77d3f8d\" style=\"\">\n\t<div class=\"tve-content-box-background\"><\/div>\n\t<div class=\"tve-cb\"><div class=\"tcb-clear\" data-css=\"tve-u-172c7b45c68\"><div class=\"thrv_wrapper thrv_icon tcb-icon-display\" data-css=\"tve-u-172c7cd7c1b\" style=\"\" data-float-d=\"1\"><svg class=\"tcb-icon\" viewBox=\"0 0 640 512\" data-id=\"icon-shipping-fast-solid\" data-name=\"\">\n            <path d=\"M624 352h-16V243.9c0-12.7-5.1-24.9-14.1-33.9L494 110.1c-9-9-21.2-14.1-33.9-14.1H416V48c0-26.5-21.5-48-48-48H112C85.5 0 64 21.5 64 48v48H8c-4.4 0-8 3.6-8 8v16c0 4.4 3.6 8 8 8h272c4.4 0 8 3.6 8 8v16c0 4.4-3.6 8-8 8H40c-4.4 0-8 3.6-8 8v16c0 4.4 3.6 8 8 8h208c4.4 0 8 3.6 8 8v16c0 4.4-3.6 8-8 8H8c-4.4 0-8 3.6-8 8v16c0 4.4 3.6 8 8 8h208c4.4 0 8 3.6 8 8v16c0 4.4-3.6 8-8 8H64v128c0 53 43 96 96 96s96-43 96-96h128c0 53 43 96 96 96s96-43 96-96h48c8.8 0 16-7.2 16-16v-32c0-8.8-7.2-16-16-16zM160 464c-26.5 0-48-21.5-48-48s21.5-48 48-48 48 21.5 48 48-21.5 48-48 48zm320 0c-26.5 0-48-21.5-48-48s21.5-48 48-48 48 21.5 48 48-21.5 48-48 48zm80-208H416V144h44.1l99.9 99.9V256z\"><\/path>\n        <\/svg><\/div><\/div><div class=\"thrv_wrapper thrv_text_element\" data-css=\"tve-u-172c7c0c14c\" style=\"padding-top: 6px !important;\"><p class=\"tcb-global-text-\" data-css=\"tve-u-17300792ec8\" style=\"\"><span style=\"color: var(--tcb-skin-color-0); text-transform: capitalize;\" data-css=\"tve-u-172f10fe570\"><span style=\"font-size: 12px;\" data-css=\"tve-u-172f1107105\">free next day delivery<\/span><br><\/span><span style=\"font-weight: normal;\" data-css=\"tve-u-172f10fe573\"><span style=\"text-transform: none; color: var(--tcb-skin-color-5);\" data-css=\"tve-u-172f10f5027\">7 Days a week<\/span><\/span><\/p><\/div><\/div>\n<\/div><\/div><\/div><div class=\"tcb-flex-col\" data-css=\"tve-u-172c7a774cb\" style=\"\"><div class=\"tcb-col\" style=\"\"><div class=\"thrv_wrapper thrv_contentbox_shortcode thrv-content-box tve-elem-default-pad\" data-css=\"tve-u-173043ef4f2\" style=\"\">\n\t<div class=\"tve-content-box-background\"><\/div>\n\t<div class=\"tve-cb\"><div class=\"tcb-clear\" data-css=\"tve-u-172c7b45c68\"><div class=\"thrv_wrapper thrv_icon tcb-icon-display\" data-css=\"tve-u-172c7cd7c1b\" style=\"\" data-float-d=\"1\"><svg class=\"tcb-icon\" viewBox=\"0 0 576 512\" data-id=\"icon-trophy-alt-solid\" data-name=\"\">\n            <path d=\"M552 64H448V24c0-13.3-10.7-24-24-24H152c-13.3 0-24 10.7-24 24v40H24C10.7 64 0 74.7 0 88v56c0 66.5 77.9 131.7 171.9 142.4C203.3 338.5 240 360 240 360v72h-48c-35.3 0-64 20.7-64 56v12c0 6.6 5.4 12 12 12h296c6.6 0 12-5.4 12-12v-12c0-35.3-28.7-56-64-56h-48v-72s36.7-21.5 68.1-73.6C498.4 275.6 576 210.3 576 144V88c0-13.3-10.7-24-24-24zM64 144v-16h64.2c1 32.6 5.8 61.2 12.8 86.2-47.5-16.4-77-49.9-77-70.2zm448 0c0 20.2-29.4 53.8-77 70.2 7-25 11.8-53.6 12.8-86.2H512v16zm-127.3 4.7l-39.6 38.6 9.4 54.6c1.7 9.8-8.7 17.2-17.4 12.6l-49-25.8-49 25.8c-8.8 4.6-19.1-2.9-17.4-12.6l9.4-54.6-39.6-38.6c-7.1-6.9-3.2-19 6.7-20.5l54.8-8 24.5-49.6c4.4-8.9 17.1-8.9 21.5 0l24.5 49.6 54.8 8c9.6 1.5 13.5 13.6 6.4 20.5z\"><\/path>\n        <\/svg><\/div><\/div><div class=\"thrv_wrapper thrv_text_element\" data-css=\"tve-u-172c7c0c14c\" style=\"padding-top: 6px !important;\"><p class=\"tcb-global-text-\" data-css=\"tve-u-17300793a88\" style=\"\"><span data-css=\"tve-u-172f10fe570\" style=\"color: var(--tcb-skin-color-0); text-transform: capitalize;\"><span data-css=\"tve-u-172f1107105\" style=\"font-size: 12px;\">Over 30 years in Business<\/span><br><\/span><span data-css=\"tve-u-172f10fe573\" style=\"font-weight: normal;\"><span data-css=\"tve-u-172f10f5027\" style=\"text-transform: none; color: var(--tcb-skin-color-5);\">Over 1 million customers<\/span><\/span><\/p><\/div><\/div>\n<\/div><\/div><\/div><div class=\"tcb-flex-col\" data-css=\"tve-u-172c7a77500\" style=\"\"><div class=\"tcb-col\" style=\"\"><div class=\"thrv_wrapper thrv_contentbox_shortcode thrv-content-box tve-elem-default-pad\" data-css=\"tve-u-172f11a1a73\" style=\"\">\n\t<div class=\"tve-content-box-background\"><\/div>\n\t<div class=\"tve-cb\"><div class=\"tcb-clear\" data-css=\"tve-u-172c7b45c68\"><div class=\"thrv_wrapper thrv_icon tcb-icon-display\" data-css=\"tve-u-172c7cd7c1b\" style=\"\" data-float-d=\"1\"><svg class=\"tcb-icon\" viewBox=\"0 0 512 512\" data-id=\"icon-shield-check-solid\" data-name=\"\">\n            <path d=\"M466.5 83.7l-192-80a48.15 48.15 0 0 0-36.9 0l-192 80C27.7 91.1 16 108.6 16 128c0 198.5 114.5 335.7 221.5 380.3 11.8 4.9 25.1 4.9 36.9 0C360.1 472.6 496 349.3 496 128c0-19.4-11.7-36.9-29.5-44.3zm-47.2 114.2l-184 184c-6.2 6.2-16.4 6.2-22.6 0l-104-104c-6.2-6.2-6.2-16.4 0-22.6l22.6-22.6c6.2-6.2 16.4-6.2 22.6 0l70.1 70.1 150.1-150.1c6.2-6.2 16.4-6.2 22.6 0l22.6 22.6c6.3 6.3 6.3 16.4 0 22.6z\"><\/path>\n        <\/svg><\/div><\/div><div class=\"thrv_wrapper thrv_text_element\" data-css=\"tve-u-172c7c0c14c\" style=\"padding-top: 6px !important;\"><p class=\"tcb-global-text-\" data-css=\"tve-u-1730079470e\" style=\"\"><span data-css=\"tve-u-172f10fe570\" style=\"color: var(--tcb-skin-color-0); text-transform: capitalize;\"><span data-css=\"tve-u-172f1107105\" style=\"font-size: 12px;\">100% Secure Checkout<\/span><br><\/span><span data-css=\"tve-u-172f10fe573\" style=\"font-weight: normal;\"><span data-css=\"tve-u-172f10f5027\" style=\"text-transform: none; color: var(--tcb-skin-color-5);\">Shop with confidence<\/span><\/span><\/p><\/div><\/div>\n<\/div><\/div><\/div><div class=\"tcb-flex-col\" data-css=\"tve-u-172c7c36860\" style=\"\"><div class=\"tcb-col\" style=\"\"><div class=\"thrv_wrapper thrv_contentbox_shortcode thrv-content-box tve-elem-default-pad\" data-css=\"tve-u-172f11a2df0\" style=\"\">\n\t<div class=\"tve-content-box-background\"><\/div>\n\t<div class=\"tve-cb\"><div class=\"tcb-clear\" data-css=\"tve-u-172c7b45c68\"><div class=\"thrv_wrapper thrv_icon tcb-icon-display\" data-css=\"tve-u-172c7cd7c1b\" style=\"\" data-float-d=\"1\"><svg class=\"tcb-icon\" viewBox=\"0 0 512 512\" data-id=\"icon-coins-solid\" data-name=\"\">\n            <path d=\"M0 405.3V448c0 35.3 86 64 192 64s192-28.7 192-64v-42.7C342.7 434.4 267.2 448 192 448S41.3 434.4 0 405.3zM320 128c106 0 192-28.7 192-64S426 0 320 0 128 28.7 128 64s86 64 192 64zM0 300.4V352c0 35.3 86 64 192 64s192-28.7 192-64v-51.6c-41.3 34-116.9 51.6-192 51.6S41.3 334.4 0 300.4zm416 11c57.3-11.1 96-31.7 96-55.4v-42.7c-23.2 16.4-57.3 27.6-96 34.5v63.6zM192 160C86 160 0 195.8 0 240s86 80 192 80 192-35.8 192-80-86-80-192-80zm219.3 56.3c60-10.8 100.7-32 100.7-56.3v-42.7c-35.5 25.1-96.5 38.6-160.7 41.8 29.5 14.3 51.2 33.5 60 57.2z\"><\/path>\n        <\/svg><\/div><\/div><div class=\"thrv_wrapper thrv_text_element\" data-css=\"tve-u-172c7c0c14c\" style=\"padding-top: 6px !important;\"><p class=\"tcb-global-text-\" data-css=\"tve-u-172f10f69f5\" style=\"\"><span data-css=\"tve-u-172f10fe570\" style=\"color: var(--tcb-skin-color-0); text-transform: capitalize;\"><span data-css=\"tve-u-172f1107105\" style=\"font-size: 12px;\">Lowest Price<\/span><br><\/span><span data-css=\"tve-u-172f10fe573\" style=\"font-weight: normal;\"><span data-css=\"tve-u-172f10f5027\" style=\"text-transform: none; color: var(--tcb-skin-color-5);\">7 day refund<\/span><\/span><\/p><\/div><\/div>\n<\/div><\/div><\/div><\/div><\/div><div class=\"thrv_wrapper thrv_contentbox_shortcode thrv-content-box tve-elem-default-pad\" data-css=\"tve-u-173006f0b8f\" style=\"\">\n\t<div class=\"tve-content-box-background\" data-css=\"tve-u-173006e9ac5\" style=\"\"><\/div>\n\t<div class=\"tve-cb\" style=\"\" data-css=\"tve-u-173006ec392\"><div class=\"thrv_wrapper thrv-columns\" data-css=\"tve-u-172c7a0fd5e\" style=\"\"><div class=\"tcb-flex-row v-2 tcb--cols--2 m-edit tcb-mobile-wrap\" data-css=\"tve-u-172c7a0f768\" style=\"\"><div class=\"tcb-flex-col\" data-css=\"tve-u-173006aed9a\"><div class=\"tcb-col\" data-css=\"tve-u-172c7aeefcc\" style=\"\"><div class=\"thrv_wrapper thrv_text_element\" data-css=\"tve-u-172c79788aa\" style=\"\"><p class=\"tcb-global-text-\" data-css=\"tve-u-172c7af73dd\" style=\"\">next day delivery order*<\/p><\/div><\/div><\/div><div class=\"tcb-flex-col\" data-css=\"tve-u-173006aed9c\"><div class=\"tcb-col\" data-css=\"tve-u-172c7a6d171\" style=\"\"><div class=\"thrv_wrapper thrv_text_element\" data-css=\"tve-u-172c7a2fc1d\" style=\"\"><p class=\"tcb-global-text-\" style=\"\" data-css=\"tve-u-172c7af6722\">*Subject to immediate credit check decision and stock availability<\/p><\/div><\/div><\/div><\/div><\/div><\/div>\n<\/div>","type":"top","singular":"0","template_type":"","style":{"css":{"(min-width: 300px)":".thrive-section-cc384c68ad503482fb24e6d1e3b512ae .section-background { background-color: transparent !important; background-image: none !important; }.thrive-section-cc384c68ad503482fb24e6d1e3b512ae .section-content { display: flex; flex-direction: column; min-height: 1px !important; padding: 0px !important; }.thrive-section-cc384c68ad503482fb24e6d1e3b512ae [data-css=\"tve-u-172c77d3f76\"] { padding: 12px 20px !important; }.thrive-section-cc384c68ad503482fb24e6d1e3b512ae [data-css=\"tve-u-172c77d3f77\"] { float: none; min-width: 1080px; margin: 0px auto !important; background-color: transparent !important; }.thrive-section-cc384c68ad503482fb24e6d1e3b512ae [data-css=\"tve-u-172c77d3f8d\"] { padding: 1px !important; margin-top: 0px !important; margin-bottom: 0px !important; }.thrive-section-cc384c68ad503482fb24e6d1e3b512ae [data-css=\"tve-u-172c79788aa\"] { padding: 0px !important; }.thrive-section-cc384c68ad503482fb24e6d1e3b512ae [data-css=\"tve-u-172c7a0f768\"] { padding: 8px 20px !important; }.thrive-section-cc384c68ad503482fb24e6d1e3b512ae [data-css=\"tve-u-172c7a0fd5e\"] { float: none; max-width: 1080px; margin: 0px auto !important; }.thrive-section-cc384c68ad503482fb24e6d1e3b512ae [data-css=\"tve-u-172c7a2fc1d\"] { padding: 0px !important; }.thrive-section-cc384c68ad503482fb24e6d1e3b512ae [data-css=\"tve-u-172c7a6d171\"] { text-align: right; }:not(#tve) .thrive-section-cc384c68ad503482fb24e6d1e3b512ae [data-css=\"tve-u-172c7af6722\"] { padding-bottom: 0px !important; margin-bottom: 0px !important; color: rgba(255, 255, 255, 0.6) !important; --tcb-applied-color:rgba(255, 255, 255, 0.6)  !important; }:not(#tve) .thrive-section-cc384c68ad503482fb24e6d1e3b512ae [data-css=\"tve-u-172c7af73dd\"] { letter-spacing: 1px; padding-bottom: 0px !important; margin-bottom: 0px !important; text-transform: uppercase !important; font-size: 10px !important; }.thrive-section-cc384c68ad503482fb24e6d1e3b512ae [data-css=\"tve-u-172c7a77494\"] { max-width: 26.7%; }.thrive-section-cc384c68ad503482fb24e6d1e3b512ae [data-css=\"tve-u-172c7a774cb\"] { max-width: 25.9%; }.thrive-section-cc384c68ad503482fb24e6d1e3b512ae [data-css=\"tve-u-172c7a77500\"] { max-width: 25.6%; }.thrive-section-cc384c68ad503482fb24e6d1e3b512ae [data-css=\"tve-u-172c7c0c14c\"] { position: relative !important; padding-top: 6px !important; }.thrive-section-cc384c68ad503482fb24e6d1e3b512ae [data-css=\"tve-u-172c7c36860\"] { max-width: 21.8%; }.thrive-section-cc384c68ad503482fb24e6d1e3b512ae [data-css=\"tve-u-172c7cd7c1b\"] { font-size: 20px; width: 20px; height: 20px; border-radius: 0px; overflow: hidden; border: none; float: left; z-index: 3; position: relative; padding: 2px !important; margin-top: 7px !important; margin-bottom: 0px !important; background-color: transparent !important; margin-right: 15px !important; }:not(#tve) .thrive-section-cc384c68ad503482fb24e6d1e3b512ae [data-css=\"tve-u-172c7cd7c1b\"] > :first-child { color: var(--tcb-skin-color-4); }.thrive-section-cc384c68ad503482fb24e6d1e3b512ae [data-css=\"tve-u-172f10f5027\"] { text-transform: none !important; color: var(--tcb-skin-color-5)  !important; }:not(#tve) .thrive-section-cc384c68ad503482fb24e6d1e3b512ae [data-css=\"tve-u-172f10f69f5\"] { letter-spacing: 2px; padding-bottom: 0px !important; margin-bottom: 0px !important; text-transform: uppercase !important; font-size: 11px !important; color: var(--tcb-skin-color-4)  !important; --tcb-applied-color:var$(--tcb-skin-color-4)  !important; font-weight: var(--g-bold-weight, bold)  !important; line-height: 1.3em !important; }.thrive-section-cc384c68ad503482fb24e6d1e3b512ae [data-css=\"tve-u-172f10fe570\"] { color: var(--tcb-skin-color-0)  !important; text-transform: capitalize !important; }.thrive-section-cc384c68ad503482fb24e6d1e3b512ae [data-css=\"tve-u-172f10fe573\"] { font-weight: normal !important; }.thrive-section-cc384c68ad503482fb24e6d1e3b512ae [data-css=\"tve-u-172f1107105\"] { font-size: 12px !important; }.thrive-section-cc384c68ad503482fb24e6d1e3b512ae [data-css=\"tve-u-172c77d3f76\"] > .tcb-flex-col > .tcb-col { justify-content: center; }.thrive-section-cc384c68ad503482fb24e6d1e3b512ae [data-css=\"tve-u-172f11a1a73\"] { padding: 1px !important; margin-top: 0px !important; margin-bottom: 0px !important; }.thrive-section-cc384c68ad503482fb24e6d1e3b512ae [data-css=\"tve-u-172f11a2df0\"] { padding: 1px !important; margin-top: 0px !important; margin-bottom: 0px !important; }.thrive-section-cc384c68ad503482fb24e6d1e3b512ae [data-css=\"tve-u-173006aed9a\"] { max-width: 51.2037%; }.thrive-section-cc384c68ad503482fb24e6d1e3b512ae [data-css=\"tve-u-173006aed9c\"] { max-width: 51.2037%; }.thrive-section-cc384c68ad503482fb24e6d1e3b512ae [data-css=\"tve-u-173006e9ac5\"] { background-color: var(--tcb-skin-color-0)  !important; }:not(#tve) .thrive-section-cc384c68ad503482fb24e6d1e3b512ae .thrv-content-box [data-css=\"tve-u-173006ec392\"] p, :not(#tve) .thrive-section-cc384c68ad503482fb24e6d1e3b512ae .thrv-content-box [data-css=\"tve-u-173006ec392\"] li, :not(#tve) .thrive-section-cc384c68ad503482fb24e6d1e3b512ae .thrv-content-box [data-css=\"tve-u-173006ec392\"] blockquote, :not(#tve) .thrive-section-cc384c68ad503482fb24e6d1e3b512ae .thrv-content-box [data-css=\"tve-u-173006ec392\"] address, :not(#tve) .thrive-section-cc384c68ad503482fb24e6d1e3b512ae .thrv-content-box [data-css=\"tve-u-173006ec392\"] .tcb-plain-text, :not(#tve) .thrive-section-cc384c68ad503482fb24e6d1e3b512ae .thrv-content-box [data-css=\"tve-u-173006ec392\"] label, :not(#tve) .thrive-section-cc384c68ad503482fb24e6d1e3b512ae .thrv-content-box [data-css=\"tve-u-173006ec392\"] h1, :not(#tve) .thrive-section-cc384c68ad503482fb24e6d1e3b512ae .thrv-content-box [data-css=\"tve-u-173006ec392\"] h2, :not(#tve) .thrive-section-cc384c68ad503482fb24e6d1e3b512ae .thrv-content-box [data-css=\"tve-u-173006ec392\"] h3, :not(#tve) .thrive-section-cc384c68ad503482fb24e6d1e3b512ae .thrv-content-box [data-css=\"tve-u-173006ec392\"] h4, :not(#tve) .thrive-section-cc384c68ad503482fb24e6d1e3b512ae .thrv-content-box [data-css=\"tve-u-173006ec392\"] h5, :not(#tve) .thrive-section-cc384c68ad503482fb24e6d1e3b512ae .thrv-content-box [data-css=\"tve-u-173006ec392\"] h6 { color: var(--tve-color, rgb(255, 255, 255)); --tcb-applied-color:rgb(255, 255, 255); }.thrive-section-cc384c68ad503482fb24e6d1e3b512ae [data-css=\"tve-u-173006ec392\"] { --tve-color:rgb(255, 255, 255); --tve-font-size:12px; }:not(#tve) .thrive-section-cc384c68ad503482fb24e6d1e3b512ae .thrv-content-box [data-css=\"tve-u-173006ec392\"] p, :not(#tve) .thrive-section-cc384c68ad503482fb24e6d1e3b512ae .thrv-content-box [data-css=\"tve-u-173006ec392\"] li, :not(#tve) .thrive-section-cc384c68ad503482fb24e6d1e3b512ae .thrv-content-box [data-css=\"tve-u-173006ec392\"] blockquote, :not(#tve) .thrive-section-cc384c68ad503482fb24e6d1e3b512ae .thrv-content-box [data-css=\"tve-u-173006ec392\"] address, :not(#tve) .thrive-section-cc384c68ad503482fb24e6d1e3b512ae .thrv-content-box [data-css=\"tve-u-173006ec392\"] .tcb-plain-text, :not(#tve) .thrive-section-cc384c68ad503482fb24e6d1e3b512ae .thrv-content-box [data-css=\"tve-u-173006ec392\"] label { font-size: var(--tve-font-size, 12px); }.thrive-section-cc384c68ad503482fb24e6d1e3b512ae [data-css=\"tve-u-173006f0b8f\"] { margin-top: 0px !important; margin-bottom: 0px !important; padding: 0px !important; }.thrive-section-cc384c68ad503482fb24e6d1e3b512ae [data-css=\"tve-u-172c7a0f768\"] > .tcb-flex-col > .tcb-col { justify-content: center; }:not(#tve) .thrive-section-cc384c68ad503482fb24e6d1e3b512ae [data-css=\"tve-u-17300792ec8\"] { letter-spacing: 2px; padding-bottom: 0px !important; margin-bottom: 0px !important; text-transform: uppercase !important; font-size: 11px !important; color: var(--tcb-skin-color-4)  !important; --tcb-applied-color:var$(--tcb-skin-color-4)  !important; font-weight: var(--g-bold-weight, bold)  !important; line-height: 1.3em !important; }:not(#tve) .thrive-section-cc384c68ad503482fb24e6d1e3b512ae [data-css=\"tve-u-17300793a88\"] { letter-spacing: 2px; padding-bottom: 0px !important; margin-bottom: 0px !important; text-transform: uppercase !important; font-size: 11px !important; color: var(--tcb-skin-color-4)  !important; --tcb-applied-color:var$(--tcb-skin-color-4)  !important; font-weight: var(--g-bold-weight, bold)  !important; line-height: 1.3em !important; }:not(#tve) .thrive-section-cc384c68ad503482fb24e6d1e3b512ae [data-css=\"tve-u-1730079470e\"] { letter-spacing: 2px; padding-bottom: 0px !important; margin-bottom: 0px !important; text-transform: uppercase !important; font-size: 11px !important; color: var(--tcb-skin-color-4)  !important; --tcb-applied-color:var$(--tcb-skin-color-4)  !important; font-weight: var(--g-bold-weight, bold)  !important; line-height: 1.3em !important; }.thrive-section-cc384c68ad503482fb24e6d1e3b512ae [data-css=\"tve-u-173043ef4f2\"] { padding: 1px !important; margin-top: 0px !important; margin-bottom: 0px !important; }","(max-width: 1023px)":".thrive-section-cc384c68ad503482fb24e6d1e3b512ae [data-css=\"tve-u-172c77d3f76\"] { flex-wrap: wrap !important; padding: 15px 40px !important; }.thrive-section-cc384c68ad503482fb24e6d1e3b512ae [data-css=\"tve-u-172c77d3f77\"] { min-width: 100%; }.thrive-section-cc384c68ad503482fb24e6d1e3b512ae [data-css=\"tve-u-172c7a0fd5e\"] { max-width: 100%; }.thrive-section-cc384c68ad503482fb24e6d1e3b512ae [data-css=\"tve-u-172c7a77494\"] { max-width: 30.7%; }.thrive-section-cc384c68ad503482fb24e6d1e3b512ae [data-css=\"tve-u-172c7a774cb\"] { max-width: 24.3%; }.thrive-section-cc384c68ad503482fb24e6d1e3b512ae [data-css=\"tve-u-172c7a77500\"] { max-width: 25.2%; }.thrive-section-cc384c68ad503482fb24e6d1e3b512ae [data-css=\"tve-u-172c77d3f8d\"] { min-width: 163px; }.thrive-section-cc384c68ad503482fb24e6d1e3b512ae [data-css=\"tve-u-172c7c36860\"] { max-width: 19.9%; }.thrive-section-cc384c68ad503482fb24e6d1e3b512ae [data-css=\"tve-u-172c7cd7c1b\"] { margin-right: 10px !important; }:not(#tve) .thrive-section-cc384c68ad503482fb24e6d1e3b512ae [data-css=\"tve-u-172f10f69f5\"] { font-size: 9px !important; }.thrive-section-cc384c68ad503482fb24e6d1e3b512ae [data-css=\"tve-u-172c77d3f76\"] > .tcb-flex-col { flex-basis: 250px !important; }.thrive-section-cc384c68ad503482fb24e6d1e3b512ae [data-css=\"tve-u-172f11a1a73\"] { min-width: 163px; margin-top: 10px !important; }.thrive-section-cc384c68ad503482fb24e6d1e3b512ae [data-css=\"tve-u-172f11a2df0\"] { min-width: 163px; margin-top: 10px !important; }.thrive-section-cc384c68ad503482fb24e6d1e3b512ae [data-css=\"tve-u-172c7a0f768\"] { padding-left: 40px !important; padding-right: 40px !important; }:not(#tve) .thrive-section-cc384c68ad503482fb24e6d1e3b512ae [data-css=\"tve-u-17300792ec8\"] { font-size: 9px !important; }:not(#tve) .thrive-section-cc384c68ad503482fb24e6d1e3b512ae [data-css=\"tve-u-17300793a88\"] { font-size: 9px !important; }:not(#tve) .thrive-section-cc384c68ad503482fb24e6d1e3b512ae [data-css=\"tve-u-1730079470e\"] { font-size: 9px !important; }.thrive-section-cc384c68ad503482fb24e6d1e3b512ae [data-css=\"tve-u-173043ef4f2\"] { min-width: 163px; }","(max-width: 767px)":".thrive-section-cc384c68ad503482fb24e6d1e3b512ae [data-css=\"tve-u-172c77d3f8d\"] { min-width: 100%; margin-bottom: 0px !important; margin-top: 10px !important; }.thrive-section-cc384c68ad503482fb24e6d1e3b512ae [data-css=\"tve-u-172c77d3f76\"] { flex-wrap: wrap !important; padding: 20px !important; }.thrive-section-cc384c68ad503482fb24e6d1e3b512ae [data-css=\"tve-u-172c77d3f76\"] > .tcb-flex-col { flex-basis: 700px !important; }.thrive-section-cc384c68ad503482fb24e6d1e3b512ae [data-css=\"tve-u-172c7a0fd5e\"] { --tve-letter-spacing:1px; text-align: center; }.thrive-section-cc384c68ad503482fb24e6d1e3b512ae [data-css=\"tve-u-172c7a0fd5e\"] p, .thrive-section-cc384c68ad503482fb24e6d1e3b512ae [data-css=\"tve-u-172c7a0fd5e\"] li, .thrive-section-cc384c68ad503482fb24e6d1e3b512ae [data-css=\"tve-u-172c7a0fd5e\"] blockquote, .thrive-section-cc384c68ad503482fb24e6d1e3b512ae [data-css=\"tve-u-172c7a0fd5e\"] address, .thrive-section-cc384c68ad503482fb24e6d1e3b512ae [data-css=\"tve-u-172c7a0fd5e\"] .tcb-plain-text, .thrive-section-cc384c68ad503482fb24e6d1e3b512ae [data-css=\"tve-u-172c7a0fd5e\"] label { letter-spacing: var(--tve-letter-spacing, 1px); }.thrive-section-cc384c68ad503482fb24e6d1e3b512ae [data-css=\"tve-u-172c7a0f768\"] { flex-wrap: wrap !important; padding: 20px !important; }.thrive-section-cc384c68ad503482fb24e6d1e3b512ae [data-css=\"tve-u-172c7a0f768\"] > .tcb-flex-col { flex-basis: 390px !important; }.thrive-section-cc384c68ad503482fb24e6d1e3b512ae [data-css=\"tve-u-172c7aa5edf\"] { text-align: left; }.thrive-section-cc384c68ad503482fb24e6d1e3b512ae [data-css=\"tve-u-172c7a6d171\"] { text-align: center; }.thrive-section-cc384c68ad503482fb24e6d1e3b512ae [data-css=\"tve-u-172c79788aa\"] { margin-bottom: 4px !important; }.thrive-section-cc384c68ad503482fb24e6d1e3b512ae [data-css=\"tve-u-172c7cd7c1b\"] { z-index: 3; position: relative; font-size: 16px; width: 16px; height: 16px; padding: 2px !important; margin-left: auto !important; margin-right: 8px !important; margin-bottom: 0px !important; }.thrive-section-cc384c68ad503482fb24e6d1e3b512ae [data-css=\"tve-u-172c77d3f77\"] { text-align: left; }:not(#tve) .thrive-section-cc384c68ad503482fb24e6d1e3b512ae [data-css=\"tve-u-172f10f69f5\"] { letter-spacing: 1px; font-size: 11px !important; }.thrive-section-cc384c68ad503482fb24e6d1e3b512ae [data-css=\"tve-u-172f11a1a73\"] { min-width: 100%; margin-bottom: 0px !important; margin-top: 10px !important; }.thrive-section-cc384c68ad503482fb24e6d1e3b512ae [data-css=\"tve-u-172f11a2df0\"] { min-width: 100%; margin-bottom: 0px !important; margin-top: 10px !important; }:not(#tve) .thrive-section-cc384c68ad503482fb24e6d1e3b512ae [data-css=\"tve-u-17300792ec8\"] { letter-spacing: 1px; font-size: 11px !important; }:not(#tve) .thrive-section-cc384c68ad503482fb24e6d1e3b512ae [data-css=\"tve-u-17300793a88\"] { letter-spacing: 1px; font-size: 11px !important; }:not(#tve) .thrive-section-cc384c68ad503482fb24e6d1e3b512ae [data-css=\"tve-u-1730079470e\"] { letter-spacing: 1px; font-size: 11px !important; }.thrive-section-cc384c68ad503482fb24e6d1e3b512ae [data-css=\"tve-u-173043ef4f2\"] { min-width: 100%; margin-bottom: 0px !important; margin-top: 10px !important; }"},"fonts":[],"dynamic":[]},"icons":[],"decoration":[],"comments":[],"tve_globals":{"js_sdk":[],"fb_comment_admins":""},"attr":{"class":""}}}}