[{"ID":5368,"post_title":"WooCommerce Checkout 03","post_type":"thrive_template","meta_input":{"default":"0","layout":"20f07591c6fcb220ffe637cda29bb3f6","layout_data":{"hide_sidebar":1},"structure":"[thrive_template_section id=\"5224\" type=\"top\" ][thrive_template_content]\n\n\t\n\n\t[thrive_main_container]\n\t\t[thrive_template_section type=\"sidebar\" ]\n\t\t[thrive_template_section type=\"content\" ]\n\t[\/thrive_main_container]\n\n\t\n\n[\/thrive_template_content][thrive_template_section type=\"bottom\" ]","sidebar-type":"","sticky-sidebar":"","off-screen-sidebar":"","tve_globals":{"js_sdk":[],"fb_comment_admins":""},"comments":{"labels":[],"icons":[]},"sections":{"top":{"id":"cc384c68ad503482fb24e6d1e3b512ae","hide":0},"sidebar":{"id":0,"content":"\n<div class=\"thrv_wrapper thrv_contentbox_shortcode thrv-content-box tve-elem-default-pad\" data-css=\"tve-u-17299dd7209\" style=\"\">\n\t<div class=\"tve-content-box-background\" style=\"\" data-css=\"tve-u-17299dc406f\"><\/div>\n\t<div class=\"tve-cb\"><div class=\"thrv_wrapper thrv-columns\" data-css=\"tve-u-17300cf515e\" style=\"\"><div class=\"tcb-flex-row v-2 tcb-resized tcb--cols--2 tcb-mobile-no-wrap m-edit\" data-css=\"tve-u-17299dac952\" style=\"\"><div class=\"tcb-flex-col c-33\" data-css=\"tve-u-17304aa5040\" style=\"\"><div class=\"tcb-col\" style=\"\"><div class=\"tcb-clear\" data-css=\"tve-u-17300cf1d4a\"><div class=\"thrv_wrapper thrv_icon tcb-icon-display\" data-css=\"tve-u-17299dac966\" style=\"\"><svg class=\"tcb-icon\" viewBox=\"0 0 640 512\" data-id=\"icon-truck-light\" data-name=\"\">\n            <path d=\"M632 384h-24V275.9c0-16.8-6.8-33.3-18.8-45.2l-83.9-83.9c-11.8-12-28.3-18.8-45.2-18.8H416V78.6c0-25.7-22.2-46.6-49.4-46.6H49.4C22.2 32 0 52.9 0 78.6v290.8C0 395.1 22.2 416 49.4 416h16.2c-1.1 5.2-1.6 10.5-1.6 16 0 44.2 35.8 80 80 80s80-35.8 80-80c0-5.5-.6-10.8-1.6-16h195.2c-1.1 5.2-1.6 10.5-1.6 16 0 44.2 35.8 80 80 80s80-35.8 80-80c0-5.5-.6-10.8-1.6-16H632c4.4 0 8-3.6 8-8v-16c0-4.4-3.6-8-8-8zM460.1 160c8.4 0 16.7 3.4 22.6 9.4l83.9 83.9c.8.8 1.1 1.9 1.8 2.8H416v-96h44.1zM144 480c-26.5 0-48-21.5-48-48s21.5-48 48-48 48 21.5 48 48-21.5 48-48 48zm63.6-96C193 364.7 170 352 144 352s-49 12.7-63.6 32h-31c-9.6 0-17.4-6.5-17.4-14.6V78.6C32 70.5 39.8 64 49.4 64h317.2c9.6 0 17.4 6.5 17.4 14.6V384H207.6zM496 480c-26.5 0-48-21.5-48-48s21.5-48 48-48 48 21.5 48 48-21.5 48-48 48zm0-128c-26.1 0-49 12.7-63.6 32H416v-96h160v96h-16.4c-14.6-19.3-37.5-32-63.6-32z\"><\/path>\n        <\/svg><\/div><\/div><\/div><\/div><div class=\"tcb-flex-col c-66\" data-css=\"tve-u-17304aa5042\" style=\"\"><div class=\"tcb-col\" style=\"\"><div class=\"thrv_wrapper thrv_text_element\"><p data-css=\"tve-u-17299dac94f\">free Shipping<\/p><\/div><div class=\"thrv_wrapper thrv_text_element\"><p data-css=\"tve-u-17299dac951\">On Orders over $99<\/p><\/div><\/div><\/div><\/div><\/div><\/div>\n<\/div><div class=\"thrv_wrapper thrv_contentbox_shortcode thrv-content-box tve-elem-default-pad\" data-css=\"tve-u-17299ddf06d\" style=\"\">\n\t<div class=\"tve-content-box-background\" style=\"\" data-css=\"tve-u-17299dc406f\"><\/div>\n\t<div class=\"tve-cb\"><div class=\"thrv_wrapper thrv-columns\" data-css=\"tve-u-17300cf6848\" style=\"\"><div class=\"tcb-flex-row v-2 tcb-resized tcb--cols--2 tcb-mobile-no-wrap m-edit\" data-css=\"tve-u-17299e9725b\" style=\"\"><div class=\"tcb-flex-col c-33\" data-css=\"tve-u-17304aa49a2\" style=\"\"><div class=\"tcb-col\" style=\"\"><div class=\"tcb-clear\" data-css=\"tve-u-17300cf2408\"><div class=\"thrv_wrapper thrv_icon tcb-icon-display\" data-css=\"tve-u-17299dec597\" style=\"\"><svg class=\"tcb-icon\" viewBox=\"0 0 448 512\" data-id=\"icon-box-heart-light\" data-name=\"\">\n            <path d=\"M447.9 176c0-10.6-2.6-21-7.6-30.3l-49.1-91.9c-4.3-13-16.5-21.8-30.3-21.8H87.1c-13.8 0-26 8.8-30.4 21.9L7.6 145.8c-5 9.3-7.6 19.7-7.6 30.3C.1 236.6 0 448 0 448c0 17.7 14.3 32 32 32h384c17.7 0 32-14.3 32-32 0 0-.1-211.4-.1-272zM240 64h120.9l50.8 96H240V64zM87.1 64H208v96H36.3l50.8-96zM224 448H32s.1-181.1.1-256H416c0 74.9.1 256 .1 256H224zm90.2-210.8c-13.9-11.6-47.7-28.5-90.2 14.5-42.6-43-76.4-26.1-90.2-14.5-27.5 23-28.9 64.2-4.3 89.1l84.7 85.6c5.5 5.5 14.3 5.5 19.8 0l84.7-85.6c24.5-24.9 23-66.1-4.5-89.1zm-18.4 66.5L224 376.4l-71.8-72.6c-10.2-10.3-12.3-30 2.1-42 13.7-11.5 31.2-3.4 38.4 3.7l31.4 31.7 31.4-31.7c7.1-7.2 24.6-15.2 38.4-3.7 14.2 12 12.2 31.6 1.9 41.9z\"><\/path>\n        <\/svg><\/div><\/div><\/div><\/div><div class=\"tcb-flex-col c-66\" data-css=\"tve-u-17304aa49a5\" style=\"\"><div class=\"tcb-col\" style=\"\"><div class=\"thrv_wrapper thrv_text_element\"><p data-css=\"tve-u-17299eab053\">Eco- Packaging<\/p><\/div><div class=\"thrv_wrapper thrv_text_element\"><p data-css=\"tve-u-172b8a1f92b\" style=\"\">more Here<\/p><\/div><\/div><\/div><\/div><\/div><\/div>\n<\/div><div class=\"thrv_wrapper thrv_contentbox_shortcode thrv-content-box tve-elem-default-pad\" data-css=\"tve-u-17299ec002b\" style=\"\">\n\t<div class=\"tve-content-box-background\" style=\"\" data-css=\"tve-u-17299dc406f\"><\/div>\n\t<div class=\"tve-cb\"><div class=\"thrv_wrapper thrv-columns\" data-css=\"tve-u-17300cf8049\" style=\"\"><div class=\"tcb-flex-row v-2 tcb-resized tcb--cols--2 tcb-mobile-no-wrap m-edit\" data-css=\"tve-u-17299e95f26\" style=\"\"><div class=\"tcb-flex-col c-33\" data-css=\"tve-u-17304aa32b5\" style=\"\"><div class=\"tcb-col\" style=\"\"><div class=\"tcb-clear\" data-css=\"tve-u-17300cf2b1e\"><div class=\"thrv_wrapper thrv_icon tcb-icon-display\" data-css=\"tve-u-17299deb6e1\" style=\"\"><svg class=\"tcb-icon\" viewBox=\"0 0 512 512\" data-id=\"icon-sync-light\" data-name=\"\">\n            <path d=\"M492 8h-10c-6.627 0-12 5.373-12 12v110.627C426.929 57.261 347.224 8 256 8 123.228 8 14.824 112.338 8.31 243.493 7.971 250.311 13.475 256 20.301 256h10.016c6.353 0 11.646-4.949 11.977-11.293C48.157 132.216 141.097 42 256 42c82.862 0 154.737 47.077 190.289 116H332c-6.627 0-12 5.373-12 12v10c0 6.627 5.373 12 12 12h160c6.627 0 12-5.373 12-12V20c0-6.627-5.373-12-12-12zm-.301 248h-10.015c-6.352 0-11.647 4.949-11.977 11.293C463.841 380.158 370.546 470 256 470c-82.608 0-154.672-46.952-190.299-116H180c6.627 0 12-5.373 12-12v-10c0-6.627-5.373-12-12-12H20c-6.627 0-12 5.373-12 12v160c0 6.627 5.373 12 12 12h10c6.627 0 12-5.373 12-12V381.373C85.071 454.739 164.777 504 256 504c132.773 0 241.176-104.338 247.69-235.493.339-6.818-5.165-12.507-11.991-12.507z\"><\/path>\n        <\/svg><\/div><\/div><\/div><\/div><div class=\"tcb-flex-col c-66\" data-css=\"tve-u-17304aa32b8\" style=\"\"><div class=\"tcb-col\" style=\"\"><div class=\"thrv_wrapper thrv_text_element\"><p data-css=\"tve-u-17299eaa4a7\">Easy returns<\/p><\/div><div class=\"thrv_wrapper thrv_text_element\"><p data-css=\"tve-u-17299dac951\">More Here<\/p><\/div><\/div><\/div><\/div><\/div><\/div>\n<\/div><div class=\"thrv_wrapper thrv_contentbox_shortcode thrv-content-box tve-elem-default-pad\" data-css=\"tve-u-17299dac964\" style=\"\">\n\t<div class=\"tve-content-box-background\" style=\"\" data-css=\"tve-u-17299dc406f\"><\/div>\n\t<div class=\"tve-cb\"><div class=\"thrv_wrapper thrv-columns\" data-css=\"tve-u-17299dac953\" style=\"\"><div class=\"tcb-flex-row v-2 tcb-resized tcb--cols--2 tcb-mobile-no-wrap m-edit\" data-css=\"tve-u-17299e9512b\" style=\"\"><div class=\"tcb-flex-col c-33\" data-css=\"tve-u-17299dac955\" style=\"\"><div class=\"tcb-col\" style=\"\"><div class=\"tcb-clear\" data-css=\"tve-u-17299dac967\"><div class=\"thrv_wrapper thrv_icon tcb-icon-display\" data-css=\"tve-u-17299e991f6\" style=\"\"><svg class=\"tcb-icon\" viewBox=\"0 0 576 512\" data-id=\"icon-hand-holding-usd-light\" data-name=\"\">\n            <path d=\"M256.7 135.7l56.4 16.1c8.8 2.5 14.9 10.6 14.9 19.7 0 11.3-9.2 20.5-20.5 20.5h-36.9c-8.2 0-16.1-2.6-22.6-7.3-3-2.2-7.2-1.5-9.8 1.2l-11.4 11.4c-3.5 3.5-2.9 9.2 1 12.2 12.3 9.4 27.2 14.5 42.9 14.5h1.4v24c0 4.4 3.6 8 8 8h16c4.4 0 8-3.6 8-8v-24h1.4c22.8 0 44.3-13.6 51.7-35.2 10.1-29.6-7.3-59.8-35.1-67.8L263 104.1c-8.8-2.5-14.9-10.6-14.9-19.7 0-11.3 9.2-20.5 20.5-20.5h36.9c8.2 0 16.1 2.6 22.6 7.3 3 2.2 7.2 1.5 9.8-1.2l11.4-11.4c3.5-3.5 2.9-9.2-1-12.2C336 37.1 321.1 32 305.4 32H304V8c0-4.4-3.6-8-8-8h-16c-4.4 0-8 3.6-8 8v24h-3.5c-30.6 0-55.1 26.3-52.2 57.5 2 22.1 19 40.1 40.4 46.2zm301.6 197.9c-19.7-17.7-49.4-17.6-69.9-1.2l-61.6 49.3c-1.9 1.5-4.2 2.3-6.7 2.3h-41.6c4.6-9.6 6.5-20.7 4.8-32.3-4-27.9-29.6-47.7-57.8-47.7H181.3c-20.8 0-41 6.7-57.6 19.2L85.3 352H8c-4.4 0-8 3.6-8 8v16c0 4.4 3.6 8 8 8h88l46.9-35.2c11.1-8.3 24.6-12.8 38.4-12.8H328c13.3 0 24 10.7 24 24s-10.7 24-24 24h-88c-8.8 0-16 7.2-16 16s7.2 16 16 16h180.2c9.7 0 19.1-3.3 26.7-9.3l61.6-49.2c7.7-6.1 20-7.6 28.4 0 10.1 9.1 9.3 24.5-.9 32.6l-100.8 80.7c-7.6 6.1-17 9.3-26.7 9.3H8c-4.4 0-8 3.6-8 8v16c0 4.4 3.6 8 8 8h400.5c17 0 33.4-5.8 46.6-16.4L556 415c12.2-9.8 19.5-24.4 20-40s-6-30.8-17.7-41.4z\"><\/path>\n        <\/svg><\/div><\/div><\/div><\/div><div class=\"tcb-flex-col c-66\" data-css=\"tve-u-17299dac956\" style=\"\"><div class=\"tcb-col\" style=\"\"><div class=\"thrv_wrapper thrv_text_element\"><p data-css=\"tve-u-17299ea959f\">30-day money- back<\/p><\/div><div class=\"thrv_wrapper thrv_text_element\"><p data-css=\"tve-u-17299dac951\">More Here<\/p><\/div><\/div><\/div><\/div><\/div><\/div>\n<\/div><div class=\"thrv_wrapper thrv_contentbox_shortcode thrv-content-box tve-elem-default-pad\" data-css=\"tve-u-1725bac5eae\" style=\"\" data-class=\"\">\n\t<div class=\"tve-content-box-background\" data-css=\"tve-u-1725ba1e54e\" style=\"\"><\/div>\n\t<div class=\"tve-cb\" style=\"\" data-css=\"tve-u-1725ba26717\"><div class=\"thrv_wrapper thrv_text_element\" style=\"\" data-css=\"tve-u-17299ca265f\"><p data-css=\"tve-u-17299d3b4c7\">-20%<\/p><\/div><div class=\"thrv_wrapper thrv_text_element\" style=\"\" data-css=\"tve-u-17299451e08\"><p data-css=\"tve-u-17299cd57a8\" style=\"\">All Summer Collection<\/p><\/div><div class=\"thrv_wrapper thrv-button thrv-button-v2 tcb-local-vars-root tve_ea_thrive_animation tve_anim_bob\" data-button-style=\"btn-tpl-58341\" data-css=\"tve-u-17299d28974\" style=\"\"><div class=\"thrive-colors-palette-config\" style=\"display: none !important\">__CONFIG_colors_palette__{\"active_palette\":0,\"config\":{\"colors\":{\"1d30b\":{\"name\":\"Main Accent\",\"parent\":-1},\"3d2c0\":{\"name\":\"Main Accent Low Opacity\",\"parent\":\"1d30b\",\"lock\":{\"saturation\":1,\"lightness\":1}}},\"gradients\":[]},\"palettes\":[{\"name\":\"Default Palette\",\"value\":{\"colors\":{\"1d30b\":{\"val\":\"var(--tcb-skin-color-0)\"},\"3d2c0\":{\"val\":\"rgba(20, 115, 210, 0.2)\",\"hsl_parent_dependency\":{\"h\":210,\"l\":0.45,\"s\":0.83}}},\"gradients\":[]},\"original\":{\"colors\":{\"1d30b\":{\"val\":\"rgb(19, 114, 211)\",\"hsl\":{\"h\":210,\"s\":0.83,\"l\":0.45}},\"3d2c0\":{\"val\":\"rgba(19, 114, 211, 0.2)\",\"hsl_parent_dependency\":{\"h\":210,\"s\":0.83,\"l\":0.45}}},\"gradients\":[]}}]}__CONFIG_colors_palette__<\/div>\n\t\n\t<a href=\"#\" class=\"tcb-button-link tve_evt_manager_listen tve_et_mouseover\" data-tcb-events=\"__TCB_EVENT_[{&quot;t&quot;:&quot;mouseover&quot;,&quot;config&quot;:{&quot;anim&quot;:&quot;bob&quot;,&quot;loop&quot;:1},&quot;a&quot;:&quot;thrive_animation&quot;}]_TNEVE_BCT__\">\n\n\t\t<span class=\"tcb-button-texts\" style=\"\"><span class=\"tcb-button-text thrv-inline-text\" style=\"\">Buy Now<\/span><span class=\"tcb-secondary-text thrv-inline-text tve-froala fr-box\" style=\"\"><\/span><\/span>\n\t<\/a>\n<\/div><\/div>\n<\/div><div class=\"thrv_wrapper thrv_widget thrv_woocommerce_products\"><div class=\"widget-config\" style=\"display: none;\">__CONFIG_thrive_widget__{\"title\":\"On Sale Now\",\"number\":\"4\",\"show\":\"onsale\",\"orderby\":\"date\",\"order\":\"desc\",\"hide_free\":\"0\",\"show_hidden\":\"0\",\"type\":\"widget_woocommerce_products\",\"tve_shortcode_rendered\":0}__CONFIG_thrive_widget__<\/div><\/div><div class=\"thrv_wrapper thrv_widget thrv_woocommerce_recently_viewed_products\"><div class=\"widget-config\" style=\"display: none;\">__CONFIG_thrive_widget__{\"title\":\"Recently Viewed Products\",\"number\":\"10\",\"type\":\"widget_woocommerce_recently_viewed_products\",\"tve_shortcode_rendered\":0}__CONFIG_thrive_widget__<\/div>\n\n\n\n\n\n<\/div><div class=\"thrv_wrapper thrv_widget thrv_woocommerce_widget_cart\"><div class=\"widget-config\" style=\"display: none;\">__CONFIG_thrive_widget__{\"title\":\"Cart\",\"hide_if_empty\":\"0\",\"type\":\"widget_woocommerce_widget_cart\",\"tve_shortcode_rendered\":0}__CONFIG_thrive_widget__<\/div>\n\n\n\n\n\n\n\n\n\n\n\n\n\n<\/div>\n\n","decoration":[],"comments":[],"attr":{"class":""},"hide":1},"content":{"id":0,"content":"[thrive_checkout_template]","decoration":[],"comments":[],"attr":{"class":""},"hide":0},"bottom":{"id":0,"content":"<div class=\"thrv_wrapper thrv-columns\" data-css=\"tve-u-172f0121a57\" style=\"\"><div class=\"tcb-flex-row v-2 m-edit tcb-mobile-wrap tcb-resized tcb--cols--2 tcb-medium-no-wrap\" data-css=\"tve-u-172f0121a55\" style=\"\"><div class=\"tcb-flex-col\" data-css=\"tve-u-172f02823f6\" style=\"\"><div class=\"tcb-col\" style=\"\"><div class=\"thrv_wrapper thrv_text_element\" data-css=\"tve-u-172f08908ae\" style=\"\"><p class=\"tcb-global-text-\" data-css=\"tve-u-172f08954b8\" style=\"\">secure checkout<\/p><\/div><div class=\"thrv_wrapper thrv_text_element\" data-css=\"tve-u-172f08b1f6c\" style=\"\"><p class=\"tcb-global-text-\" data-css=\"tve-u-172f03e596c\" style=\"\">pay safely with:<\/p><\/div><\/div><\/div><div class=\"tcb-flex-col\" style=\"\" data-css=\"tve-u-172f051dfbb\"><div class=\"tcb-col\" style=\"\"><div class=\"thrv_wrapper thrv-credit\" data-style=\"style1\" data-cards=\"visa,masterCard,americanExpress,payPal,googlePay,applePay,bitcoin\" data-css=\"tve-u-172f08aedd4\" style=\"\"><svg viewBox=\"0 0 72 52\" class=\"tcb-visa-card\"><g><path class=\"visa-style-1-st0\" d=\"M7.6,0.9h56.7c3.7,0,6.6,3,6.6,6.6v36.7c0,3.7-3,6.6-6.6,6.6H7.6c-3.7,0-6.6-3-6.6-6.6V7.5C1,3.9,4,0.9,7.6,0.9z\"><\/path><path class=\"visa-style-1-st1\" d=\"M24.8,33.8h-4.1l-3.1-11.6c-0.1-0.5-0.5-1-0.9-1.2c-1.1-0.6-2.4-1-3.7-1.2v-0.4h6.6c0.9,0,1.6,0.7,1.7,1.5l1.6,8.4l4.1-9.8h4L24.8,33.8z M33.1,33.8h-3.8l3.2-14.5h3.8L33.1,33.8z M41.2,23.3c0.1-0.8,0.8-1.2,1.6-1.2c1.2-0.1,2.6,0.1,3.7,0.7l0.7-3.1c-1.1-0.4-2.4-0.7-3.5-0.7c-3.7,0-6.4,2-6.4,4.8c0,2.1,1.9,3.2,3.3,3.9c1.5,0.7,2,1.1,1.9,1.8c0,1-1.1,1.5-2.3,1.5c-1.4,0-2.7-0.3-4-0.9l-0.7,3.1c1.4,0.6,2.8,0.8,4.2,0.8C44,34,46.6,32,46.6,29C46.6,25.2,41.2,25,41.2,23.3L41.2,23.3z M60,33.8l-3.1-14.5h-3.3c-0.7,0-1.4,0.4-1.6,1.1l-5.6,13.4h4l0.8-2.1H56l0.5,2.1H60z M54.2,23.2l1.1,5.5h-3.2L54.2,23.2z\"><\/path><\/g><\/svg><svg viewBox=\"0 0 72 52\" class=\"tcb-masterCard-card\"><g transform=\"translate(337.000000, 0.000000)\"><path class=\"masterCard-style-1-st0\" d=\"M-329.4,0.9h56.7c3.7,0,6.6,3,6.6,6.6v36.7c0,3.7-3,6.6-6.6,6.6h-56.7c-3.7,0-6.6-3-6.6-6.6V7.5C-336,3.9-333,0.9-329.4,0.9z\"><\/path><g transform=\"translate(12.526316, 11.194030)\"><path class=\"masterCard-style-1-st1\" d=\"M-313.2,4.5c-2.4-2.1-5.5-3.3-8.8-3.3c-7.5,0-13.6,6.2-13.6,13.8s6.1,13.8,13.6,13.8c3.4,0,6.5-1.2,8.8-3.3c2.4,2.1,5.5,3.3,8.8,3.3c7.5,0,13.6-6.2,13.6-13.8s-6.1-13.8-13.6-13.8C-307.7,1.2-310.8,2.4-313.2,4.5z\"><\/path><path class=\"masterCard-style-1-st2\" d=\"M-313.2,4.5c-2.4-2.1-5.5-3.3-8.8-3.3c-7.5,0-13.6,6.2-13.6,13.8s6.1,13.8,13.6,13.8c3.4,0,6.5-1.2,8.8-3.3c-2.9-2.5-4.8-6.3-4.8-10.5S-316.1,7-313.2,4.5z\"><\/path><path class=\"masterCard-style-1-st3\" d=\"M-313.2,25.5c2.4,2.1,5.5,3.3,8.8,3.3c7.5,0,13.6-6.2,13.6-13.8s-6.1-13.8-13.6-13.8c-3.4,0-6.5,1.2-8.8,3.3c2.9,2.5,4.8,6.3,4.8,10.5S-310.2,23-313.2,25.5z\"><\/path><\/g><\/g><\/svg><svg viewBox=\"0 0 72 52\" class=\"tcb-americanExpress-card\"><g><g><g transform=\"translate(169.000000, 0.000000)\"><path class=\"americanExpress-style-1-st0\" d=\"M-161.4,0.9h56.7c3.7,0,6.6,3,6.6,6.6v36.7c0,3.7-3,6.6-6.6,6.6h-56.7c-3.7,0-6.6-3-6.6-6.6V7.5C-168,3.9-165,0.9-161.4,0.9z\"><\/path><\/g><\/g><path class=\"americanExpress-style-1-st1\" d=\"M31,28.2l-3.8-8.4h-4.6v11.9l-5.4-11.9h-3.8L8,32.3h3.2l1.1-2.7h6l1.1,2.7h6.2v-9.2l4.1,9.2h2.7l4.1-8.9v8.9h3V20.1h-4.6L31,28.5L31,28.2z M15.4,26.9h-1.9l1.9-4.3l0,0l2,4.3L15.4,26.9z\"><\/path><path class=\"americanExpress-style-1-st1\" d=\"M58.4,26l2.2-2.4l3.2-3.5H60l-3.5,3.8L53,20.1H41.3v12.2H53l3.5-4.1l3.5,4.1h3.8l-3.2-3.8L58.4,26z M51.1,29.8h-6.8v-2.4h6.8V25h-6.8v-2.2h6.8l3.5,3.2L51.1,29.8z\"><\/path><\/g><\/svg><svg viewBox=\"0 0 72 52\" class=\"tcb-payPal-card\"><g><g transform=\"translate(85.000000, 0.000000)\"><path class=\"payPal-style-1-st0\" d=\"M-77.4,0.9h56.7c3.7,0,6.6,3,6.6,6.6v36.7c0,3.7-3,6.6-6.6,6.6h-56.7c-3.7,0-6.6-3-6.6-6.6V7.5C-84,3.9-81,0.9-77.4,0.9z\"><\/path><\/g><path class=\"payPal-style-1-st1\" d=\"M34.7,18.3h8.1c4.3,0,6,2.2,5.7,5.4c-0.4,5.3-3.6,8.3-7.9,8.3h-2.2c-0.6,0-1,0.4-1.1,1.4l-0.9,6.1c-0.1,0.4-0.3,0.6-0.6,0.7h-5.1c-0.5,0-0.6-0.4-0.5-1.2l3.1-19.6C33.4,18.7,33.8,18.3,34.7,18.3z\"><\/path><path class=\"payPal-style-1-st2\" d=\"M29.6,11.6h8.1c2.3,0,5,0.1,6.8,1.7c1.2,1.1,1.8,2.8,1.7,4.6c-0.5,6.2-4.2,9.6-9.1,9.6h-4c-0.7,0-1.1,0.4-1.3,1.7l-1.1,7.1C30.6,36.7,30.4,37,30,37h-5c-0.6,0-0.7-0.4-0.6-1.3L28,12.9C28.2,12,28.7,11.6,29.6,11.6z\"><\/path><\/g><\/svg><svg viewBox=\"0 0 72 52\" class=\"tcb-googlePay-card\"><g><g><g transform=\"translate(169.000000, 0.000000)\"><path class=\"googlePay-style-1-st0\" d=\"M-161.3,0.9h56.7c3.7,0,6.6,3,6.6,6.6v36.7c0,3.7-3,6.6-6.6,6.6h-56.7c-3.7,0-6.6-3-6.6-6.6V7.5C-167.9,3.9-164.9,0.9-161.3,0.9z\"><\/path><\/g><rect x=\"18.4\" y=\"0.9\" transform=\"matrix(-1 -1.224647e-16 1.224647e-16 -1 54.3 51.8)\" class=\"googlePay-style-1-st1\" width=\"17.5\" height=\"50\"><\/rect><rect x=\"35.9\" y=\"0.9\" transform=\"matrix(-1 -1.224647e-16 1.224647e-16 -1 89.3 51.8)\" class=\"googlePay-style-1-st2\" width=\"17.5\" height=\"50\"><\/rect><path class=\"googlePay-style-1-st3\" d=\"M64.9,0.9H53.4v50h11.5c3.3,0,6-2.7,6-6v-38C70.9,3.6,68.2,0.9,64.9,0.9z\"><\/path><\/g><g><path class=\"googlePay-style-1-st4\" d=\"M42.8,17.7c-0.9-0.9-2.2-1.4-3.5-1.4H34V32h2v-6.3v0h3.3c1.4,0,2.5-0.4,3.5-1.3c0.9-0.8,1.5-2.1,1.4-3.3C44.3,19.7,43.7,18.5,42.8,17.7z M41.4,22.9c-0.5,0.5-1.2,0.8-2,0.8H36v-5.5v0h3.4c0.8,0,1.5,0.3,2,0.8c0,0,0,0,0.1,0.1C42.5,20.2,42.5,21.9,41.4,22.9z\"><\/path><path class=\"googlePay-style-1-st4\" d=\"M48.9,20.9c-1.9,0-3.4,0.7-4.3,2.1l1.8,1.1c0.7-0.9,1.5-1.4,2.7-1.4c0.7,0,1.4,0.3,1.9,0.7c0.5,0.4,0.8,1.1,0.8,1.8v0.5C51,25.3,50,25,48.8,25c-1.4,0-2.5,0.3-3.4,1c-0.8,0.7-1.3,1.5-1.3,2.6c0,1,0.4,2,1.2,2.6c0.8,0.7,1.8,1.1,3,1.1c1.4,0,2.5-0.6,3.3-1.8h0.1V32h1.9v-6.6c0-1.4-0.4-2.5-1.3-3.3C51.6,21.3,50.4,20.9,48.9,20.9z M50.8,29.6c-0.6,0.6-1.4,0.9-2.3,0.9c-0.6,0-1.1-0.2-1.6-0.5c-0.4-0.3-0.7-0.8-0.7-1.3c0-0.6,0.3-1.1,0.8-1.5c0.5-0.4,1.2-0.6,2-0.6c1.1,0,2,0.3,2.6,0.8C51.8,28.2,51.5,29,50.8,29.6z\"><\/path><polygon class=\"googlePay-style-1-st4\" points=\"62.6,21.3 59.5,29 59.4,29 56.2,21.3 54,21.3 58.5,31.3 56,36.7 58,36.7 64.8,21.3 \"><\/polygon><path class=\"googlePay-style-1-st4\" d=\"M19.2,22.5v3.5h4.9c-0.2,1.1-0.9,2.1-1.8,2.7v0c-0.8,0.5-1.8,0.9-3.1,0.9c-2.3,0-4.3-1.6-5.1-3.7c-0.4-1.1-0.4-2.3,0-3.4c0.7-2.1,2.7-3.7,5.1-3.7c1.3,0,2.5,0.5,3.5,1.4l2.6-2.6c-1.6-1.5-3.8-2.4-6-2.3c-3.4,0-6.5,1.9-8,5c-1.3,2.5-1.3,5.5,0,8.1c1.5,3,4.6,5,8,5c2.4,0,4.5-0.8,6-2.2l0,0h0c1.7-1.6,2.7-3.9,2.7-6.6c0-0.6-0.1-1.2-0.2-1.8H19.2z\"><\/path><\/g><\/g><\/svg><svg viewBox=\"0 0 72 52\" class=\"tcb-applePay-card\"><g><path class=\"applePay-style-1-st0\" d=\"M64.4,1H7.6C4,1,1,4,1,7.6v36.7C1,48,4,51,7.6,51h56.7c3.7,0,6.6-3,6.6-6.6V7.6C71,4,68,1,64.4,1z\"><\/path><\/g><g><g><path class=\"applePay-style-1-st1\" d=\"M18.6,17.6c0.7-0.8,1-1.9,0.9-2.9c-1,0.1-2,0.6-2.7,1.4s-1,1.8-1,2.8C16.9,18.9,17.9,18.5,18.6,17.6\"><\/path><path class=\"applePay-style-1-st1\" d=\"M19.5,19.1C18,19,16.7,19.9,16,19.9c-0.7,0-1.8-0.8-3-0.8c-1.6,0-3,0.9-3.8,2.3c-1.6,2.8-0.4,6.9,1.1,9.1c0.8,1.1,1.7,2.3,2.9,2.3s1.6-0.7,3-0.7s1.8,0.7,3,0.7s2-1.1,2.8-2.2c0.5-0.8,1-1.7,1.3-2.6c-1.5-0.6-2.4-2.1-2.4-3.7c0-1.4,0.8-2.7,2-3.5C22.1,19.8,20.8,19.2,19.5,19.1\"><\/path><\/g><g><path class=\"applePay-style-1-st1\" d=\"M34.4,16c3.3,0,5.5,2.2,5.5,5.5S37.6,27,34.3,27h-3.6v5.7h-2.6V16H34.4z M30.7,24.8h3c2.3,0,3.6-1.2,3.6-3.3s-1.3-3.3-3.5-3.3h-3L30.7,24.8L30.7,24.8z\"><\/path><path class=\"applePay-style-1-st1\" d=\"M40.6,29.3c0-2.1,1.6-3.4,4.7-3.6l3.2-0.2v-0.9c0-1.3-0.9-2.1-2.5-2.1c-1.3,0-2.3,0.7-2.5,1.7h-2.3c0.1-2.2,2.1-3.8,4.9-3.8c3,0,4.9,1.6,4.9,4v8.3h-2.4v-2h-0.1c-0.8,1.4-2.3,2.2-3.8,2.1C42.2,32.9,40.6,31.4,40.6,29.3z M48.5,28.2v-0.9l-2.9,0.2c-1.6,0.1-2.5,0.7-2.5,1.8S44,31,45.4,31C47.1,30.9,48.5,29.8,48.5,28.2z\"><\/path><path class=\"applePay-style-1-st1\" d=\"M53.2,37.2v-2c0.3,0,0.5,0,0.8,0c1.1,0,1.8-0.5,2.2-1.7l0.2-0.7L52,20.6h2.7l3.1,9.9h0.1l3.1-9.9h2.6L59,33.4c-1,2.9-2.2,3.9-4.8,3.9C53.8,37.3,53.5,37.3,53.2,37.2z\"><\/path><\/g><\/g><\/svg><svg viewBox=\"0 0 72 52\" class=\"tcb-bitcoin-card\"><g><path class=\"bitcoin-style-1-st0\" d=\"M63.4,0H6.6C3,0,0,3,0,6.6v36.7C0,47,3,50,6.6,50h56.7c3.7,0,6.6-3,6.6-6.6V6.6C70,3,67,0,63.4,0z\"><\/path><\/g><g><path class=\"bitcoin-style-1-st1\" d=\"M42,26c-0.5-0.7-1.3-1.2-2.2-1.4c0.7-0.3,1.2-0.8,1.6-1.4c0.4-0.6,0.6-1.3,0.6-2s-0.1-1.3-0.5-1.9c-0.3-0.5-0.7-1-1.2-1.4c-0.5-0.3-1-0.5-1.7-0.7c-0.5-0.1-1.1-0.1-1.8-0.1v-2.4h-2.6v2.4h-1.5h-0.2v-2.4h-2.6v2.4h-0.4H27v2.6h2.4v10.7H27V33h2.4h0.4v2.2h2.6V33h0.2h1.5v2.2h2.6V33c1,0,1.6-0.1,2-0.1c0.9-0.1,1.6-0.3,2.2-0.7s1-1,1.4-1.6c0.3-0.7,0.5-1.4,0.5-2.1C42.8,27.5,42.5,26.7,42,26z M34.4,19.8c1.5,0,2.4,0,2.8,0.1c0.5,0.1,1,0.3,1.2,0.5c0.3,0.3,0.4,0.7,0.4,1.2s-0.1,1-0.5,1.2C38,23,37.6,23.3,37,23.3c-0.3,0.1-1.1,0.1-2.4,0.1h-2.1v-3.7C32.6,19.8,34.4,19.8,34.4,19.8z M39,29.7c-0.3,0.3-0.7,0.5-1.2,0.6c-0.3,0.1-1,0.1-2.2,0.1h-3v-4.3h2.6c1.5,0,2.4,0.1,2.9,0.2c0.4,0.1,0.7,0.4,1,0.7c0.2,0.3,0.3,0.7,0.3,1.2C39.4,28.8,39.2,29.3,39,29.7z\"><\/path><\/g><g><path class=\"bitcoin-style-1-st0\" d=\"M63.4,0H6.6C3,0,0,3,0,6.6v36.7C0,47,3,50,6.6,50h56.7c3.7,0,6.6-3,6.6-6.6V6.6C70,3,67,0,63.4,0z\"><\/path><\/g><g><path class=\"bitcoin-style-1-st1\" d=\"M42,26c-0.5-0.7-1.3-1.2-2.2-1.4c0.7-0.3,1.2-0.8,1.6-1.4c0.4-0.6,0.6-1.3,0.6-2s-0.1-1.3-0.5-1.9c-0.3-0.5-0.7-1-1.2-1.4c-0.5-0.3-1-0.5-1.7-0.7c-0.5-0.1-1.1-0.1-1.8-0.1v-2.4h-2.6v2.4h-1.5h-0.2v-2.4h-2.6v2.4h-0.4H27v2.6h2.4v10.7H27V33h2.4h0.4v2.2h2.6V33h0.2h1.5v2.2h2.6V33c1,0,1.6-0.1,2-0.1c0.9-0.1,1.6-0.3,2.2-0.7s1-1,1.4-1.6c0.3-0.7,0.5-1.4,0.5-2.1C42.8,27.5,42.5,26.7,42,26z M34.4,19.8c1.5,0,2.4,0,2.8,0.1c0.5,0.1,1,0.3,1.2,0.5c0.3,0.3,0.4,0.7,0.4,1.2s-0.1,1-0.5,1.2C38,23,37.6,23.3,37,23.3c-0.3,0.1-1.1,0.1-2.4,0.1h-2.1v-3.7C32.6,19.8,34.4,19.8,34.4,19.8z M39,29.7c-0.3,0.3-0.7,0.5-1.2,0.6c-0.3,0.1-1,0.1-2.2,0.1h-3v-4.3h2.6c1.5,0,2.4,0.1,2.9,0.2c0.4,0.1,0.7,0.4,1,0.7c0.2,0.3,0.3,0.7,0.3,1.2C39.4,28.8,39.2,29.3,39,29.7z\"><\/path><\/g><g><path class=\"bitcoin-style-1-st1\" d=\"M35,43.5c-10.2,0-18.6-8.3-18.6-18.5S24.7,6.5,35,6.5S53.5,14.8,53.5,25S45.2,43.5,35,43.5z M35,8c-9.4,0-17.1,7.6-17.1,17S25.5,42,35,42s17-7.6,17-17S44.4,8,35,8z\"><\/path><\/g><\/svg><\/div><\/div><\/div><\/div><\/div>","decoration":[],"comments":[],"attr":{"class":""},"hide":0},"header":{"id":"4ea06fbc83cdd0a06020c35d50e1e89a","hide":0},"footer":{"id":"9fd81843ad7f202f26c1a174c7357585","hide":0}},"icons":[],"style":{"css":{"(min-width: 300px)":".tve-theme-__template_id__ #wrapper { --header-background-width:100%; --footer-background-width:100%; --top-background-width:100%; --bottom-background-width:100%; --top-content-width:100%; }.tve-theme-__template_id__ .content-section .section-content { padding: 20px 10px !important; }.tve-theme-__template_id__ .main-container { padding: 20px 10px !important; }.tve-theme-__template_id__ .content-section .checkout-template-wrapper { margin-top: 0px !important; margin-bottom: 0px !important; padding: 0px !important; background-color: transparent !important; }.tve-theme-__template_id__ .sidebar-section .section-background { border: medium none; background-color: transparent !important; }.tve-theme-__template_id__ .sidebar-section .section-content { padding: 20px 10px !important; }.tve-theme-__template_id__ .sidebar-section { margin: 0px !important; }.tve-theme-__template_id__ .sidebar-section [data-css=\"tve-u-1725ba1e54e\"] { border-radius: 4px; overflow: hidden; background-color: var(--tcb-skin-color-2)  !important; background-image: url(\"{{img=c527601f9454555cb914fec91805adab}}\") !important; border: none !important; background-size: cover !important; background-position: 50% 50% !important; background-attachment: scroll !important; background-repeat: no-repeat !important; }.tve-theme-__template_id__ .sidebar-section [data-css=\"tve-u-1725ba26717\"] { text-align: center; min-height: 185px !important; }.tve-theme-__template_id__ .sidebar-section [data-css=\"tve-u-1725bac5eae\"] { padding: 0px 20px 20px !important; margin-bottom: 40px !important; margin-top: 40px !important; }.tve-theme-__template_id__ .sidebar-section [data-css=\"tve-u-17299451e08\"] { float: none; padding: 0px !important; background-color: transparent !important; margin-left: auto !important; margin-right: auto !important; margin-bottom: 20px !important; }.tve-theme-__template_id__ .sidebar-section [data-css=\"tve-u-17299ca265f\"] { float: none; max-width: 99px; margin-bottom: 20px !important; margin-left: auto !important; margin-right: auto !important; background-color: rgb(255, 255, 255) !important; padding: 8px !important; background-image: none !important; }:not(#tve) .tve-theme-__template_id__ .sidebar-section [data-css=\"tve-u-17299cd57a8\"] { padding-bottom: 0px !important; margin-bottom: 0px !important; font-size: 20px !important; line-height: 1.3em !important; font-weight: var(--g-bold-weight, bold)  !important; color: var(--tcb-skin-color-3)  !important; --tcb-applied-color:var$(--tcb-skin-color-3)  !important; }.tve-theme-__template_id__ .sidebar-section [data-css=\"tve-u-17299d28974\"] .tcb-button-link { border-radius: 185px; overflow: hidden; letter-spacing: var(--tve-letter-spacing, 2px); box-shadow: 0px 4px 16px 0px var(--tcb-local-color-3d2c0); padding: 16px !important; background-color: var(--tcb-local-color-1d30b)  !important; }:not(#tve) .tve-theme-__template_id__ .sidebar-section [data-css=\"tve-u-17299d28974\"] .tcb-button-link { font-size: var(--tve-font-size, 11px)  !important; }.tve-theme-__template_id__ .sidebar-section [data-css=\"tve-u-17299d28974\"] { --tve-font-size:11px; --tve-letter-spacing:2px; --tve-font-weight:var(--g-bold-weight, bold); --tcb-local-color-48d06:rgb(19, 114, 211); --tcb-local-color-bd5e5:rgba(19, 114, 211, 0.2); --tcb-local-color-1d30b:var(--tcb-skin-color-0); --tcb-local-color-3d2c0:rgba(20, 115, 210, 0.2); float: none; --tve-text-transform:uppercase; --tve-color:rgb(255, 255, 255); --tve-applied---tve-color:rgb(255, 255, 255); margin: 0px auto !important; }:not(#tve) .tve-theme-__template_id__ .sidebar-section [data-css=\"tve-u-17299d28974\"] .tcb-button-link span { font-weight: var(--tve-font-weight, var(--g-bold-weight, bold)); text-transform: var(--tve-text-transform, uppercase); color: var(--tve-color, rgb(255, 255, 255)); --tve-applied-color:var$(--tve-color, rgb(255, 255, 255)); --tcb-applied-color:rgb(255, 255, 255); }:not(#tve) .tve-theme-__template_id__ .sidebar-section [data-css=\"tve-u-17299d28974\"]:hover .tcb-button-link { box-shadow: 0px 14px 40px 0px var(--tcb-local-color-3d2c0)  !important; background-color: var(--tcb-local-color-1d30b)  !important; }:not(#tve) .tve-theme-__template_id__ .sidebar-section [data-css=\"tve-u-17299d3b4c7\"] { padding-bottom: 0px !important; margin-bottom: 0px !important; font-size: 29px !important; color: var(--tcb-skin-color-13)  !important; --tcb-applied-color:var$(--tcb-skin-color-13)  !important; line-height: 1em !important; font-style: normal !important; }:not(#tve) .tve-theme-__template_id__ .sidebar-section [data-css=\"tve-u-17299dac94f\"] { letter-spacing: 1px; padding-bottom: 4px !important; margin-bottom: 0px !important; text-transform: uppercase !important; font-size: 13px !important; color: var(--tcb-skin-color-4)  !important; --tcb-applied-color:var$(--tcb-skin-color-4)  !important; font-weight: var(--g-bold-weight, bold)  !important; line-height: 1.3em !important; }:not(#tve) .tve-theme-__template_id__ .sidebar-section [data-css=\"tve-u-17299dac951\"] { letter-spacing: 1px; padding-bottom: 0px !important; margin-bottom: 0px !important; text-transform: none !important; font-size: 11px !important; color: rgba(0, 0, 0, 0.65) !important; --tcb-applied-color:rgba(0, 0, 0, 0.65)  !important; font-weight: var(--g-regular-weight, normal)  !important; line-height: 1.3em !important; }.tve-theme-__template_id__ .sidebar-section [data-css=\"tve-u-17299dac952\"] { margin-left: -12px; padding: 1px !important; }.tve-theme-__template_id__ .sidebar-section [data-css=\"tve-u-17299dac953\"] { margin-top: 0px !important; margin-bottom: 0px !important; }.tve-theme-__template_id__ .sidebar-section [data-css=\"tve-u-17299dac952\"] > .tcb-flex-col > .tcb-col { justify-content: center; }.tve-theme-__template_id__ .sidebar-section [data-css=\"tve-u-17299dac952\"] > .tcb-flex-col { padding-left: 12px; }.tve-theme-__template_id__ .sidebar-section [data-css=\"tve-u-17299dac955\"] { max-width: 36.8%; }.tve-theme-__template_id__ .sidebar-section [data-css=\"tve-u-17299dac956\"] { max-width: 63.2%; }.tve-theme-__template_id__ .sidebar-section [data-css=\"tve-u-17299dac964\"] { padding: 8px !important; margin: 0px !important; }.tve-theme-__template_id__ .sidebar-section [data-css=\"tve-u-17299dac966\"] { font-size: 18px; width: 18px; height: 18px; border-radius: 100px; overflow: hidden; border: 1px solid rgba(0, 0, 0, 0.16); padding: 17px !important; margin-top: 0px !important; margin-bottom: 0px !important; background-color: transparent !important; }:not(#tve) .tve-theme-__template_id__ .sidebar-section [data-css=\"tve-u-17299dac966\"] > :first-child { color: var(--tcb-skin-color-4); }.tve-theme-__template_id__ .sidebar-section [data-css=\"tve-u-17299dac967\"]::after { clear: both; }.tve-theme-__template_id__ .sidebar-section [data-css=\"tve-u-17299dc406f\"] { background-color: var(--tcb-skin-color-2)  !important; }.tve-theme-__template_id__ .sidebar-section [data-css=\"tve-u-17299dd7209\"] { padding: 8px !important; margin: 0px 0px 8px !important; }.tve-theme-__template_id__ .sidebar-section [data-css=\"tve-u-17299ddf06d\"] { padding: 8px !important; margin: 0px 0px 8px !important; }.tve-theme-__template_id__ .sidebar-section [data-css=\"tve-u-17299deb6e1\"] { font-size: 18px; width: 18px; height: 18px; border-radius: 100px; overflow: hidden; border: 1px solid rgba(0, 0, 0, 0.16); padding: 17px !important; margin-top: 0px !important; margin-bottom: 0px !important; background-color: transparent !important; }:not(#tve) .tve-theme-__template_id__ .sidebar-section [data-css=\"tve-u-17299deb6e1\"] > :first-child { color: var(--tcb-skin-color-4); }.tve-theme-__template_id__ .sidebar-section [data-css=\"tve-u-17299dec597\"] { font-size: 18px; width: 18px; height: 18px; border-radius: 100px; overflow: hidden; border: 1px solid rgba(0, 0, 0, 0.16); padding: 17px !important; margin-top: 0px !important; margin-bottom: 0px !important; background-color: transparent !important; }:not(#tve) .tve-theme-__template_id__ .sidebar-section [data-css=\"tve-u-17299dec597\"] > :first-child { color: var(--tcb-skin-color-4); }.tve-theme-__template_id__ .sidebar-section [data-css=\"tve-u-17299e9512b\"] { margin-left: -12px; padding: 1px !important; }.tve-theme-__template_id__ .sidebar-section [data-css=\"tve-u-17299e9512b\"] > .tcb-flex-col > .tcb-col { justify-content: center; }.tve-theme-__template_id__ .sidebar-section [data-css=\"tve-u-17299e9512b\"] > .tcb-flex-col { padding-left: 12px; }.tve-theme-__template_id__ .sidebar-section [data-css=\"tve-u-17299e95f26\"] { margin-left: -12px; padding: 1px !important; }.tve-theme-__template_id__ .sidebar-section [data-css=\"tve-u-17299e95f26\"] > .tcb-flex-col > .tcb-col { justify-content: center; }.tve-theme-__template_id__ .sidebar-section [data-css=\"tve-u-17299e95f26\"] > .tcb-flex-col { padding-left: 12px; }.tve-theme-__template_id__ .sidebar-section [data-css=\"tve-u-17299e9725b\"] { margin-left: -12px; padding: 1px !important; }.tve-theme-__template_id__ .sidebar-section [data-css=\"tve-u-17299e9725b\"] > .tcb-flex-col > .tcb-col { justify-content: center; }.tve-theme-__template_id__ .sidebar-section [data-css=\"tve-u-17299e9725b\"] > .tcb-flex-col { padding-left: 12px; }.tve-theme-__template_id__ .sidebar-section [data-css=\"tve-u-17299e991f6\"] { font-size: 18px; width: 18px; height: 18px; border-radius: 100px; overflow: hidden; border: 1px solid rgba(0, 0, 0, 0.16); padding: 17px !important; margin-top: 0px !important; margin-bottom: 0px !important; background-color: transparent !important; }:not(#tve) .tve-theme-__template_id__ .sidebar-section [data-css=\"tve-u-17299e991f6\"] > :first-child { color: var(--tcb-skin-color-4); }:not(#tve) .tve-theme-__template_id__ .sidebar-section [data-css=\"tve-u-17299ea959f\"] { letter-spacing: 1px; padding-bottom: 4px !important; margin-bottom: 0px !important; text-transform: uppercase !important; font-size: 13px !important; color: var(--tcb-skin-color-4)  !important; --tcb-applied-color:var$(--tcb-skin-color-4)  !important; font-weight: var(--g-bold-weight, bold)  !important; line-height: 1.3em !important; }:not(#tve) .tve-theme-__template_id__ .sidebar-section [data-css=\"tve-u-17299eaa4a7\"] { letter-spacing: 1px; padding-bottom: 4px !important; margin-bottom: 0px !important; text-transform: uppercase !important; font-size: 13px !important; color: var(--tcb-skin-color-4)  !important; --tcb-applied-color:var$(--tcb-skin-color-4)  !important; font-weight: var(--g-bold-weight, bold)  !important; line-height: 1.3em !important; }:not(#tve) .tve-theme-__template_id__ .sidebar-section [data-css=\"tve-u-17299eab053\"] { letter-spacing: 1px; padding-bottom: 4px !important; margin-bottom: 0px !important; text-transform: uppercase !important; font-size: 13px !important; color: var(--tcb-skin-color-4)  !important; --tcb-applied-color:var$(--tcb-skin-color-4)  !important; font-weight: var(--g-bold-weight, bold)  !important; line-height: 1.3em !important; }.tve-theme-__template_id__ .sidebar-section [data-css=\"tve-u-17299ec002b\"] { padding: 8px !important; margin: 0px 0px 8px !important; }:not(#tve) .tve-theme-__template_id__ .sidebar-section [data-css=\"tve-u-172b8a1f92b\"] { letter-spacing: 1px; padding-bottom: 0px !important; margin-bottom: 0px !important; text-transform: capitalize !important; font-size: 11px !important; color: rgba(0, 0, 0, 0.65) !important; --tcb-applied-color:rgba(0, 0, 0, 0.65)  !important; font-weight: var(--g-regular-weight, normal)  !important; line-height: 1.3em !important; }.tve-theme-__template_id__ .sidebar-section [data-css=\"tve-u-1725bac5eae\"] > .tve-cb { display: block; }.tve-theme-__template_id__ .sidebar-section [data-css=\"tve-u-17300cf1d4a\"]::after { clear: both; }.tve-theme-__template_id__ .sidebar-section [data-css=\"tve-u-17300cf2408\"]::after { clear: both; }.tve-theme-__template_id__ .sidebar-section [data-css=\"tve-u-17300cf2b1e\"]::after { clear: both; }.tve-theme-__template_id__ .sidebar-section [data-css=\"tve-u-17300cf515e\"] { margin-top: 0px !important; margin-bottom: 0px !important; }.tve-theme-__template_id__ .sidebar-section [data-css=\"tve-u-17300cf6848\"] { margin-top: 0px !important; margin-bottom: 0px !important; }.tve-theme-__template_id__ .sidebar-section [data-css=\"tve-u-17300cf8049\"] { margin-top: 0px !important; margin-bottom: 0px !important; }.tve-theme-__template_id__ .sidebar-section [data-css=\"tve-u-17304aa32b5\"] { max-width: 36.8%; }.tve-theme-__template_id__ .sidebar-section [data-css=\"tve-u-17304aa32b8\"] { max-width: 63.2%; }.tve-theme-__template_id__ .sidebar-section [data-css=\"tve-u-17304aa49a2\"] { max-width: 36.8%; }.tve-theme-__template_id__ .sidebar-section [data-css=\"tve-u-17304aa49a5\"] { max-width: 63.2%; }.tve-theme-__template_id__ .sidebar-section [data-css=\"tve-u-17304aa5040\"] { max-width: 36.8%; }.tve-theme-__template_id__ .sidebar-section [data-css=\"tve-u-17304aa5042\"] { max-width: 63.2%; }:not(#layout) .tve-theme-__template_id__ .main-container { --sidebar-size:20.28%; }.tve-theme-__template_id__ .bottom-section .section-background { background-color: transparent !important; background-image: none !important; }.tve-theme-__template_id__ .bottom-section .section-content { justify-content: center; display: flex; flex-direction: column; min-height: 1px !important; padding: 20px !important; }.tve-theme-__template_id__ .bottom-section [data-css=\"tve-u-172f0121a55\"] { margin-left: -40px; padding: 0px !important; }.tve-theme-__template_id__ .bottom-section [data-css=\"tve-u-172f0121a57\"] { margin-top: 0px !important; margin-bottom: 0px !important; background-color: transparent !important; }.tve-theme-__template_id__ .bottom-section [data-css=\"tve-u-172f02823f6\"] { max-width: 19.4%; }:not(#tve) .tve-theme-__template_id__ .bottom-section [data-css=\"tve-u-172f03e596c\"] { letter-spacing: 1px; padding-bottom: 0px !important; margin-bottom: 0px !important; text-transform: uppercase !important; font-size: 11px !important; color: rgba(0, 0, 0, 0.3) !important; --tcb-applied-color:rgba(0, 0, 0, 0.3)  !important; font-weight: var(--g-bold-weight, bold)  !important; line-height: 1.6em !important; }.tve-theme-__template_id__ .bottom-section [data-css=\"tve-u-172f0121a55\"] > .tcb-flex-col { padding-left: 40px; }.tve-theme-__template_id__ .bottom-section [data-css=\"tve-u-172f051dfbb\"] { max-width: 80.6%; }.tve-theme-__template_id__ .bottom-section [data-css=\"tve-u-172f0121a55\"] > .tcb-flex-col > .tcb-col { justify-content: center; }.tve-theme-__template_id__ .bottom-section [data-css=\"tve-u-172f08908ae\"] { position: relative !important; padding: 0px !important; margin-bottom: 0px !important; }:not(#tve) .tve-theme-__template_id__ .bottom-section [data-css=\"tve-u-172f08954b8\"] { letter-spacing: 1px; padding-bottom: 0px !important; margin-bottom: 0px !important; text-transform: uppercase !important; font-size: 13px !important; color: var(--tcb-skin-color-4)  !important; --tcb-applied-color:var$(--tcb-skin-color-4)  !important; font-weight: var(--g-bold-weight, bold)  !important; line-height: 1.6em !important; }.tve-theme-__template_id__ .bottom-section [data-css=\"tve-u-172f08aedd4\"] { font-size: 26px; margin-top: 0px !important; margin-bottom: 0px !important; padding: 0px !important; }.tve-theme-__template_id__ .bottom-section [data-css=\"tve-u-172f08b1f6c\"] { position: relative !important; padding: 0px !important; margin-bottom: 0px !important; }","(max-width: 1023px)":".tve-theme-__template_id__ .content-section .section-content { padding-left: 20px !important; padding-right: 20px !important; }.tve-theme-__template_id__ .main-container { padding: 20px !important; }.tve-theme-__template_id__ .sidebar-section .section-content { padding: 20px 10px !important; }.tve-theme-__template_id__ .sidebar-section { margin: 0px !important; }.tve-theme-__template_id__ .sidebar-section [data-css=\"tve-u-1725ba26717\"] { min-height: 164px !important; }.tve-theme-__template_id__ .sidebar-section [data-css=\"tve-u-17299dac966\"] { float: right; z-index: 3; position: relative; }.tve-theme-__template_id__ .sidebar-section [data-css=\"tve-u-17300cf1d4a\"]::after { clear: both; }.tve-theme-__template_id__ .sidebar-section [data-css=\"tve-u-17299dec597\"] { float: right; z-index: 3; position: relative; }.tve-theme-__template_id__ .sidebar-section [data-css=\"tve-u-17300cf2408\"]::after { clear: both; }.tve-theme-__template_id__ .sidebar-section [data-css=\"tve-u-17299deb6e1\"] { float: right; z-index: 3; position: relative; }.tve-theme-__template_id__ .sidebar-section [data-css=\"tve-u-17300cf2b1e\"]::after { clear: both; }.tve-theme-__template_id__ .sidebar-section [data-css=\"tve-u-17299e991f6\"] { float: right; z-index: 3; position: relative; }.tve-theme-__template_id__ .sidebar-section [data-css=\"tve-u-17299dac967\"]::after { clear: both; }.tve-theme-__template_id__ .sidebar-section [data-css=\"tve-u-17300cf515e\"] { float: none; max-width: 300px; margin-left: auto !important; margin-right: auto !important; }.tve-theme-__template_id__ .sidebar-section [data-css=\"tve-u-17300cf6848\"] { float: none; max-width: 300px; margin-left: auto !important; margin-right: auto !important; }.tve-theme-__template_id__ .sidebar-section [data-css=\"tve-u-17300cf8049\"] { float: none; max-width: 300px; margin-left: auto !important; margin-right: auto !important; }.tve-theme-__template_id__ .sidebar-section [data-css=\"tve-u-17299dac953\"] { float: none; max-width: 300px; margin-left: auto !important; margin-right: auto !important; }.tve-theme-__template_id__ .bottom-section [data-css=\"tve-u-172f0121a55\"] { margin-left: -20px; flex-wrap: nowrap !important; }.tve-theme-__template_id__ .bottom-section [data-css=\"tve-u-172f0121a57\"] { width: 100%; }.tve-theme-__template_id__ .bottom-section [data-css=\"tve-u-172f02823f6\"] { max-width: 31.4%; }.tve-theme-__template_id__ .bottom-section [data-css=\"tve-u-172f0121a55\"] > .tcb-flex-col { padding-left: 20px; }.tve-theme-__template_id__ .bottom-section .section-content { padding-left: 40px !important; padding-right: 40px !important; }:not(#tve) .tve-theme-__template_id__ .bottom-section [data-css=\"tve-u-172f03e596c\"] { font-size: 9px !important; }.tve-theme-__template_id__ .bottom-section [data-css=\"tve-u-172f051dfbb\"] { max-width: 68.6%; }:not(#tve) .tve-theme-__template_id__ .bottom-section [data-css=\"tve-u-172f08954b8\"] { font-size: 12px !important; }","(max-width: 767px)":".tve-theme-__template_id__ .main-container { padding: 10px !important; }.tve-theme-__template_id__ .content-section .section-content { padding-left: 10px !important; padding-right: 10px !important; }.tve-theme-__template_id__ .sidebar-section .section-content { padding: 20px 10px 10px !important; }.tve-theme-__template_id__ .sidebar-section { margin-left: 0px !important; margin-right: 0px !important; margin-bottom: 0px !important; }.tve-theme-__template_id__ .sidebar-section [data-css=\"tve-u-17299dac952\"] { flex-wrap: nowrap !important; }.tve-theme-__template_id__ .sidebar-section [data-css=\"tve-u-17299dac955\"] { max-width: 101px; }.tve-theme-__template_id__ .sidebar-section [data-css=\"tve-u-17299dac956\"] { max-width: 68.1%; }.tve-theme-__template_id__ .sidebar-section [data-css=\"tve-u-17299dac964\"] { margin-bottom: 15px !important; }.tve-theme-__template_id__ .sidebar-section [data-css=\"tve-u-17299dac966\"] { float: right; z-index: 3; position: relative; font-size: 18px; width: 18px; height: 18px; padding: 18px !important; }.tve-theme-__template_id__ .sidebar-section [data-css=\"tve-u-17299dac967\"]::after { clear: both; }.tve-theme-__template_id__ .sidebar-section [data-css=\"tve-u-17299dd7209\"] { margin-bottom: 15px !important; }.tve-theme-__template_id__ .sidebar-section [data-css=\"tve-u-17299ddf06d\"] { margin-bottom: 15px !important; }.tve-theme-__template_id__ .sidebar-section [data-css=\"tve-u-17299deb6e1\"] { float: right; z-index: 3; position: relative; font-size: 18px; width: 18px; height: 18px; padding: 18px !important; margin-left: auto !important; margin-right: auto !important; }.tve-theme-__template_id__ .sidebar-section [data-css=\"tve-u-17299dec597\"] { float: right; z-index: 3; position: relative; font-size: 18px; width: 18px; height: 18px; padding: 18px !important; }.tve-theme-__template_id__ .sidebar-section [data-css=\"tve-u-17299e9512b\"] { flex-wrap: nowrap !important; }.tve-theme-__template_id__ .sidebar-section [data-css=\"tve-u-17299e95f26\"] { flex-wrap: nowrap !important; }.tve-theme-__template_id__ .sidebar-section [data-css=\"tve-u-17299e9725b\"] { flex-wrap: nowrap !important; }.tve-theme-__template_id__ .sidebar-section [data-css=\"tve-u-17299e991f6\"] { float: right; z-index: 3; position: relative; font-size: 18px; width: 18px; height: 18px; padding: 18px !important; margin-left: auto !important; margin-right: auto !important; }.tve-theme-__template_id__ .sidebar-section [data-css=\"tve-u-17299ec002b\"] { margin-bottom: 15px !important; }.tve-theme-__template_id__ .sidebar-section [data-css=\"tve-u-17300cf1d4a\"]::after { clear: both; }.tve-theme-__template_id__ .sidebar-section [data-css=\"tve-u-17300cf2408\"]::after { clear: both; }.tve-theme-__template_id__ .sidebar-section [data-css=\"tve-u-17300cf2b1e\"]::after { clear: both; }.tve-theme-__template_id__ .sidebar-section [data-css=\"tve-u-17304aa32b5\"] { max-width: 33.7%; }.tve-theme-__template_id__ .sidebar-section [data-css=\"tve-u-17304aa32b8\"] { max-width: 66.3%; }.tve-theme-__template_id__ .sidebar-section [data-css=\"tve-u-17304aa49a2\"] { max-width: 33.7%; }.tve-theme-__template_id__ .sidebar-section [data-css=\"tve-u-17304aa49a5\"] { max-width: 66.3%; }.tve-theme-__template_id__ .sidebar-section [data-css=\"tve-u-17304aa5040\"] { max-width: 33.7%; }.tve-theme-__template_id__ .sidebar-section [data-css=\"tve-u-17304aa5042\"] { max-width: 66.3%; }.tve-theme-__template_id__ .bottom-section [data-css=\"tve-u-172f0121a55\"] { margin-left: -15px; flex-wrap: wrap !important; padding-top: 0px !important; padding-bottom: 0px !important; }.tve-theme-__template_id__ .bottom-section [data-css=\"tve-u-172f0121a55\"] > .tcb-flex-col { padding-left: 15px; flex-basis: 234px !important; }.tve-theme-__template_id__ .bottom-section [data-css=\"tve-u-172f0121a57\"] { text-align: left; }.tve-theme-__template_id__ .bottom-section .section-content { padding: 20px 20px 10px !important; min-height: 1px !important; }:not(#tve) .tve-theme-__template_id__ .bottom-section [data-css=\"tve-u-172f03e596c\"] { letter-spacing: 1px; font-size: 10px !important; }:not(#tve) .tve-theme-__template_id__ .bottom-section [data-css=\"tve-u-172f08954b8\"] { letter-spacing: 1px; font-size: 12px !important; }.tve-theme-__template_id__ .bottom-section [data-css=\"tve-u-172f08aedd4\"] { font-size: 20px; }.tve-theme-__template_id__ .bottom-section [data-css=\"tve-u-172f08b1f6c\"] { margin-bottom: 10px !important; }"},"fonts":[],"dynamic":[]},"format":"standard","tag":"5f17fce8e2463","no_search_results":"","primary_template":"singular","secondary_template":"checkout","variable_template":""},"post_status":"publish"}]