{"4ea06fbc83cdd0a06020c35d50e1e89a":{"name":"770.png","folder":"symbols","h":23,"w":600,"custom_subdir":1},"9fd81843ad7f202f26c1a174c7357585":{"name":"297.png","folder":"symbols","h":112,"w":600,"custom_subdir":1},"f8eec0a08d2ab4be92d1c9d7622582f8":{"name":"middle_image_16-1.jpg"},"88b5bc63ba584637cb34881a061fd9e9":{"name":"featured_on_logo4.png"},"f5d595ed3db0fc9cd1d6533f8a24d970":{"name":"featured_on_logo2.png"},"0c7119e3a6a2209da6a5b90e5b5b75bd":{"name":"4801.png","folder":"thrive-theme\/preview","h":300,"w":300,"custom_subdir":1}}