[{"ID":4801,"post_title":"WooCommerce Cart 01","post_type":"thrive_template","meta_input":{"default":"1","layout":"20f07591c6fcb220ffe637cda29bb3f6","layout_data":{"hide_sidebar":1},"structure":"[thrive_template_section type=\"top\" ][thrive_template_content]\n[thrive_main_container]\n[thrive_template_section type=\"sidebar\" ]\n[thrive_template_section type=\"content\" ]\n[\/thrive_main_container]\n[\/thrive_template_content][thrive_template_section type=\"bottom\" ]","sidebar-type":"","sticky-sidebar":"","off-screen-sidebar":"","tve_globals":{"js_sdk":[],"fb_comment_admins":""},"comments":{"labels":[],"icons":[]},"sections":{"top":{"id":0,"content":"<div class=\"thrv_wrapper thrv-columns\" data-css=\"tve-u-172c77d3f77\" style=\"\"><div class=\"tcb-flex-row v-2 tcb-medium-no-wrap m-edit tcb--cols--3 tcb-resized tcb-mobile-no-wrap\" data-css=\"tve-u-172c77d3f76\" style=\"\"><div class=\"tcb-flex-col\" data-css=\"tve-u-172c7a77494\"><div class=\"tcb-col\" data-css=\"tve-u-172c7aa5edf\" style=\"\"><div class=\"tcb-clear\" data-css=\"tve-u-172c7a51825\"><div class=\"thrv_wrapper thrv_contentbox_shortcode thrv-content-box tve-elem-default-pad\" data-css=\"tve-u-172c77d3f8d\" style=\"\">\n<div class=\"tve-content-box-background\"><\/div>\n<div class=\"tve-cb\"><div class=\"thrv_wrapper thrv-columns\" data-css=\"tve-u-172c77d3f7d\" style=\"\"><div class=\"tcb-flex-row v-2 tcb-resized tcb--cols--2 m-edit tcb-mobile-wrap\" data-css=\"tve-u-172c77d3f7b\" style=\"\"><div class=\"tcb-flex-col c-33\" data-css=\"tve-u-172c77d3f7e\" style=\"\"><div class=\"tcb-col\" style=\"\"><div class=\"tcb-clear\" data-css=\"tve-u-172c77d3f90\"><div class=\"thrv_wrapper thrv_icon tcb-icon-display\" data-css=\"tve-u-172c77d3f8f\" style=\"\"><svg class=\"tcb-icon\" viewBox=\"0 0 640 512\" data-id=\"icon-shipping-fast-light\" data-name=\"\" style=\"\">\n<path d=\"M280 192c4.4 0 8-3.6 8-8v-16c0-4.4-3.6-8-8-8H40c-4.4 0-8 3.6-8 8v16c0 4.4 3.6 8 8 8h240zm352 192h-24V275.9c0-16.8-6.8-33.3-18.8-45.2l-83.9-83.9c-11.8-12-28.3-18.8-45.2-18.8H416V78.6c0-25.7-22.2-46.6-49.4-46.6H113.4C86.2 32 64 52.9 64 78.6V96H8c-4.4 0-8 3.6-8 8v16c0 4.4 3.6 8 8 8h240c4.4 0 8-3.6 8-8v-16c0-4.4-3.6-8-8-8H96V78.6c0-8.1 7.8-14.6 17.4-14.6h253.2c9.6 0 17.4 6.5 17.4 14.6V384H207.6C193 364.7 170 352 144 352c-18.1 0-34.6 6.2-48 16.4V288H64v144c0 44.2 35.8 80 80 80s80-35.8 80-80c0-5.5-.6-10.8-1.6-16h195.2c-1.1 5.2-1.6 10.5-1.6 16 0 44.2 35.8 80 80 80s80-35.8 80-80c0-5.5-.6-10.8-1.6-16H632c4.4 0 8-3.6 8-8v-16c0-4.4-3.6-8-8-8zm-488 96c-26.5 0-48-21.5-48-48s21.5-48 48-48 48 21.5 48 48-21.5 48-48 48zm272-320h44.1c8.4 0 16.7 3.4 22.6 9.4l83.9 83.9c.8.8 1.1 1.9 1.8 2.8H416V160zm80 320c-26.5 0-48-21.5-48-48s21.5-48 48-48 48 21.5 48 48-21.5 48-48 48zm80-96h-16.4C545 364.7 522 352 496 352s-49 12.7-63.6 32H416v-96h160v96zM256 248v-16c0-4.4-3.6-8-8-8H8c-4.4 0-8 3.6-8 8v16c0 4.4 3.6 8 8 8h240c4.4 0 8-3.6 8-8z\"><\/path>\n<\/svg><\/div><\/div><\/div><\/div><div class=\"tcb-flex-col c-66\" data-css=\"tve-u-172c77d3f7f\" style=\"\"><div class=\"tcb-col\" style=\"\" data-css=\"tve-u-172c7a25fdd\"><div class=\"thrv_wrapper thrv_text_element\"><p class=\"tcb-global-text-\" data-css=\"tve-u-172c77fc740\" style=\"\">Free Shipping<\/p><\/div><div class=\"thrv_wrapper thrv_text_element\"><p class=\"tcb-global-text-\" data-css=\"tve-u-172c79b367e\" style=\"\">On Orders over $99<\/p><\/div><\/div><\/div><\/div><\/div><\/div>\n<\/div><\/div><\/div><\/div><div class=\"tcb-flex-col\" data-css=\"tve-u-172c7a774cb\" style=\"\"><div class=\"tcb-col\"><div class=\"thrv_wrapper thrv_contentbox_shortcode thrv-content-box tve-elem-default-pad\" data-css=\"tve-u-172c77d3f79\" style=\"\">\n<div class=\"tve-content-box-background\"><\/div>\n<div class=\"tve-cb\"><div class=\"thrv_wrapper thrv_contentbox_shortcode thrv-content-box tve-elem-default-pad\" data-css=\"tve-u-172c77d3f83\" style=\"\">\n<div class=\"tve-content-box-background\"><\/div>\n<div class=\"tve-cb\" data-css=\"tve-u-172c7aa5270\" style=\"\"><div class=\"thrv_wrapper thrv-columns\" data-css=\"tve-u-172c77d3f8e\" style=\"\"><div class=\"tcb-flex-row v-2 tcb-resized tcb--cols--2 m-edit tcb-mobile-wrap\" data-css=\"tve-u-172c77d3f8c\" style=\"\"><div class=\"tcb-flex-col c-33 column-fixed-width\" data-css=\"tve-u-172c77d3f88\" style=\"\"><div class=\"tcb-col\" style=\"\"><div class=\"tcb-clear\" data-css=\"tve-u-172c77d3f8b\"><div class=\"thrv_wrapper thrv_icon tcb-icon-display\" data-css=\"tve-u-172c77d3f91\" style=\"\"><svg class=\"tcb-icon\" viewBox=\"0 0 512 512\" data-id=\"icon-exchange-light\" data-name=\"\">\n<path d=\"M508.485 184.485l-92.485 92c-4.687 4.686-12.284 4.686-16.97 0l-7.071-7.07c-4.687-4.686-4.687-12.284 0-16.971L452.893 192H12c-6.627 0-12-5.373-12-12v-8c0-6.627 5.373-12 12-12h440.905l-60.946-60.444c-4.687-4.686-4.687-12.284 0-16.971l7.07-7.07c4.687-4.686 12.284-4.686 16.971 0l92.485 92c4.687 4.686 4.686 12.284 0 16.97zm-504.97 160l92.485 92c4.687 4.686 12.284 4.686 16.971 0l7.07-7.07c4.687-4.686 4.687-12.284 0-16.971L59.095 352H500c6.627 0 12-5.373 12-12v-8c0-6.627-5.373-12-12-12H59.107l60.934-60.444c4.687-4.686 4.687-12.284 0-16.971l-7.071-7.07c-4.686-4.686-12.284-4.687-16.97 0l-92.485 92c-4.686 4.686-4.687 12.284 0 16.97z\"><\/path>\n<\/svg><\/div><\/div><\/div><\/div><div class=\"tcb-flex-col c-66\" data-css=\"tve-u-172c77d3f8a\" style=\"\"><div class=\"tcb-col\" style=\"\"><div class=\"thrv_wrapper thrv_text_element\"><p class=\"tcb-global-text-\" data-css=\"tve-u-172c78228f4\" style=\"\">easy returns<\/p><\/div><div class=\"thrv_wrapper thrv_text_element tve-froala fr-box fr-basic\"><p class=\"tcb-global-text-\" data-css=\"tve-u-172c7ab049a\" style=\"\"><a class=\"tve-froala fr-basic\" data-css=\"tve-u-172c77d3f80\" data-tcb_hover_state_parent=\"\" href=\"\" style=\"outline: none;\" target=\"_blank\">More info here<\/a><\/p><\/div><\/div><\/div><\/div><\/div><\/div>\n<\/div><\/div>\n<\/div><\/div><\/div><div class=\"tcb-flex-col\" data-css=\"tve-u-172c7a77500\" style=\"\"><div class=\"tcb-col\"><div class=\"thrv_wrapper thrv_contentbox_shortcode thrv-content-box tve-elem-default-pad\" data-css=\"tve-u-172c77d3f82\" style=\"\">\n<div class=\"tve-content-box-background\"><\/div>\n<div class=\"tve-cb\"><div class=\"thrv_wrapper thrv-columns\" data-css=\"tve-u-172c7aa3ee4\" style=\"\"><div class=\"tcb-flex-row v-2 tcb-resized m-edit tcb--cols--2 tcb-mobile-wrap\" data-css=\"tve-u-172c77d3f87\" style=\"\"><div class=\"tcb-flex-col c-33 column-fixed-width\" data-css=\"tve-u-172c77d3f84\" style=\"\"><div class=\"tcb-col\" style=\"\"><div class=\"tcb-clear\" data-css=\"tve-u-172c77d3f86\"><div class=\"thrv_wrapper thrv_icon tcb-icon-display\" data-css=\"tve-u-172c77d3f94\" style=\"\"><svg class=\"tcb-icon\" viewBox=\"0 0 576 512\" data-id=\"icon-credit-card-light\" data-name=\"\">\n<path d=\"M528 32H48C21.5 32 0 53.5 0 80v352c0 26.5 21.5 48 48 48h480c26.5 0 48-21.5 48-48V80c0-26.5-21.5-48-48-48zM48 64h480c8.8 0 16 7.2 16 16v48H32V80c0-8.8 7.2-16 16-16zm480 384H48c-8.8 0-16-7.2-16-16V224h512v208c0 8.8-7.2 16-16 16zm-336-84v8c0 6.6-5.4 12-12 12h-72c-6.6 0-12-5.4-12-12v-8c0-6.6 5.4-12 12-12h72c6.6 0 12 5.4 12 12zm192 0v8c0 6.6-5.4 12-12 12H236c-6.6 0-12-5.4-12-12v-8c0-6.6 5.4-12 12-12h136c6.6 0 12 5.4 12 12z\"><\/path>\n<\/svg><\/div><\/div><\/div><\/div><div class=\"tcb-flex-col c-66\" data-css=\"tve-u-172c77d3f85\" style=\"\"><div class=\"tcb-col\" style=\"\"><div class=\"thrv_wrapper thrv_text_element\"><p class=\"tcb-global-text-\" data-css=\"tve-u-172c77d3f78\" style=\"\">Secure Payment<\/p><\/div><div class=\"thrv_wrapper thrv_text_element tve-froala fr-box fr-basic\"><p class=\"tcb-global-text-\" data-css=\"tve-u-172c79b62ea\" style=\"\"><a class=\"tve-froala fr-basic\" data-css=\"tve-u-172c77d3f80\" data-tcb_hover_state_parent=\"\" href=\"\" style=\"outline: none;\" target=\"_blank\">More info here<\/a><\/p><\/div><\/div><\/div><\/div><\/div><\/div>\n<\/div><\/div><\/div><\/div><\/div><div class=\"thrv_wrapper thrv_contentbox_shortcode thrv-content-box tve-elem-default-pad\" data-css=\"tve-u-172c785027f\" style=\"\">\n<div class=\"tve-content-box-background\" style=\"\" data-css=\"tve-u-172c783ce2c\"><\/div>\n<div class=\"tve-cb\" style=\"--tve-letter-spacing:2px;\" data-css=\"tve-u-172c784f28f\"><div class=\"thrv_wrapper thrv-columns\" data-css=\"tve-u-172c7a0fd5e\" style=\"\"><div class=\"tcb-flex-row v-2 tcb--cols--2 m-edit tcb-mobile-wrap\" data-css=\"tve-u-172c7a0f768\" style=\"\"><div class=\"tcb-flex-col\"><div class=\"tcb-col\" style=\"\"><div class=\"thrv_wrapper thrv_text_element\" data-css=\"tve-u-172c79788aa\" style=\"\"><p class=\"tcb-global-text-\" data-css=\"tve-u-172c7a3cc19\" style=\"\">shop more, spend less<\/p><\/div><\/div><\/div><div class=\"tcb-flex-col\"><div class=\"tcb-col\" data-css=\"tve-u-172c7a6d171\" style=\"\"><div class=\"thrv_wrapper thrv_text_element\" data-css=\"tve-u-172c7a2fc1d\" style=\"\"><p class=\"tcb-global-text-\" data-css=\"tve-u-172c784d60c\" style=\"\">CODE: MORE- <span data-css=\"tve-u-172c79ec22c\">45% DISCOUNT<\/span> ON ORDERS OVER $45<\/p><\/div><\/div><\/div><\/div><\/div><\/div>\n<\/div>","decoration":[],"comments":[],"attr":{"class":""},"hide":0},"sidebar":{"id":0,"content":"\n<div class=\"thrv_wrapper tve_image_caption\" data-css=\"tve-u-172dbc67291\" style=\"\"><span class=\"tve_image_frame\" style=\"\"><img class=\"tve_image wp-image-2336\" alt=\"\" data-id=\"2336\" width=\"353\" data-init-width=\"638\" height=\"230\" data-init-height=\"416\" title=\"middle_image_16\" loading=\"lazy\" src=\"{{img=f8eec0a08d2ab4be92d1c9d7622582f8}}\" data-width=\"353\" data-height=\"230\" style=\"\" ml-d=\"-75\" data-css=\"tve-u-172dbf27d6c\" center-h-d=\"false\" ml-t=\"-2\"><\/span><\/div><div class=\"thrv_wrapper thrv_text_element\" data-css=\"tve-u-17300ac8dc8\" style=\"\"><p data-css=\"tve-u-172dbfdbc6b\" style=\"\">We Believe In -<\/p><\/div><div class=\"thrv_wrapper thrv_text_element\" data-css=\"tve-u-172dbfe8133\" style=\"\"><p data-css=\"tve-u-172dbfdcaa3\" style=\"\">Lorem ipsum dolor sit amet, consectetur adipiscing elit, sed do eiusmod tempor incididunt ut labore et dolore magna aliqua. Ut enim ad minim veniam, quis nostrud exercitation ullamco laboris nisi ut aliquip ex ea commodo consequat.<\/p><\/div><div class=\"thrv_wrapper thrv_contentbox_shortcode thrv-content-box tve-elem-default-pad\" data-css=\"tve-u-172dbaec183\" style=\"\">\n<div class=\"tve-content-box-background\" style=\"\" data-css=\"tve-u-172dbaca35e\"><\/div>\n<div class=\"tve-cb\"><div class=\"tcb-clear\" data-css=\"tve-u-172dbc577c7\"><div class=\"thrv_wrapper thrv_icon tcb-icon-display\" data-css=\"tve-u-172dbc577c3\" style=\"\"><svg class=\"tcb-icon\" viewBox=\"0 0 576 512\" data-id=\"icon-mistletoe-light\" data-name=\"\">\n<path d=\"M542.1 197.4c-29-29-104.4-41.3-143.9-45.8L304 57.4V8c0-4.4-3.6-8-8-8h-16c-4.4 0-8 3.6-8 8v49.4l-94.2 94.2c-39.5 4.6-114.9 16.9-143.9 45.8-40 40-45.4 99.4-12.1 132.7C36.5 344.8 56.3 352 77.2 352c26.6 0 55-11.5 77.4-33.9 14.9-14.9 25.3-42 32.6-70.2 5.6 4.9 12.7 8.1 20.8 8.1 17.7 0 32-14.3 32-32s-14.3-32-32-32c-3.6 0-6.9 1-10.2 2.1 1.1-7.3 1.9-13.9 2.6-19.9l71.6-71.6v170.5c-27.3 30.4-80 94.5-80 136.4 0 56.6 43 102.4 96 102.4s96-45.8 96-102.4c0-41.9-52.7-106-80-136.4V102.6l71.6 71.6c4.6 39.5 16.9 114.9 45.8 143.9 22.4 22.4 50.8 33.9 77.4 33.9 20.9 0 40.7-7.2 55.4-21.8 33.3-33.4 27.9-92.8-12.1-132.8zM132 295.5C116.4 311.1 96.4 320 77.2 320c-9.2 0-22.4-2.2-32.7-12.5C24 287.1 29.6 247 56.5 220c16.5-16.5 66.2-28.7 110.4-35-6.1 44.2-18.3 93.9-34.9 110.5zm220 114.1c0 38.8-28.7 70.4-64 70.4s-64-31.6-64-70.4c0-23.5 32.9-70.4 64-106.4 31.1 36 64 82.8 64 106.4zm179.5-102.1C521.2 317.8 508 320 498.8 320c-19.2 0-39.2-8.9-54.8-24.5-16.5-16.5-28.7-66.2-35-110.4 44.2 6.2 93.8 18.4 110.4 35 27 26.9 32.6 67 12.1 87.4zM384 64c17.7 0 32-14.3 32-32S401.7 0 384 0s-32 14.3-32 32 14.3 32 32 32z\"><\/path>\n<\/svg><\/div><\/div><div class=\"thrv_wrapper thrv_text_element\" data-css=\"tve-u-172dba0d1d6\" style=\"\"><p style=\"font-size: var(--tve-font-size, 13px);\" data-css=\"tve-u-172dbfef203\">High Quality Materials<\/p><\/div><\/div>\n<\/div><div class=\"thrv_wrapper thrv_contentbox_shortcode thrv-content-box tve-elem-default-pad\" data-css=\"tve-u-172dbafa3d4\" style=\"\">\n<div class=\"tve-content-box-background\" style=\"\" data-css=\"tve-u-172dbf7277b\"><\/div>\n<div class=\"tve-cb\"><div class=\"tcb-clear\" data-css=\"tve-u-172dbc58325\"><div class=\"thrv_wrapper thrv_icon tcb-icon-display\" data-css=\"tve-u-172dbc58322\" style=\"\"><svg class=\"tcb-icon\" viewBox=\"0 0 512 512\" data-id=\"icon-badge-check-light\" data-name=\"\">\n<path d=\"M345.34 182.46a7.98 7.98 0 0 0-5.66-2.34c-2.05 0-4.1.78-5.66 2.34L226.54 289.94l-48.57-48.57a7.98 7.98 0 0 0-5.66-2.34c-2.05 0-4.1.78-5.66 2.34l-11.31 11.31c-3.12 3.12-3.12 8.19 0 11.31l65.54 65.54c1.56 1.56 3.61 2.34 5.66 2.34s4.09-.78 5.65-2.34l124.45-124.45c3.12-3.12 3.12-8.19 0-11.31l-11.3-11.31zM512 256c0-35.5-19.4-68.2-49.6-85.5 9.1-33.6-.3-70.4-25.4-95.5s-61.9-34.5-95.5-25.4C324.2 19.4 291.5 0 256 0s-68.2 19.4-85.5 49.6c-33.6-9.1-70.4.3-95.5 25.4s-34.5 61.9-25.4 95.5C19.4 187.8 0 220.5 0 256s19.4 68.2 49.6 85.5c-9.1 33.6.3 70.4 25.4 95.5 26.5 26.5 63.4 34.1 95.5 25.4 17.4 30.2 50 49.6 85.5 49.6s68.1-19.4 85.5-49.6c32.7 8.9 69.4.7 95.5-25.4 25.1-25.1 34.5-61.9 25.4-95.5 30.2-17.3 49.6-50 49.6-85.5zm-91.1 68.3c5.3 11.8 29.5 54.1-6.5 90.1-28.9 28.9-57.5 21.3-90.1 6.5C319.7 433 307 480 256 480c-52.1 0-64.7-49.5-68.3-59.1-32.6 14.8-61.3 22.2-90.1-6.5-36.8-36.7-10.9-80.5-6.5-90.1C79 319.7 32 307 32 256c0-52.1 49.5-64.7 59.1-68.3-5.3-11.8-29.5-54.1 6.5-90.1 36.8-36.9 80.8-10.7 90.1-6.5C192.3 79 205 32 256 32c52.1 0 64.7 49.5 68.3 59.1 11.8-5.3 54.1-29.5 90.1 6.5 36.8 36.7 10.9 80.5 6.5 90.1C433 192.3 480 205 480 256c0 52.1-49.5 64.7-59.1 68.3z\"><\/path>\n<\/svg><\/div><\/div><div class=\"thrv_wrapper thrv_text_element\" data-css=\"tve-u-172dba0d1d6\" style=\"\"><p style=\"font-size: var(--tve-font-size, 13px);\" data-css=\"tve-u-172dbfefba8\">Certified Sources<\/p><\/div><\/div>\n<\/div><div class=\"thrv_wrapper thrv_contentbox_shortcode thrv-content-box tve-elem-default-pad\" data-css=\"tve-u-172dba6cff2\" style=\"\">\n<div class=\"tve-content-box-background\" style=\"\" data-css=\"tve-u-172dbf7020d\"><\/div>\n<div class=\"tve-cb\"><div class=\"tcb-clear\" data-css=\"tve-u-172dba3aef2\"><div class=\"thrv_wrapper thrv_icon tcb-icon-display\" data-css=\"tve-u-172dba3aeee\" style=\"\"><svg class=\"tcb-icon\" viewBox=\"0 0 576 512\" data-id=\"icon-hand-holding-seedling-light\" data-name=\"\">\n<path d=\"M248.9 192H272v56c0 4.4 3.6 8 8 8h16c4.4 0 8-3.6 8-8v-56h23.1C411.4 192 480 113 480 16V0h-55.1C364.9 0 313 40.1 288 98.1 263 40.1 211.1 0 151.1 0H96v16c0 97 68.6 176 152.9 176zm176-160h22.4c-6.7 71.9-58 128-120.1 128h-22.4c6.6-71.9 58-128 120.1-128zm-273.8 0c62.1 0 113.4 56.1 120.1 128h-22.4c-62.1 0-113.4-56.1-120.1-128h22.4zm407.2 301.6c-9.6-8.6-22.1-13.4-35.2-13.4-12.5 0-24.8 4.3-34.6 12.2l-61.6 49.3c-1.9 1.5-4.2 2.3-6.7 2.3h-41.6c4.6-9.6 6.5-20.7 4.8-32.3-4-27.9-29.6-47.7-57.8-47.7H181.3c-20.8 0-41 6.7-57.6 19.2L85.3 352H8c-4.4 0-8 3.6-8 8v16c0 4.4 3.6 8 8 8h88l46.9-35.2c11.1-8.3 24.6-12.8 38.4-12.8H328c13.3 0 24 10.7 24 24s-10.7 24-24 24h-88c-8.8 0-16 7.2-16 16s7.2 16 16 16h180.2c9.7 0 19.1-3.3 26.7-9.3l61.6-49.2c4.2-3.4 9.5-5.2 14.6-5.2 5 0 9.9 1.7 13.8 5.2 10.1 9.1 9.3 24.5-.9 32.6l-100.8 80.7c-7.6 6.1-17 9.3-26.7 9.3H8c-4.4 0-8 3.6-8 8v16c0 4.4 3.6 8 8 8h400.5c17 0 33.4-5.8 46.6-16.4L556 415c12.2-9.8 19.5-24.4 20-40s-6-30.8-17.7-41.4z\"><\/path>\n<\/svg><\/div><\/div><div class=\"thrv_wrapper thrv_text_element\" data-css=\"tve-u-172dba0d1d6\" style=\"\"><p style=\"font-size: var(--tve-font-size, 13px);\" data-css=\"tve-u-172dba6a799\">Eco- Friendly<\/p><\/div><\/div>\n<\/div><div class=\"thrv_wrapper thrv_text_element\" data-css=\"tve-u-172dbff6940\" style=\"\"><p data-css=\"tve-u-172dc081fc8\" style=\"\">Want more info?<\/p><p data-css=\"tve-u-172dc077b56\" style=\"\">Send us a message and get a detailed offer:<\/p><\/div><div class=\"thrv_wrapper thrv_lead_generation\" data-connection=\"api\" data-css=\"tve-u-172dc0acc2e\" style=\"\"><input type=\"hidden\" class=\"tve-lg-err-msg\" value=\"{&quot;email&quot;:&quot;Email address invalid&quot;,&quot;phone&quot;:&quot;Phone number invalid&quot;,&quot;password&quot;:&quot;Password invalid&quot;,&quot;passwordmismatch&quot;:&quot;Password mismatch error&quot;,&quot;required&quot;:&quot;Required field missing&quot;}\">\n<div class=\"thrv_lead_generation_container tve_clearfix\">\n<form action=\"#\" method=\"post\" novalidate=\"novalidate\">\n<div class=\"tve_lead_generated_inputs_container tve_clearfix\">\n<div class=\"tve_lg_input_container tve_lg_input tcb-plain-text\" data-css=\"tve-u-172dc03e2dd\" style=\"\" data-label=\"tve-lg-172dc0975cd\" data-tcb_hover_state_parent=\"\">\n<input class=\"tcb-plain-text\" type=\"text\" data-field=\"name\" name=\"name\" placeholder=\"Name\" data-placeholder=\"Name\" style=\"\">\n<\/div>\n<div class=\"tve_lg_input_container tve_lg_input tcb-plain-text\" data-css=\"tve-u-172dc03e2dd\" style=\"\" data-tcb_hover_state_parent=\"\">\n<input class=\"tcb-plain-text\" type=\"email\" data-field=\"email\" data-required=\"1\" data-validation=\"email\" name=\"email\" placeholder=\"Email\" data-placeholder=\"Email\" style=\"\">\n<\/div>\n<div class=\"tve_lg_input_container tve_lg_textarea tcb-plain-text\" data-css=\"tve-u-172dc03e2dd\" data-label=\"tve-lg-172dc03e352\" style=\"\" data-tcb_hover_state_parent=\"\">\n<textarea class=\"tcb-plain-text\" rows=\"3\" data-min=\"0\" maxlength=\"350\" data-required=\"0\" name=\"mapping_textarea_38\" placeholder=\"Textarea\" data-field=\"mapping_textarea\" data-validation=\"\" data-placeholder=\"Textarea\" data-mapping=\"YTowOnt9\" style=\"\"><\/textarea>\n<div class=\"thrv_wrapper thrv_text_element tve-lg-textarea-counter\"> <div class=\"tcb-plain-text\" style=\"\" data-css=\"tve-u-172dc049543\"><span class=\"tve-fill-text-dynamic\" style=\"\" data-css=\"tve-u-172dc04955d\">0 of 350<\/span><\/div> <\/div>\n<\/div><div class=\"tcb-clear\" data-css=\"tve-u-172dc0619e9\"><div class=\"thrv_wrapper tve-form-button tcb-local-vars-root\" data-tcb_hover_state_parent=\"\" data-button-style=\"btn-tpl-58359\" data-css=\"tve-u-172dc03af13\" style=\"\"><div class=\"thrive-colors-palette-config\" style=\"display: none !important\">__CONFIG_colors_palette__{\"active_palette\":0,\"config\":{\"colors\":{\"f8570\":{\"name\":\"Main Accent\",\"parent\":-1}},\"gradients\":[]},\"palettes\":[{\"name\":\"Default Palette\",\"value\":{\"colors\":{\"f8570\":{\"val\":\"var(--tcb-skin-color-0)\"}},\"gradients\":[]},\"original\":{\"colors\":{\"f8570\":{\"val\":\"rgb(19, 114, 211)\",\"hsl\":{\"h\":210,\"s\":0.83,\"l\":0.45}}},\"gradients\":[]}}]}__CONFIG_colors_palette__<\/div>\n<a href=\"#\" class=\"tcb-button-link tve-form-button-submit tcb-plain-text\" style=\"\">\n<span class=\"tcb-button-texts\" style=\"\"><span class=\"tcb-button-text thrv-inline-text\" style=\"\">Send Message<\/span><\/span>\n<\/a>\n<input type=\"submit\" style=\"display: none !important;\">\n<\/div><\/div>\n<\/div>\n<input id=\"_submit_option\" type=\"hidden\" name=\"_submit_option\" value=\"redirect\">\n<input id=\"_sendParams\" type=\"hidden\" name=\"_sendParams\" value=\"1\">\n<input id=\"_back_url\" type=\"hidden\" name=\"_back_url\" value=\"#\">\n<input type=\"hidden\" id=\"tve_mapping\" name=\"tve_mapping\" value=\"YToxOntzOjE5OiJtYXBwaW5nX3RleHRhcmVhXzM4IjthOjA6e319\"><input type=\"hidden\" id=\"tve_labels\" name=\"tve_labels\" value=\"YTozOntzOjQ6Im5hbWUiO3M6NDoiTmFtZSI7czo1OiJlbWFpbCI7czo1OiJFbWFpbCI7czoxOToibWFwcGluZ190ZXh0YXJlYV8zOCI7czo4OiJUZXh0YXJlYSI7fQ==\"><\/form>\n<\/div>\n<\/div><div class=\"thrv_wrapper thrv_text_element\" data-css=\"tve-u-172dc0b3b1e\" style=\"\"><p data-css=\"tve-u-172dc0b4589\" style=\"\">We're Social -<\/p><p data-css=\"tve-u-172dc077b56\" style=\"\">Follow Us Here<\/p><\/div><div class=\"tcb-clear\" data-css=\"tve-u-17300aec9c9\"><div class=\"thrv_wrapper thrv_social_custom thrive_author_links\" data-css=\"tve-u-172dc0bb92c\" style=\"\"><div class=\"tve_social_items tve_social_custom tve_links_style_3 tve_social_itb\" style=\"\">\n<div class=\"tve_s_item tve_s_fb_share\" data-network=\"fb\" data-s=\"fb_share\" data-href=\"\">\n<a href=\"[thrive_global_fields_url id=fb]\" class=\"tve-dynamic-link\" target=\"_blank\" data-dynamic-link=\"thrive_global_fields_url\" data-shortcode-id=\"fb\">\n<span class=\"tve_s_icon\">\n<svg class=\"tcb-icon\" viewBox=\"0 0 264 512\" data-id=\"icon-fb\" data-name=\"\">\n<path d=\"M76.7 512V283H0v-91h76.7v-71.7C76.7 42.4 124.3 0 193.8 0c33.3 0 61.9 2.5 70.2 3.6V85h-48.2c-37.8 0-45.1 18-45.1 44.3V192H256l-11.7 91h-73.6v229\"><\/path>\n<\/svg>\n<\/span>\n<\/a>\n<\/div>\n<div class=\"tve_s_item tve_s_yt_share\" data-network=\"yt\" data-s=\"yt_share\" data-href=\"\">\n<a href=\"[thrive_global_fields_url id=yt]\" class=\"tve-dynamic-link\" target=\"_blank\" data-dynamic-link=\"thrive_global_fields_url\" data-shortcode-id=\"yt\">\n<span class=\"tve_s_icon\">\n<svg class=\"tcb-icon\" viewBox=\"0 0 576 512\" data-id=\"icon-yt\" data-name=\"\">\n<path d=\"M549.655 124.083c-6.281-23.65-24.787-42.276-48.284-48.597C458.781 64 288 64 288 64S117.22 64 74.629 75.486c-23.497 6.322-42.003 24.947-48.284 48.597-11.412 42.867-11.412 132.305-11.412 132.305s0 89.438 11.412 132.305c6.281 23.65 24.787 41.5 48.284 47.821C117.22 448 288 448 288 448s170.78 0 213.371-11.486c23.497-6.321 42.003-24.171 48.284-47.821 11.412-42.867 11.412-132.305 11.412-132.305s0-89.438-11.412-132.305zm-317.51 213.508V175.185l142.739 81.205-142.739 81.201z\"><\/path>\n<\/svg>\n<\/span>\n<\/a>\n<\/div>\n<div class=\"tve_s_item tve_s_t_share\" data-network=\"t\" data-s=\"t_share\" data-href=\"\">\n<a href=\"[thrive_global_fields_url id=t]\" class=\"tve-dynamic-link\" target=\"_blank\" data-dynamic-link=\"thrive_global_fields_url\" data-shortcode-id=\"t\">\n<span class=\"tve_s_icon\">\n<svg class=\"tcb-icon\" viewBox=\"0 0 512 512\" data-id=\"icon-t\" data-name=\"\">\n<path d=\"M459.37 151.716c.325 4.548.325 9.097.325 13.645 0 138.72-105.583 298.558-298.558 298.558-59.452 0-114.68-17.219-161.137-47.106 8.447.974 16.568 1.299 25.34 1.299 49.055 0 94.213-16.568 130.274-44.832-46.132-.975-84.792-31.188-98.112-72.772 6.498.974 12.995 1.624 19.818 1.624 9.421 0 18.843-1.3 27.614-3.573-48.081-9.747-84.143-51.98-84.143-102.985v-1.299c13.969 7.797 30.214 12.67 47.431 13.319-28.264-18.843-46.781-51.005-46.781-87.391 0-19.492 5.197-37.36 14.294-52.954 51.655 63.675 129.3 105.258 216.365 109.807-1.624-7.797-2.599-15.918-2.599-24.04 0-57.828 46.782-104.934 104.934-104.934 30.213 0 57.502 12.67 76.67 33.137 23.715-4.548 46.456-13.32 66.599-25.34-7.798 24.366-24.366 44.833-46.132 57.827 21.117-2.273 41.584-8.122 60.426-16.243-14.292 20.791-32.161 39.308-52.628 54.253z\"><\/path>\n<\/svg>\n<\/span>\n<\/a>\n<\/div>\n<\/div>\n<\/div><\/div>\n","decoration":[],"comments":[],"attr":{"class":""},"hide":1},"content":{"id":0,"content":"<div class=\"thrv_wrapper thrv_text_element\" style=\"\" data-css=\"tve-u-17309be5366\"><h2 style=\"text-align: left;\" data-css=\"tve-u-17309bf6363\" class=\"\"><span class=\"thrive-shortcode-content\" data-attr-link=\"0\" data-attr-rel=\"0\" data-attr-target=\"0\" data-extra_key=\"\" data-option-inline=\"1\" data-shortcode=\"tcb_post_title\" data-shortcode-name=\"Post title\" style=\"font-size: 34px !important;\">[tcb_post_title link='0' rel='0' target='0' inline='1']<\/span><\/h2><\/div>[thrive_cart_template]","decoration":[],"comments":[],"attr":{"class":""},"hide":0},"bottom":{"id":0,"content":"<div class=\"thrv_wrapper thrv-columns\" data-css=\"tve-u-172efd4931a\" style=\"\"><div class=\"tcb-flex-row v-2 tcb-mobile-wrap m-edit tcb-resized tcb-medium-wrap tcb--cols--3\" data-css=\"tve-u-172efd48fcd\" style=\"\"><div class=\"tcb-flex-col\" style=\"\" data-css=\"tve-u-172effd3b15\"><div class=\"tcb-col\" data-css=\"tve-u-172efdd4e7b\" style=\"\"><div class=\"thrv_wrapper thrv_text_element\" data-css=\"tve-u-172efcf6bbb\" style=\"\"><p data-css=\"tve-u-172effbfcc7\" style=\"\">customer reviewed<\/p><\/div><div class=\"thrv_wrapper thrv-divider\" data-style-d=\"tve_sep-1\" data-thickness-d=\"1\" data-color-d=\"rgb(230, 230, 230)\" data-css=\"tve-u-172f0ee9556\" style=\"\">\n<hr class=\"tve_sep tve_sep-1\" style=\"\">\n<\/div><div class=\"thrv_wrapper thrv-rating\" data-style=\"style3\" data-max=\"5\" data-value=\"4.5\" style=\"\" data-css=\"tve-u-172f0ea6432\"><svg viewBox=\"-6 -6 80 80\" class=\"\"><path class=\"sr-outline\" fill=\"#F2A261\" d=\"M14.874,40.174c0.1-0.583-0.094-1.178-0.518-1.591L0.544,25.12\tc-0.121-0.118-0.214-0.248-0.294-0.382c-0.308,0.541-0.339,1.225,0,1.798c-0.308,0.54-0.339,1.224,0,1.797\tc-0.38,0.667-0.344,1.559,0.293,2.18l13.696,13.35L14.874,40.174z\" style=\"\"><\/path><path class=\"sr-outline\" fill=\"#F2A261\" d=\"M50.037,61.078l-17.071-8.975c-0.524-0.275-1.149-0.275-1.674,0L14.22,61.078\tc-0.979,0.515-2.079,0.028-2.478-0.857l-0.13,0.76c-0.065,0.378-0.008,0.73,0.13,1.037l-0.13,0.761\tc-0.065,0.377-0.008,0.73,0.13,1.037l-0.13,0.76c-0.252,1.469,1.289,2.589,2.608,1.896l17.072-8.976\tc0.524-0.275,1.149-0.275,1.674,0l17.071,8.976c1.318,0.693,2.86-0.427,2.608-1.896l-0.13-0.76c0.138-0.307,0.195-0.659,0.13-1.037\tl-0.13-0.761c0.138-0.307,0.195-0.659,0.13-1.037l-0.13-0.761C52.116,61.106,51.016,61.593,50.037,61.078z\" style=\"\"><\/path><path class=\"sr-outline\" fill=\"#F2A261\" d=\"M64.008,24.738c-0.08,0.134-0.173,0.264-0.294,0.382L49.902,38.583\tc-0.424,0.413-0.617,1.008-0.517,1.591l0.632,3.688l13.696-13.349c0.637-0.621,0.674-1.513,0.293-2.18\tc0.339-0.573,0.308-1.257,0-1.797C64.347,25.962,64.315,25.278,64.008,24.738z\" style=\"\"><\/path><path class=\"sr-fill\" fill=\"#EFC319\" d=\"M49.386,40.174c-0.101-0.583,0.093-1.178,0.517-1.591L63.714,25.12\tc0.121-0.118,0.214-0.248,0.294-0.382c0.621-1.05,0.017-2.495-1.29-2.684L43.631,19.28c-0.586-0.085-1.093-0.453-1.354-0.983\tL33.741,1.001c-0.66-1.335-2.564-1.335-3.224,0L21.98,18.297c-0.261,0.53-0.767,0.898-1.353,0.983L1.542,22.054\tc-1.308,0.189-1.913,1.634-1.291,2.684c0.08,0.134,0.173,0.264,0.294,0.382l13.811,13.463c0.424,0.413,0.618,1.008,0.518,1.591\tl-0.633,3.689l-2.628,15.321c-0.065,0.378-0.008,0.73,0.13,1.038c0.399,0.885,1.498,1.372,2.478,0.857l17.072-8.975\tc0.524-0.275,1.149-0.275,1.674,0l17.071,8.975c0.979,0.515,2.079,0.028,2.478-0.857c0.138-0.307,0.195-0.659,0.13-1.037\tl-2.627-15.322L49.386,40.174z\"><\/path><\/svg><svg viewBox=\"-6 -6 80 80\" class=\"\"><path class=\"sr-outline\" fill=\"#F2A261\" d=\"M14.874,40.174c0.1-0.583-0.094-1.178-0.518-1.591L0.544,25.12\tc-0.121-0.118-0.214-0.248-0.294-0.382c-0.308,0.541-0.339,1.225,0,1.798c-0.308,0.54-0.339,1.224,0,1.797\tc-0.38,0.667-0.344,1.559,0.293,2.18l13.696,13.35L14.874,40.174z\" style=\"\"><\/path><path class=\"sr-outline\" fill=\"#F2A261\" d=\"M50.037,61.078l-17.071-8.975c-0.524-0.275-1.149-0.275-1.674,0L14.22,61.078\tc-0.979,0.515-2.079,0.028-2.478-0.857l-0.13,0.76c-0.065,0.378-0.008,0.73,0.13,1.037l-0.13,0.761\tc-0.065,0.377-0.008,0.73,0.13,1.037l-0.13,0.76c-0.252,1.469,1.289,2.589,2.608,1.896l17.072-8.976\tc0.524-0.275,1.149-0.275,1.674,0l17.071,8.976c1.318,0.693,2.86-0.427,2.608-1.896l-0.13-0.76c0.138-0.307,0.195-0.659,0.13-1.037\tl-0.13-0.761c0.138-0.307,0.195-0.659,0.13-1.037l-0.13-0.761C52.116,61.106,51.016,61.593,50.037,61.078z\" style=\"\"><\/path><path class=\"sr-outline\" fill=\"#F2A261\" d=\"M64.008,24.738c-0.08,0.134-0.173,0.264-0.294,0.382L49.902,38.583\tc-0.424,0.413-0.617,1.008-0.517,1.591l0.632,3.688l13.696-13.349c0.637-0.621,0.674-1.513,0.293-2.18\tc0.339-0.573,0.308-1.257,0-1.797C64.347,25.962,64.315,25.278,64.008,24.738z\" style=\"\"><\/path><path class=\"sr-fill\" fill=\"#EFC319\" d=\"M49.386,40.174c-0.101-0.583,0.093-1.178,0.517-1.591L63.714,25.12\tc0.121-0.118,0.214-0.248,0.294-0.382c0.621-1.05,0.017-2.495-1.29-2.684L43.631,19.28c-0.586-0.085-1.093-0.453-1.354-0.983\tL33.741,1.001c-0.66-1.335-2.564-1.335-3.224,0L21.98,18.297c-0.261,0.53-0.767,0.898-1.353,0.983L1.542,22.054\tc-1.308,0.189-1.913,1.634-1.291,2.684c0.08,0.134,0.173,0.264,0.294,0.382l13.811,13.463c0.424,0.413,0.618,1.008,0.518,1.591\tl-0.633,3.689l-2.628,15.321c-0.065,0.378-0.008,0.73,0.13,1.038c0.399,0.885,1.498,1.372,2.478,0.857l17.072-8.975\tc0.524-0.275,1.149-0.275,1.674,0l17.071,8.975c0.979,0.515,2.079,0.028,2.478-0.857c0.138-0.307,0.195-0.659,0.13-1.037\tl-2.627-15.322L49.386,40.174z\"><\/path><\/svg><svg viewBox=\"-6 -6 80 80\" class=\"\"><path class=\"sr-outline\" fill=\"#F2A261\" d=\"M14.874,40.174c0.1-0.583-0.094-1.178-0.518-1.591L0.544,25.12\tc-0.121-0.118-0.214-0.248-0.294-0.382c-0.308,0.541-0.339,1.225,0,1.798c-0.308,0.54-0.339,1.224,0,1.797\tc-0.38,0.667-0.344,1.559,0.293,2.18l13.696,13.35L14.874,40.174z\" style=\"\"><\/path><path class=\"sr-outline\" fill=\"#F2A261\" d=\"M50.037,61.078l-17.071-8.975c-0.524-0.275-1.149-0.275-1.674,0L14.22,61.078\tc-0.979,0.515-2.079,0.028-2.478-0.857l-0.13,0.76c-0.065,0.378-0.008,0.73,0.13,1.037l-0.13,0.761\tc-0.065,0.377-0.008,0.73,0.13,1.037l-0.13,0.76c-0.252,1.469,1.289,2.589,2.608,1.896l17.072-8.976\tc0.524-0.275,1.149-0.275,1.674,0l17.071,8.976c1.318,0.693,2.86-0.427,2.608-1.896l-0.13-0.76c0.138-0.307,0.195-0.659,0.13-1.037\tl-0.13-0.761c0.138-0.307,0.195-0.659,0.13-1.037l-0.13-0.761C52.116,61.106,51.016,61.593,50.037,61.078z\" style=\"\"><\/path><path class=\"sr-outline\" fill=\"#F2A261\" d=\"M64.008,24.738c-0.08,0.134-0.173,0.264-0.294,0.382L49.902,38.583\tc-0.424,0.413-0.617,1.008-0.517,1.591l0.632,3.688l13.696-13.349c0.637-0.621,0.674-1.513,0.293-2.18\tc0.339-0.573,0.308-1.257,0-1.797C64.347,25.962,64.315,25.278,64.008,24.738z\" style=\"\"><\/path><path class=\"sr-fill\" fill=\"#EFC319\" d=\"M49.386,40.174c-0.101-0.583,0.093-1.178,0.517-1.591L63.714,25.12\tc0.121-0.118,0.214-0.248,0.294-0.382c0.621-1.05,0.017-2.495-1.29-2.684L43.631,19.28c-0.586-0.085-1.093-0.453-1.354-0.983\tL33.741,1.001c-0.66-1.335-2.564-1.335-3.224,0L21.98,18.297c-0.261,0.53-0.767,0.898-1.353,0.983L1.542,22.054\tc-1.308,0.189-1.913,1.634-1.291,2.684c0.08,0.134,0.173,0.264,0.294,0.382l13.811,13.463c0.424,0.413,0.618,1.008,0.518,1.591\tl-0.633,3.689l-2.628,15.321c-0.065,0.378-0.008,0.73,0.13,1.038c0.399,0.885,1.498,1.372,2.478,0.857l17.072-8.975\tc0.524-0.275,1.149-0.275,1.674,0l17.071,8.975c0.979,0.515,2.079,0.028,2.478-0.857c0.138-0.307,0.195-0.659,0.13-1.037\tl-2.627-15.322L49.386,40.174z\"><\/path><\/svg><svg viewBox=\"-6 -6 80 80\" class=\"\"><path class=\"sr-outline\" fill=\"#F2A261\" d=\"M14.874,40.174c0.1-0.583-0.094-1.178-0.518-1.591L0.544,25.12\tc-0.121-0.118-0.214-0.248-0.294-0.382c-0.308,0.541-0.339,1.225,0,1.798c-0.308,0.54-0.339,1.224,0,1.797\tc-0.38,0.667-0.344,1.559,0.293,2.18l13.696,13.35L14.874,40.174z\" style=\"\"><\/path><path class=\"sr-outline\" fill=\"#F2A261\" d=\"M50.037,61.078l-17.071-8.975c-0.524-0.275-1.149-0.275-1.674,0L14.22,61.078\tc-0.979,0.515-2.079,0.028-2.478-0.857l-0.13,0.76c-0.065,0.378-0.008,0.73,0.13,1.037l-0.13,0.761\tc-0.065,0.377-0.008,0.73,0.13,1.037l-0.13,0.76c-0.252,1.469,1.289,2.589,2.608,1.896l17.072-8.976\tc0.524-0.275,1.149-0.275,1.674,0l17.071,8.976c1.318,0.693,2.86-0.427,2.608-1.896l-0.13-0.76c0.138-0.307,0.195-0.659,0.13-1.037\tl-0.13-0.761c0.138-0.307,0.195-0.659,0.13-1.037l-0.13-0.761C52.116,61.106,51.016,61.593,50.037,61.078z\" style=\"\"><\/path><path class=\"sr-outline\" fill=\"#F2A261\" d=\"M64.008,24.738c-0.08,0.134-0.173,0.264-0.294,0.382L49.902,38.583\tc-0.424,0.413-0.617,1.008-0.517,1.591l0.632,3.688l13.696-13.349c0.637-0.621,0.674-1.513,0.293-2.18\tc0.339-0.573,0.308-1.257,0-1.797C64.347,25.962,64.315,25.278,64.008,24.738z\" style=\"\"><\/path><path class=\"sr-fill\" fill=\"#EFC319\" d=\"M49.386,40.174c-0.101-0.583,0.093-1.178,0.517-1.591L63.714,25.12\tc0.121-0.118,0.214-0.248,0.294-0.382c0.621-1.05,0.017-2.495-1.29-2.684L43.631,19.28c-0.586-0.085-1.093-0.453-1.354-0.983\tL33.741,1.001c-0.66-1.335-2.564-1.335-3.224,0L21.98,18.297c-0.261,0.53-0.767,0.898-1.353,0.983L1.542,22.054\tc-1.308,0.189-1.913,1.634-1.291,2.684c0.08,0.134,0.173,0.264,0.294,0.382l13.811,13.463c0.424,0.413,0.618,1.008,0.518,1.591\tl-0.633,3.689l-2.628,15.321c-0.065,0.378-0.008,0.73,0.13,1.038c0.399,0.885,1.498,1.372,2.478,0.857l17.072-8.975\tc0.524-0.275,1.149-0.275,1.674,0l17.071,8.975c0.979,0.515,2.079,0.028,2.478-0.857c0.138-0.307,0.195-0.659,0.13-1.037\tl-2.627-15.322L49.386,40.174z\"><\/path><\/svg><svg viewBox=\"-6 -6 80 80\" class=\"\"><path class=\"sr-outline\" fill=\"#F2A261\" d=\"M31.163,55.698C31.425,55.561,32,55.492,32,55.492v-1.797c0,0-0.575,0.069-0.837,0.207\tC31.425,53.764,32,53.694,32,53.694v-1.797c0,0-0.51,0.069-0.772,0.207l-17.04,8.975c-0.979,0.515-2.062,0.028-2.461-0.857\tl-0.123,0.76c-0.065,0.378-0.003,0.73,0.135,1.038l-0.128,0.76c-0.065,0.377-0.007,0.73,0.131,1.037l-0.13,0.76\tc-0.252,1.469,1.289,2.589,2.607,1.896l17.073-8.976c0.262-0.138,0.485-0.206,0.772-0.206l-0.065,0v-1.797\tC32,55.492,31.425,55.561,31.163,55.698z\" style=\"\"><\/path><path class=\"sr-outline\" fill=\"#F2A261\" d=\"M14.874,40.174c0.1-0.583-0.094-1.178-0.519-1.591L0.545,25.12\tc-0.121-0.118-0.214-0.248-0.294-0.382c-0.308,0.541-0.339,1.225,0,1.798c-0.308,0.54-0.339,1.224,0,1.797\tc-0.38,0.667-0.344,1.559,0.294,2.18l13.696,13.351L14.874,40.174z\" style=\"\"><\/path><path class=\"def-shadow\" fill=\"#B9C1C5\" d=\"M64.008,24.737c-0.08,0.135-0.173,0.265-0.294,0.383L49.903,38.583\tc-0.425,0.413-0.617,1.008-0.518,1.591l0.632,3.688l13.696-13.35c0.638-0.621,0.674-1.513,0.294-2.18\tc0.34-0.573,0.308-1.257,0-1.797C64.348,25.962,64.316,25.278,64.008,24.737z\"><\/path><path class=\"def-shadow\" fill=\"#B9C1C5\" d=\"M50.038,61.079l-17.137-8.976C32.639,51.966,32,51.897,32,51.897v1.797c0,0-0.575,0.069-0.837,0.207\tC31.425,53.764,32,53.695,32,53.695v1.797c0,0-0.575,0.068-0.837,0.206C31.425,55.561,32,55.492,32,55.492v1.797\tc0,0,0.639,0.069,0.901,0.207l17.105,8.976c1.317,0.693,2.875-0.427,2.624-1.896l-0.123-0.76c0.138-0.307,0.2-0.659,0.135-1.037\tl-0.128-0.761c0.138-0.307,0.196-0.659,0.131-1.037l-0.13-0.761C52.115,61.106,51.017,61.593,50.038,61.079z\"><\/path><path class=\"sr-background\" fill=\"#D3DADF\" d=\"M49.386,40.174c-0.1-0.583,0.093-1.178,0.518-1.591L63.714,25.12\tc0.121-0.118,0.215-0.248,0.294-0.383c0.622-1.05,0.017-2.494-1.291-2.684L43.631,19.28c-0.586-0.085-1.092-0.453-1.354-0.983\tL33.742,1.001c-0.413-0.834-1.376-1.147-2.153-0.938C31.744,0.021,32,0,32,0v51.896c0,0-0.51,0.069-0.772,0.207\tc0.262-0.138,0.583-0.207,0.87-0.207s0.59,0.069,0.852,0.207l17.08,8.976c0.979,0.514,2.082,0.027,2.481-0.858\tc0.138-0.307,0.197-0.659,0.132-1.037l-2.626-15.321L49.386,40.174z\"><\/path><path class=\"sr-fill\" fill=\"#EFC319\" d=\"M14.221,61.078l17.007-8.975C31.49,51.966,32,51.896,32,51.896V0c0,0-0.256,0.021-0.411,0.063\tc-0.466,0.125-0.856,0.438-1.104,0.938l-8.521,17.296c-0.261,0.53-0.758,0.898-1.344,0.983L1.538,22.054\tc-1.308,0.189-1.911,1.634-1.289,2.684c0.08,0.134,0.174,0.265,0.295,0.382l13.811,13.463c0.425,0.413,0.618,1.008,0.519,1.591\tl-0.632,3.689l-2.628,15.32c-0.065,0.378-0.008,0.73,0.13,1.038C12.143,61.106,13.242,61.593,14.221,61.078z\"><\/path><\/svg><\/div><div class=\"thrv_wrapper thrv_text_element\" data-css=\"tve-u-172efcfef9d\" style=\"\"><p data-css=\"tve-u-172efd0243e\" style=\"\">Rated <span data-css=\"tve-u-172f0ede6ed\" style=\"color: var(--tcb-skin-color-0);\">Excellent<\/span><\/p><\/div><\/div><\/div><div class=\"tcb-flex-col\" style=\"\" data-css=\"tve-u-172effd3b42\"><div class=\"tcb-col\" data-css=\"tve-u-172efdd9efd\" style=\"\"><div class=\"thrv_wrapper thrv_text_element\" data-css=\"tve-u-172f0040ddd\" style=\"\"><p data-css=\"tve-u-172f0054e1c\" style=\"\">we deliver with:<\/p><\/div><div class=\"thrv_wrapper thrv-divider\" data-style-d=\"tve_sep-1\" data-thickness-d=\"1\" data-color-d=\"rgb(230, 230, 230)\" data-css=\"tve-u-172f0ee9556\" style=\"\">\n<hr class=\"tve_sep tve_sep-1\" style=\"\">\n<\/div><div class=\"thrv_wrapper thrv-columns\" data-css=\"tve-u-172f007c6a9\" style=\"\"><div class=\"tcb-flex-row v-2 tcb--cols--2 tcb-mobile-no-wrap m-edit tcb-medium-wrap\" data-css=\"tve-u-172effd7b3a\" style=\"\"><div class=\"tcb-flex-col\" style=\"\"><div class=\"tcb-col\" style=\"\"><div class=\"thrv_wrapper tve_image_caption\" data-css=\"tve-u-172effc9615\" style=\"\"><span class=\"tve_image_frame\"><img class=\"tve_image wp-image-931\" alt=\"\" data-id=\"931\" width=\"120\" data-init-width=\"181\" height=\"34\" data-init-height=\"51\" title=\"featured_on_logo4\" loading=\"lazy\" src=\"{{img=88b5bc63ba584637cb34881a061fd9e9}}\" data-width=\"120\" data-height=\"34\" data-css=\"tve-u-172f0ed296e\" style=\"\"><\/span><\/div><\/div><\/div><div class=\"tcb-flex-col\" style=\"\"><div class=\"tcb-col\" style=\"\"><div class=\"thrv_wrapper tve_image_caption\" data-css=\"tve-u-172effde4b9\" style=\"\"><span class=\"tve_image_frame\"><img class=\"tve_image wp-image-929\" alt=\"\" data-id=\"929\" width=\"120\" data-init-width=\"171\" height=\"35\" data-init-height=\"50\" title=\"featured_on_logo2\" loading=\"lazy\" src=\"{{img=f5d595ed3db0fc9cd1d6533f8a24d970}}\" data-width=\"120\" data-height=\"35\" style=\"\" data-css=\"tve-u-172f0ed37c9\"><\/span><\/div><\/div><\/div><\/div><\/div><\/div><\/div><div class=\"tcb-flex-col\" style=\"\" data-css=\"tve-u-172effd3b71\"><div class=\"tcb-col\" data-css=\"tve-u-172f0f1e44d\" style=\"\"><div class=\"thrv_wrapper thrv_text_element\" data-css=\"tve-u-172effcd41b\" style=\"\"><p data-css=\"tve-u-172f0055d17\">YOU CAN PAY SAFELY WITH<\/p><\/div><div class=\"thrv_wrapper thrv-divider\" data-style-d=\"tve_sep-1\" data-thickness-d=\"1\" data-color-d=\"rgb(230, 230, 230)\" data-css=\"tve-u-172f0ee9556\" style=\"\">\n<hr class=\"tve_sep tve_sep-1\" style=\"\">\n<\/div><div class=\"thrv_wrapper thrv-credit\" data-style=\"style4\" data-cards=\"visa,masterCard,americanExpress,payPal\" data-css=\"tve-u-172efd16917\" style=\"\"><svg viewBox=\"0 0 72 52\" class=\"tcb-visa-card\"><g><polygon class=\"visa-style-4-st0\" points=\"52.3,28.1 55.5,28.1 54.3,22.7\"><\/polygon><path class=\"visa-style-4-st0\" d=\"M64.4,1H7.6C4,1,1,4,1,7.6v36.7C1,48,4,51,7.6,51h56.7c3.7,0,6.6-3,6.6-6.6V7.6C71,4,68,1,64.4,1z M20.4,33.3L17,20.6c0,0-0.1,0-0.1,0c-0.2-0.1-0.5-0.3-0.7-0.4c0,0,0,0-0.1,0c-0.2-0.1-0.5-0.2-0.7-0.3c0,0-0.1,0-0.1,0c-0.4-0.2-0.8-0.4-1.2-0.5c0,0,0,0-0.1,0c-0.2-0.1-0.3-0.1-0.5-0.2c0,0,0,0,0,0c-0.1,0-0.3-0.1-0.3-0.1c0,0,0,0,0,0c-0.1,0-0.2,0-0.2-0.1c0,0,0,0,0,0c0,0-0.1,0-0.1,0l0.1-0.2h3h3c1.7,0,1.8,1.3,1.8,1.3l1.3,6.5v0l0.4,2.2l3.7-10h4.1l-6.1,14.5H20.4z M29.6,33.3L32,18.7h3.8l-2.4,14.5H29.6z M40.1,33.5c-2.6,0-4.3-0.8-4.3-0.8l0.6-3.3c1.6,1.2,6.3,1.6,6.3-0.4c0-2-5.3-2-5.3-5.8c0-4,4.5-4.8,6.4-4.8c1.8,0,3.5,0.6,3.5,0.6l-0.5,3.1c-1.6-0.9-5.4-1.1-5.4,0.5c0,1.6,5.4,2,5.4,5.8C46.7,32.2,42.7,33.5,40.1,33.5z M56.5,33.3l-0.4-2.2h-4.9l-0.8,2.2h-4l5.7-13.5c0,0,0.3-1.1,1.8-1.1H57l3.1,14.5H56.5z\"><\/path><\/g><\/svg><svg viewBox=\"0 0 72 52\" class=\"tcb-masterCard-card\"><g><g><path class=\"masterCard-style-4-st0\" d=\"M39.2,18.6C39.2,18.6,39.2,18.6,39.2,18.6C39.2,18.6,39.2,18.6,39.2,18.6L39.2,18.6z\"><\/path><path class=\"masterCard-style-4-st0\" d=\"M40,31.9C40,31.9,40,31.9,40,31.9L40,31.9C40,31.9,40,31.9,40,31.9z\"><\/path><path class=\"masterCard-style-4-st0\" d=\"M39.2,33.4C39.2,33.4,39.2,33.4,39.2,33.4C39.2,33.4,39.2,33.4,39.2,33.4L39.2,33.4z\"><\/path><path class=\"masterCard-style-4-st0\" d=\"M64.4,1H7.6C4,1,1,4,1,7.6v36.7C1,48,4,51,7.6,51h56.7c3.7,0,6.6-3,6.6-6.6V7.6C71,4,68,1,64.4,1z M46.1,39.9c-3.6,0-6.9-1.4-9.4-3.6c0,0,0,0,0.1-0.1c-2.5,2.3-5.8,3.7-9.4,3.7c-7.7,0-14-6.2-14-13.9c0-7.7,6.2-13.9,14-13.9c3.6,0,6.9,1.4,9.3,3.6c0,0,0,0,0,0c2.5-2.2,5.8-3.6,9.4-3.6c7.7,0,14,6.2,14,13.9C60.1,33.7,53.8,39.9,46.1,39.9z\"><\/path><path class=\"masterCard-style-4-st0\" d=\"M40,20.1C40,20.1,40,20.1,40,20.1C40,20.1,40,20.1,40,20.1L40,20.1z\"><\/path><\/g><path class=\"masterCard-style-4-st0\" d=\"M57.7,29.7h-1.4l0.1-0.5c-0.4,0.4-0.8,0.6-1.4,0.6c-1.1,0-1.8-0.9-1.8-2.4c0-1.9,1.1-3.5,2.5-3.5c0.6,0,1,0.2,1.4,0.8l0.3-2h1.5L57.7,29.7L57.7,29.7z M55.5,28.4c0.7,0,1.2-0.8,1.2-1.9c0-0.7-0.3-1.1-0.8-1.1c-0.7,0-1.2,0.8-1.2,1.9C54.7,28,55,28.4,55.5,28.4L55.5,28.4z\"><\/path><path class=\"masterCard-style-4-st0\" d=\"M50.9,23.8c-0.2,1.8-0.5,3.6-0.8,5.4L50,29.5h1.5c0.5-3.5,0.7-4.2,1.5-4.1c0.1-0.7,0.4-1.4,0.6-1.7c-0.6-0.1-1,0.2-1.5,0.9c0-0.3,0.1-0.6,0.1-0.9H50.9\"><\/path><path class=\"masterCard-style-4-st0\" d=\"M48.5,27.1c-0.2,0-0.2,0-0.3,0c-0.9,0-1.3,0.3-1.3,0.9c0,0.4,0.2,0.6,0.5,0.6C48,28.5,48.5,27.9,48.5,27.1L48.5,27.1z M49.6,29.6h-1.3l0-0.6c-0.4,0.5-0.9,0.7-1.6,0.7c-0.8,0-1.4-0.6-1.4-1.6c0-1.4,1-2.2,2.7-2.2c0.2,0,0.4,0,0.6,0c0-0.2,0.1-0.3,0.1-0.4c0-0.4-0.3-0.5-1-0.5c-0.7,0-1.4,0.2-1.6,0.3c0-0.1,0.2-1.3,0.2-1.3c0.8-0.2,1.3-0.3,1.8-0.3c1.3,0,2,0.6,2,1.7c0,0.3,0,0.7-0.1,1.1C49.9,27.4,49.7,29.2,49.6,29.6L49.6,29.6z\"><\/path><path class=\"masterCard-style-4-st0\" d=\"M46.1,22.8l-0.2,1.5c-0.5-0.3-0.9-0.4-1.4-0.4c-1.1,0-1.9,1.1-1.9,2.6c0,1.1,0.5,1.7,1.4,1.7c0.4,0,0.8-0.1,1.3-0.4L45,29.6c-0.6,0.2-0.9,0.2-1.3,0.2c-1.6,0-2.6-1.2-2.6-3.1c0-2.5,1.4-4.3,3.4-4.3C45.1,22.4,45.9,22.7,46.1,22.8\"><\/path><path class=\"masterCard-style-4-st0\" d=\"M38.6,23.8c-0.2,1.8-0.5,3.6-0.8,5.4l-0.1,0.4h1.5c0.5-3.5,0.7-4.2,1.5-4.1c0.1-0.7,0.4-1.4,0.6-1.7c-0.6-0.1-1,0.2-1.5,0.9c0-0.3,0.1-0.6,0.1-0.9H38.6\"><\/path><path class=\"masterCard-style-4-st0\" d=\"M37.2,29.5c-0.5,0.2-1,0.2-1.5,0.2c-1.7,0-2.6-0.9-2.6-2.6c0-2,1.1-3.4,2.6-3.4c1.2,0,2,0.8,2,2.1c0,0.4-0.1,0.8-0.2,1.4h-3c-0.1,0.8,0.4,1.2,1.3,1.2c0.5,0,1-0.1,1.6-0.4L37.2,29.5L37.2,29.5z M36.3,26.1c0-0.1,0.2-1-0.7-1c-0.5,0-0.8,0.4-1,1H36.3L36.3,26.1z\"><\/path><path class=\"masterCard-style-4-st0\" d=\"M32.5,29.6c-0.4,0.1-0.7,0.2-1.1,0.2c-0.8,0-1.2-0.4-1.2-1.3c0-0.3,0.1-0.9,0.2-1.5c0.1-0.5,0.7-3.9,0.7-3.9h1.5l-0.2,0.9h0.8L33,25.3h-0.8c-0.2,1.1-0.4,2.5-0.4,2.6c0,0.3,0.2,0.4,0.5,0.4c0.2,0,0.3,0,0.4-0.1L32.5,29.6\"><\/path><path class=\"masterCard-style-4-st0\" d=\"M26.6,25.7c0,0.7,0.4,1.2,1.2,1.6c0.6,0.3,0.7,0.4,0.7,0.6c0,0.4-0.3,0.5-0.9,0.5c-0.5,0-0.9-0.1-1.4-0.2c0,0-0.2,1.3-0.2,1.3c0.3,0.1,0.7,0.1,1.6,0.2c1.6,0,2.3-0.6,2.3-1.9c0-0.8-0.3-1.3-1.1-1.6c-0.6-0.3-0.7-0.4-0.7-0.6c0-0.3,0.3-0.5,0.7-0.5c0.3,0,0.7,0,1.1,0.1l0.2-1.3c-0.4-0.1-1-0.1-1.3-0.1C27.2,23.7,26.6,24.6,26.6,25.7\"><\/path><path class=\"masterCard-style-4-st0\" d=\"M24.7,27.1c-0.2,0-0.2,0-0.3,0c-0.9,0-1.3,0.3-1.3,0.9c0,0.4,0.2,0.6,0.5,0.6C24.2,28.5,24.7,27.9,24.7,27.1L24.7,27.1z M25.8,29.6h-1.3l0-0.6c-0.4,0.5-0.9,0.7-1.6,0.7c-0.8,0-1.4-0.6-1.4-1.6c0-1.4,1-2.2,2.7-2.2c0.2,0,0.4,0,0.6,0c0-0.2,0.1-0.3,0.1-0.4c0-0.4-0.3-0.5-1-0.5c-0.7,0-1.4,0.2-1.6,0.3c0-0.1,0.2-1.3,0.2-1.3c0.8-0.2,1.3-0.3,1.8-0.3c1.3,0,2,0.6,2,1.7c0,0.3,0,0.7-0.1,1.1C26.1,27.4,25.8,29.2,25.8,29.6L25.8,29.6z\"><\/path><polyline class=\"masterCard-style-4-st0\" points=\"20.8,29.7 19.3,29.7 20.2,24.3 18.3,29.7 17.2,29.7 17.1,24.3 16.2,29.7 14.8,29.7 16,22.6 18.1,22.6 18.2,27 19.7,22.6 22,22.6 20.8,29.7\"><\/polyline><\/g><\/svg><svg viewBox=\"0 0 72 52\" class=\"tcb-americanExpress-card\"><g><path class=\"americanExpress-style-4-st0\" d=\"M37.5,28.2c-0.1,0-0.2,0-0.2,0h-4.2v0h-1.3l-2,2.1l-2-2.1h-0.9h-5.4V35h5.4h1l1.8-2l1.8,2h1.5h1.7v-2.2h1.7c2.2,0,3-0.6,3-2.6C39.5,28.4,38,28.2,37.5,28.2z M26.9,33.5h-3.6v-1.1h3.5v-1.5h-3.5v-1h3.6l1.7,1.8L26.9,33.5z M33.1,34L31,31.7l2.1-2.3V34z M36.6,31.1h-1.8v-1.3h1.8c0.5,0,0.9,0.3,0.9,0.6C37.5,30.8,37.1,31.1,36.6,31.1z\"><\/path><path class=\"americanExpress-style-4-st0\" d=\"M45.6,22.1c0,0.1,0,0.3,0,0.4c0,0.7,0.2,0.7,0.3,0.7c0,0,0,0,0,0l0.7-1.6l-0.7,0C45.9,21.6,45.7,21.6,45.6,22.1z\"><\/path><rect x=\"40.5\" y=\"19.1\" class=\"americanExpress-style-4-st0\" width=\"1.7\" height=\"6.7\"><\/rect><polygon class=\"americanExpress-style-4-st0\" points=\"32.5,24.3 28.9,24.3 28.9,23.2 32.4,23.2 32.4,21.7 28.9,21.7 28.9,20.6 32.5,20.6 32.5,19.1 27.1,19.1 27.1,25.8 32.5,25.8 \t\"><\/polygon><path class=\"americanExpress-style-4-st0\" d=\"M45.1,25.8H46h0.3h1.6l0.6-1.4h3.2l0.6,1.4h1.6h0.3h1.5v-4.5l2.7,4.5h2.4v-6.7H59v4.4l-2.7-4.4h-2.4v6.1l-2.6-6.1h-2.4l-2.1,5c0,0-0.3,0.1-0.7,0.1c-0.6,0-1.3-0.3-1.3-1.7c0-0.1,0-0.3,0-0.5c0.1-1.5,1.3-1.5,1.3-1.5l1.7,0v-1.5L45.5,19c-0.1,0-2.7-0.1-2.7,3.6C42.8,25.4,45.1,25.8,45.1,25.8z M50,20.6l0.8,2h-1.7L50,20.6z\"><\/path><path class=\"americanExpress-style-4-st0\" d=\"M56.5,30.8c-0.1,0-0.2,0-0.2,0s-0.1,0-0.2,0c-0.3,0-1.1,0-1.1-0.5c0-0.4,0.4-0.5,0.7-0.5c0.2,0,0.3,0,0.3,0h2.7v-1.6h-3.3c0,0,0,0-0.1,0c-0.4,0-2.1,0.1-2.1,2.1c0,1.9,1.7,2,2.2,2c0.1,0,0.2,0,0.2,0s0,0,0.1,0c0.3,0,1.4,0,1.4,0.6c0,0.5-0.5,0.5-0.8,0.5c-0.1,0-0.2,0-0.2,0h-2.7V35h3.1c0,0,0.1,0,0.2,0c0.6,0,2.3-0.2,2.3-2.4C58.9,30.9,57,30.8,56.5,30.8z\"><\/path><path class=\"americanExpress-style-4-st0\" d=\"M62.5,30.8c-0.1,0-0.2,0-0.2,0s-0.1,0-0.2,0c-0.3,0-1.1,0-1.1-0.5c0-0.4,0.4-0.5,0.7-0.5c0.2,0,0.3,0,0.3,0h2.7v-1.6h-3.3c0,0,0,0-0.1,0c-0.4,0-2.1,0.1-2.1,2.1c0,1.9,1.7,2,2.2,2c0.1,0,0.2,0,0.2,0s0,0,0.1,0c0.3,0,1.4,0,1.4,0.6c0,0.5-0.5,0.5-0.8,0.5c-0.1,0-0.2,0-0.2,0h-2.7V35h3.1c0,0,0.1,0,0.2,0c0.6,0,2.3-0.2,2.3-2.4C65,30.9,63.1,30.8,62.5,30.8z\"><\/path><path class=\"americanExpress-style-4-st0\" d=\"M46.4,30.2c0-1.8-1.4-2-2-2c-0.1,0-0.2,0-0.2,0h-4.2V35h1.7v-2.3h1.7c1.1,0,1.2,1,1.2,1V35h1.7v-1.7c0-1.1-0.8-1.5-0.8-1.5S46.4,31.4,46.4,30.2z M43.6,31.1h-1.8v-1.3h1.8c0.5,0,0.9,0.3,0.9,0.6S44.1,31.1,43.6,31.1z\"><\/path><path class=\"americanExpress-style-4-st0\" d=\"M64.4,1H7.6C4,1,1,4,1,7.6v36.7C1,48,4,51,7.6,51h56.7c3.7,0,6.6-3,6.6-6.6V7.6C71,4,68,1,64.4,1z M19.9,26.2l-0.3-0.6v0.1v1h-1h-1.5h-0.2h-1.7h-0.7l-0.3-0.6L14,25.4h-1.8l-0.3,0.8l-0.3,0.6h-0.7H9H7.5l0.6-1.4l2.9-6.7l0.3-0.6h0.7h2.4H15l0.3,0.6l0.7,1.7v-1.3v-1h1h2.7h0.6l0.3,0.6l1,2.2l1-2.2l0.3-0.6h0.6h2.7h1v0h5.2v0h1h4.1c0.1,0,0.1,0,0.3,0c0.6,0,1.2,0.1,1.7,0.4v-0.4h1h1.7h1v0.8c0.6-0.5,1.4-0.8,2.2-0.9l0,0l0.1,0l2.1,0.1l0.5,0l0,0h0.7h2.4h0.7l0.3,0.6l0.7,1.6v-1.2v-1h1h2.4h0.6l0.3,0.5l0.9,1.4v-0.9v-1h1h1.7h1v1v6.7v1h-1h-2.4h-0.6l-0.3-0.5l-0.9-1.5v0.9v1h-1h-1.5h-0.3h-1.6h-0.7l-0.3-0.6l-0.3-0.8h-1.8l-0.3,0.8l-0.3,0.6h-0.7h-1.6H46h-0.8h-0.1l-0.1,0c-0.5-0.1-1.2-0.3-1.8-0.8v0.9h-1h-1.7h-1v0H38h-1v-1v-1.2c0,0,0-0.1,0-0.1c0,0,0,0-0.1,0h-0.7v1.3v1h-1h-1.7h-1v0h-5.2v0h-1h-1.7h-1v-1v-0.1l-0.3,0.6l-0.3,0.6h-0.6h-1.4h-0.6L19.9,26.2z M62.7,36c-0.1,0-0.2,0-0.3,0h-3h-1v-0.5c-0.6,0.3-1.2,0.5-1.8,0.5c-0.1,0-0.2,0-0.3,0h-2.8v0h-1h-5.2v0h-1h-1.7h-1v-1v-1.2c0,0,0-0.1,0-0.1c0,0,0,0-0.1,0h-0.7V35v1h-1h-1.7h-1v-1v-1.7c-0.6,0.3-1.5,0.5-2.6,0.5h-0.7V35v1h-1h-1.7h-1.5h-0.4l-0.3-0.3l-1.1-1.2l-1.1,1.2L28.4,36h-0.4h-1h-5.4h-1v-1v-6.7v-1h1h5.4h0.9h0.4l0.3,0.3l1.3,1.4l1.3-1.3l0.3-0.3h0.4h0.3v0h1h4.1c0.1,0,0.1,0,0.2,0c0.5,0,1.1,0.1,1.6,0.4v-0.4h1h4.1c0.1,0,0.1,0,0.3,0c0.6,0,1.2,0.1,1.7,0.4v-0.4h1h5.4h1v0.4c0.5-0.3,1.1-0.4,1.7-0.4c0,0,0.1,0,0.1,0h3.3h1v0.4c0.5-0.3,1.1-0.4,1.7-0.4c0,0,0.1,0,0.1,0h3.3h1v1v1.6v1h-0.3c0.4,0.5,0.6,1.1,0.6,1.8C66,35.1,64.2,36,62.7,36z\"><\/path><path class=\"americanExpress-style-4-st0\" d=\"M35.1,23.4h1.7c1.1,0,1.2,1,1.2,1v1.3h1.7v-1.7c0-1.1-0.8-1.5-0.8-1.5s1-0.4,1-1.6c0-1.8-1.4-2-2-2c-0.1,0-0.2,0-0.2,0h-4.2v6.7h1.7V23.4z M35.1,20.6h1.8c0.5,0,0.9,0.3,0.9,0.6c0,0.4-0.4,0.6-0.9,0.6h-1.8V20.6z\"><\/path><path class=\"americanExpress-style-4-st0\" d=\"M22.2,25.8l2.2-4.6v4.6h1.7v-6.7h-2.7l-1.9,4.2l-1.9-4.2h-2.7v6.2l-2.6-6.2h-2.4L9,25.8h1.9l0.6-1.4h3.2l0.6,1.4h1.7h0.2h1.5v-4.6l2.2,4.6H22.2z M12.2,22.7l0.8-2l0.8,2H12.2z\"><\/path><polygon class=\"americanExpress-style-4-st0\" points=\"47.2,35 52.5,35 52.5,33.5 48.9,33.5 48.9,32.4 52.5,32.4 52.5,30.9 48.9,30.9 48.9,29.8 52.5,29.8 52.5,28.3 47.2,28.3 \t\"><\/polygon><\/g><\/svg><svg viewBox=\"0 0 72 52\" class=\"tcb-payPal-card\"><g><path class=\"payPal-style-4-st0\" d=\"M54.8,24.6c-1.2,0-2.1,0.8-2.3,2c-0.1,0.6,0,1.1,0.3,1.4c0.3,0.4,0.8,0.6,1.4,0.6c1.2,0,2.1-0.8,2.3-2c0.1-0.6,0-1.1-0.4-1.5C55.9,24.8,55.4,24.6,54.8,24.6z\"><\/path><g><path class=\"payPal-style-4-st0\" d=\"M44.9,21h-0.3c-0.2,0-0.3,0.1-0.4,0.3l-0.5,2.9h0.7c1.1,0,2.3,0,2.6-1.5c0.1-0.5,0-0.9-0.2-1.2C46.4,21,45.7,21,44.9,21z\"><\/path><g><g><path class=\"payPal-style-4-st0\" d=\"M14.1,21h-0.3c-0.2,0-0.3,0.1-0.4,0.3L13,24.2h0.7c1.1,0,2.3,0,2.6-1.5c0.1-0.5,0-0.9-0.2-1.2C15.6,21,14.9,21,14.1,21z\"><\/path><path class=\"payPal-style-4-st0\" d=\"M64.4,1H7.6C4,1,1,4,1,7.6v36.7C1,48,4,51,7.6,51h56.7c3.7,0,6.6-3,6.6-6.6V7.6C71,4,68,1,64.4,1zM14.5,26.6h-1.4c-0.3,0-0.5,0.2-0.6,0.5l-0.5,3c0,0.3-0.3,0.5-0.6,0.5H9.4c-0.2,0-0.4-0.2-0.4-0.4l1.7-11c0-0.3,0.3-0.5,0.6-0.5h4.3c1.4,0,2.5,0.4,3.1,1.1c0.6,0.7,0.7,1.6,0.6,2.8C19,25.2,17.4,26.6,14.5,26.6z M27.9,30.1c0,0.3-0.3,0.5-0.6,0.5h-1.9c-0.2,0-0.4-0.2-0.4-0.4l0.1-0.6c0,0-1,1.2-2.9,1.2c-1.1,0-2-0.3-2.6-1c-0.7-0.8-1-2-0.8-3.2c0.4-2.4,2.3-4.1,4.6-4.1c1,0,2,0.2,2.4,0.9l0.1,0.2l0.1-0.6c0-0.2,0.2-0.3,0.4-0.3h2.1c0.2,0,0.4,0.2,0.4,0.4L27.9,30.1zM32.5,33.4h-2.1c-0.3,0-0.5-0.3-0.3-0.6l2.2-3L30,23.1c-0.1-0.2,0.1-0.5,0.3-0.5h2c0.3,0,0.5,0.2,0.6,0.4l1.2,4l2.9-4.2c0.1-0.2,0.3-0.3,0.5-0.3h2.1c0.3,0,0.5,0.3,0.3,0.6L33,33.1C32.9,33.3,32.7,33.4,32.5,33.4z M45.3,26.6H44c-0.3,0-0.5,0.2-0.6,0.5l-0.5,3.1c0,0.2-0.2,0.4-0.4,0.4h-2.2c-0.2,0-0.4-0.2-0.4-0.4l1.7-11c0-0.3,0.3-0.5,0.6-0.5h4.3c1.4,0,2.5,0.4,3.1,1.1c0.6,0.7,0.7,1.6,0.6,2.8C49.8,25.2,48.2,26.6,45.3,26.6z M58.7,30.1c0,0.3-0.3,0.5-0.6,0.5h-1.9c-0.2,0-0.4-0.2-0.4-0.4l0.1-0.6c0,0-1,1.2-2.9,1.2c-1.1,0-2-0.3-2.6-1c-0.7-0.8-1-2-0.8-3.2c0.4-2.4,2.3-4.1,4.6-4.1c1,0,2,0.2,2.4,0.9l0.1,0.2l0.1-0.6c0-0.2,0.2-0.3,0.4-0.3h2.1c0.2,0,0.4,0.2,0.4,0.4L58.7,30.1z M62.8,30.1c0,0.3-0.3,0.5-0.6,0.5h-1.8c-0.2,0-0.4-0.2-0.4-0.4l1.8-11.2c0-0.2,0.2-0.3,0.4-0.3h2c0.2,0,0.4,0.2,0.4,0.4L62.8,30.1z\"><\/path><\/g><path class=\"payPal-style-4-st0\" d=\"M24,24.6c-1.2,0-2.1,0.8-2.3,2c-0.1,0.6,0,1.1,0.3,1.4c0.3,0.4,0.8,0.6,1.4,0.6c1.2,0,2.1-0.8,2.3-2c0.1-0.6,0-1.1-0.4-1.5C25.1,24.8,24.6,24.6,24,24.6z\"><\/path><\/g><\/g><\/g><\/svg><\/div><\/div><\/div><\/div><\/div>","decoration":[],"comments":[],"attr":{"class":""},"hide":0},"header":{"id":"4ea06fbc83cdd0a06020c35d50e1e89a","hide":0},"footer":{"id":"9fd81843ad7f202f26c1a174c7357585","hide":0}},"icons":[],"style":{"css":{"(min-width: 300px)":".tve-theme-__template_id__ #wrapper { --header-background-width:100%; --footer-background-width:100%; --top-background-width:100%; --bottom-background-width:100%; }.tve-theme-__template_id__ .main-container { padding: 10px !important; }.tve-theme-__template_id__ .content-section .section-content { padding: 20px 10px !important; min-height: 490px !important; }.tve-theme-__template_id__ .content-section .cart-template-wrapper { margin-top: 0px !important; margin-bottom: 0px !important; }.tve-theme-__template_id__ .bottom-section .section-background { border-top: 1px solid rgb(238, 238, 238); background-color: transparent !important; background-image: none !important; }.tve-theme-__template_id__ .bottom-section .section-content { display: flex; flex-direction: column; justify-content: center; text-align: left; --tve-font-size:16px; --tve-color:rgb(180, 180, 180); min-height: 150px !important; padding: 40px 20px !important; }.tve-theme-__template_id__ .bottom-section [data-css=\"tve-u-172efcf6bbb\"] { padding: 0px !important; margin-bottom: 0px !important; }.tve-theme-__template_id__ .bottom-section [data-css=\"tve-u-172efcfef9d\"] { padding: 0px !important; margin-bottom: 0px !important; }:not(#tve) .tve-theme-__template_id__ .bottom-section [data-css=\"tve-u-172efd0243e\"] { letter-spacing: 2px; padding-bottom: 0px !important; margin-bottom: 0px !important; font-size: 13px !important; }.tve-theme-__template_id__ .bottom-section [data-css=\"tve-u-172efd16917\"] { font-size: 18px; margin-top: 0px !important; margin-bottom: 0px !important; padding: 0px !important; }.tve-theme-__template_id__ .bottom-section .section-content p, .tve-theme-__template_id__ .bottom-section .section-content li, .tve-theme-__template_id__ .bottom-section .section-content label, .tve-theme-__template_id__ .bottom-section .section-content .tcb-plain-text { font-size: var(--tve-font-size, 16px); color: var(--tve-color, rgb(180, 180, 180)); --tcb-applied-color:rgb(180, 180, 180); }.tve-theme-__template_id__ .bottom-section [data-css=\"tve-u-172efd48fcd\"] { margin-left: -30px; padding: 0px !important; }.tve-theme-__template_id__ .bottom-section [data-css=\"tve-u-172efd4931a\"] { margin: 0px !important; }.tve-theme-__template_id__ .bottom-section [data-css=\"tve-u-172efd48fcd\"] > .tcb-flex-col { padding-left: 30px; }:not(#tve) .tve-theme-__template_id__ .bottom-section [data-css=\"tve-u-172effbfcc7\"] { letter-spacing: 1px; padding-bottom: 0px !important; margin-bottom: 0px !important; font-size: 13px !important; text-transform: uppercase !important; font-weight: var(--g-bold-weight, bold)  !important; color: var(--tcb-skin-color-4)  !important; --tcb-applied-color:var$(--tcb-skin-color-4)  !important; text-decoration: none !important; }.tve-theme-__template_id__ .bottom-section [data-css=\"tve-u-172effc9615\"] { width: 120px; margin-top: 0px !important; margin-bottom: 0px !important; }.tve-theme-__template_id__ .bottom-section [data-css=\"tve-u-172effcd41b\"] { padding: 0px !important; margin-bottom: 0px !important; }.tve-theme-__template_id__ .bottom-section [data-css=\"tve-u-172effd3b15\"] { max-width: 30.1%; }.tve-theme-__template_id__ .bottom-section [data-css=\"tve-u-172effd3b42\"] { max-width: 45.7%; }.tve-theme-__template_id__ .bottom-section [data-css=\"tve-u-172effd3b71\"] { max-width: 24.2%; }.tve-theme-__template_id__ .bottom-section [data-css=\"tve-u-172effd7b3a\"] { padding: 0px !important; }.tve-theme-__template_id__ .bottom-section [data-css=\"tve-u-172effde4b9\"] { width: 120px; margin-top: 0px !important; margin-bottom: 0px !important; }.tve-theme-__template_id__ .bottom-section [data-css=\"tve-u-172effc9615\"] img { filter: grayscale(100%) blur(0px) brightness(100%) sepia(0%) invert(0%) saturate(100%) contrast(100%) hue-rotate(0deg); }.tve-theme-__template_id__ .bottom-section [data-css=\"tve-u-172effde4b9\"] img { filter: grayscale(100%) blur(0px) brightness(100%) sepia(0%) invert(0%) saturate(100%) contrast(100%) hue-rotate(0deg); }.tve-theme-__template_id__ .bottom-section [data-css=\"tve-u-172f0040ddd\"] { padding: 0px !important; margin-bottom: 0px !important; }:not(#tve) .tve-theme-__template_id__ .bottom-section [data-css=\"tve-u-172f0054e1c\"] { letter-spacing: 1px; padding-bottom: 0px !important; margin-bottom: 0px !important; font-size: 13px !important; text-transform: uppercase !important; font-weight: var(--g-bold-weight, bold)  !important; color: var(--tcb-skin-color-4)  !important; --tcb-applied-color:var$(--tcb-skin-color-4)  !important; }:not(#tve) .tve-theme-__template_id__ .bottom-section [data-css=\"tve-u-172f0055d17\"] { letter-spacing: 1px; padding-bottom: 0px !important; margin-bottom: 0px !important; font-size: 13px !important; text-transform: uppercase !important; font-weight: var(--g-bold-weight, bold)  !important; color: var(--tcb-skin-color-4)  !important; --tcb-applied-color:var$(--tcb-skin-color-4)  !important; }.tve-theme-__template_id__ .bottom-section [data-css=\"tve-u-172f007c6a9\"] { margin: 0px 0px 14px !important; }.tve-theme-__template_id__ .bottom-section [data-css=\"tve-u-172effd7b3a\"] > .tcb-flex-col > .tcb-col { justify-content: center; }.tve-theme-__template_id__ .bottom-section [data-css=\"tve-u-172efdd9efd\"] { padding-left: 40px !important; padding-right: 40px !important; border-right: none !important; border-left: none !important; }.tve-theme-__template_id__ .bottom-section [data-css=\"tve-u-172f0ea6432\"] { font-size: 28px; margin-top: 0px !important; margin-bottom: 0px !important; background-color: transparent !important; }.tve-theme-__template_id__ .bottom-section [data-css=\"tve-u-172f0ea6432\"] .sr-background { fill: var(--tcb-skin-color-8); }.tve-theme-__template_id__ .bottom-section [data-css=\"tve-u-172f0ea6432\"] .sr-outline { fill: var(--tcb-skin-color-18); }.tve-theme-__template_id__ .bottom-section [data-css=\"tve-u-172f0ea6432\"] .sr-fill { fill: var(--tcb-skin-color-0); }.tve-theme-__template_id__ .bottom-section [data-css=\"tve-u-172f0ede6ed\"] { color: var(--tcb-skin-color-0)  !important; }.tve-theme-__template_id__ .bottom-section .thrv-divider[data-css=\"tve-u-172f0ee9556\"] .tve_sep { border-width: 1px !important; border-color: rgb(230, 230, 230) !important; }.tve-theme-__template_id__ .bottom-section [data-css=\"tve-u-172f0ee9556\"] { max-width: 20%; padding-top: 5px !important; padding-bottom: 5px !important; margin-bottom: 10px !important; }.tve-theme-__template_id__ .top-section .section-background { background-color: var(--tcb-skin-color-2)  !important; background-image: none !important; }.tve-theme-__template_id__ .top-section .section-content { display: flex; flex-direction: column; min-height: 1px !important; padding: 0px !important; }.tve-theme-__template_id__ .top-section [data-css=\"tve-u-172c77d3f76\"] { padding: 12px 20px !important; }.tve-theme-__template_id__ .top-section [data-css=\"tve-u-172c77d3f77\"] { max-width: 1080px; margin-top: 0px !important; margin-bottom: 0px !important; background-color: transparent !important; }:not(#tve) .tve-theme-__template_id__ .top-section [data-css=\"tve-u-172c77d3f78\"] { letter-spacing: 2px; padding-bottom: 2px !important; margin-bottom: 0px !important; text-transform: uppercase !important; font-size: 11px !important; color: var(--tcb-skin-color-4)  !important; --tcb-applied-color:var$(--tcb-skin-color-4)  !important; font-weight: var(--g-bold-weight, bold)  !important; line-height: 1.3em !important; }.tve-theme-__template_id__ .top-section [data-css=\"tve-u-172c77d3f79\"] { padding: 1px !important; margin: 0px !important; }.tve-theme-__template_id__ .top-section [data-css=\"tve-u-172c77d3f7b\"] { margin-left: -20px; padding: 1px !important; }.tve-theme-__template_id__ .top-section [data-css=\"tve-u-172c77d3f7d\"] { margin-top: 0px !important; margin-bottom: 0px !important; }.tve-theme-__template_id__ .top-section [data-css=\"tve-u-172c77d3f7b\"] > .tcb-flex-col > .tcb-col { justify-content: center; }.tve-theme-__template_id__ .top-section [data-css=\"tve-u-172c77d3f7b\"] > .tcb-flex-col { padding-left: 20px; }.tve-theme-__template_id__ .top-section [data-css=\"tve-u-172c77d3f7e\"] { max-width: 28.7%; }.tve-theme-__template_id__ .top-section [data-css=\"tve-u-172c77d3f7f\"] { max-width: 71.3%; }:not(#tve) .tve-theme-__template_id__ .top-section [data-css=\"tve-u-172c77d3f80\"] { color: inherit !important; text-decoration-line: none !important; --eff:none  !important; text-decoration-color: var(--eff-color, currentColor)  !important; }:not(#tve) .tve-theme-__template_id__ .top-section [data-css=\"tve-u-172c77d3f80\"]:hover { text-decoration-line: none !important; --eff:none  !important; text-decoration-color: var(--eff-color, currentColor)  !important; color: rgb(112, 112, 112) !important; }.tve-theme-__template_id__ .top-section [data-css=\"tve-u-172c77d3f82\"] { padding: 1px !important; margin-top: 0px !important; margin-bottom: 0px !important; }.tve-theme-__template_id__ .top-section [data-css=\"tve-u-172c77d3f83\"] { padding: 1px !important; margin-top: 0px !important; margin-bottom: 0px !important; }.tve-theme-__template_id__ .top-section [data-css=\"tve-u-172c77d3f84\"] { max-width: 49.9%; }.tve-theme-__template_id__ .top-section [data-css=\"tve-u-172c77d3f85\"] { max-width: 50.1%; }.tve-theme-__template_id__ .top-section [data-css=\"tve-u-172c77d3f86\"]::after { clear: both; }.tve-theme-__template_id__ .top-section [data-css=\"tve-u-172c77d3f87\"] { margin-left: -21px; padding: 1px !important; }.tve-theme-__template_id__ .top-section [data-css=\"tve-u-172c77d3f87\"] > .tcb-flex-col > .tcb-col { justify-content: center; }.tve-theme-__template_id__ .top-section [data-css=\"tve-u-172c77d3f87\"] > .tcb-flex-col { padding-left: 21px; }.tve-theme-__template_id__ .top-section [data-css=\"tve-u-172c77d3f88\"] { max-width: 39.3%; }.tve-theme-__template_id__ .top-section [data-css=\"tve-u-172c77d3f8a\"] { max-width: 60.7%; }.tve-theme-__template_id__ .top-section [data-css=\"tve-u-172c77d3f8b\"]::after { clear: both; }.tve-theme-__template_id__ .top-section [data-css=\"tve-u-172c77d3f8c\"] { margin-left: -20px; padding: 1px !important; }.tve-theme-__template_id__ .top-section [data-css=\"tve-u-172c77d3f8c\"] > .tcb-flex-col > .tcb-col { justify-content: center; }.tve-theme-__template_id__ .top-section [data-css=\"tve-u-172c77d3f8c\"] > .tcb-flex-col { padding-left: 20px; }.tve-theme-__template_id__ .top-section [data-css=\"tve-u-172c77d3f8d\"] { float: left; z-index: 3; position: relative; min-width: 251px; padding: 1px !important; margin: 0px !important; }.tve-theme-__template_id__ .top-section [data-css=\"tve-u-172c77d3f8e\"] { margin-top: 0px !important; margin-bottom: 0px !important; }.tve-theme-__template_id__ .top-section [data-css=\"tve-u-172c77d3f8f\"] { font-size: 20px; width: 20px; height: 20px; border-radius: 100px; overflow: hidden; border: 1px solid rgba(0, 0, 0, 0.08); float: right; z-index: 3; position: relative; padding: 16px !important; margin-top: 0px !important; margin-bottom: 0px !important; background-color: transparent !important; }:not(#tve) .tve-theme-__template_id__ .top-section [data-css=\"tve-u-172c77d3f8f\"] > :first-child { color: var(--tcb-skin-color-4); }.tve-theme-__template_id__ .top-section [data-css=\"tve-u-172c77d3f90\"]::after { clear: both; }.tve-theme-__template_id__ .top-section [data-css=\"tve-u-172c77d3f91\"] { font-size: 16px; margin-left: auto; margin-right: auto; width: 16px; height: 16px; border-radius: 100px; overflow: hidden; float: right; z-index: 3; position: relative; border: 1px solid rgba(0, 0, 0, 0.08); padding: 16px !important; margin-top: 0px !important; margin-bottom: 0px !important; background-color: transparent !important; }:not(#tve) .tve-theme-__template_id__ .top-section [data-css=\"tve-u-172c77d3f91\"] > :first-child { color: var(--tcb-skin-color-4); }.tve-theme-__template_id__ .top-section [data-css=\"tve-u-172c77d3f94\"] { font-size: 16px; margin-left: auto; margin-right: auto; width: 16px; height: 16px; border-radius: 100px; overflow: hidden; float: right; z-index: 3; position: relative; border: 1px solid rgba(0, 0, 0, 0.08); padding: 16px !important; margin-top: 0px !important; margin-bottom: 0px !important; background-color: transparent !important; }:not(#tve) .tve-theme-__template_id__ .top-section [data-css=\"tve-u-172c77d3f94\"] > :first-child { color: var(--tcb-skin-color-4); }:not(#tve) .tve-theme-__template_id__ .top-section [data-css=\"tve-u-172c77fc740\"] { letter-spacing: 2px; padding-bottom: 2px !important; margin-bottom: 0px !important; text-transform: uppercase !important; font-size: 11px !important; color: var(--tcb-skin-color-4)  !important; --tcb-applied-color:var$(--tcb-skin-color-4)  !important; font-weight: var(--g-bold-weight, bold)  !important; line-height: 1.3em !important; }:not(#tve) .tve-theme-__template_id__ .top-section [data-css=\"tve-u-172c78228f4\"] { letter-spacing: 2px; padding-bottom: 2px !important; margin-bottom: 0px !important; text-transform: uppercase !important; font-size: 11px !important; color: var(--tcb-skin-color-4)  !important; --tcb-applied-color:var$(--tcb-skin-color-4)  !important; font-weight: var(--g-bold-weight, bold)  !important; line-height: 1.3em !important; }.tve-theme-__template_id__ .top-section [data-css=\"tve-u-172c783ce2c\"] { background-color: rgb(255, 255, 255) !important; border-bottom: 1px solid rgb(243, 243, 243) !important; border-top: none !important; }:not(#tve) .tve-theme-__template_id__ .top-section [data-css=\"tve-u-172c784d60c\"] { letter-spacing: 4px; padding-bottom: 0px !important; margin-bottom: 0px !important; font-size: 9px !important; color: var(--tcb-skin-color-4)  !important; --tcb-applied-color:var$(--tcb-skin-color-4)  !important; font-weight: var(--g-regular-weight, normal)  !important; }.tve-theme-__template_id__ .top-section [data-css=\"tve-u-172c784f28f\"] { --tve-text-transform:uppercase; }.tve-theme-__template_id__ .top-section [data-css=\"tve-u-172c785027f\"] { padding: 0px !important; margin: 0px !important; }:not(#tve) .tve-theme-__template_id__ .top-section [data-css=\"tve-u-172c784f28f\"] p, :not(#tve) .tve-theme-__template_id__ .top-section [data-css=\"tve-u-172c784f28f\"] li, :not(#tve) .tve-theme-__template_id__ .top-section [data-css=\"tve-u-172c784f28f\"] blockquote, :not(#tve) .tve-theme-__template_id__ .top-section [data-css=\"tve-u-172c784f28f\"] address, :not(#tve) .tve-theme-__template_id__ .top-section [data-css=\"tve-u-172c784f28f\"] .tcb-plain-text, :not(#tve) .tve-theme-__template_id__ .top-section [data-css=\"tve-u-172c784f28f\"] label, :not(#tve) .tve-theme-__template_id__ .top-section [data-css=\"tve-u-172c784f28f\"] h1, :not(#tve) .tve-theme-__template_id__ .top-section [data-css=\"tve-u-172c784f28f\"] h2, :not(#tve) .tve-theme-__template_id__ .top-section [data-css=\"tve-u-172c784f28f\"] h3, :not(#tve) .tve-theme-__template_id__ .top-section [data-css=\"tve-u-172c784f28f\"] h4, :not(#tve) .tve-theme-__template_id__ .top-section [data-css=\"tve-u-172c784f28f\"] h5, :not(#tve) .tve-theme-__template_id__ .top-section [data-css=\"tve-u-172c784f28f\"] h6 { text-transform: var(--tve-text-transform, uppercase); }.tve-theme-__template_id__ .top-section [data-css=\"tve-u-172c79788aa\"] { padding: 0px !important; }:not(#tve) .tve-theme-__template_id__ .top-section [data-css=\"tve-u-172c79b367e\"] { letter-spacing: 1px; padding-bottom: 0px !important; margin-bottom: 0px !important; text-transform: none !important; font-size: 10px !important; color: rgba(0, 0, 0, 0.65) !important; --tcb-applied-color:rgba(0, 0, 0, 0.65)  !important; font-weight: var(--g-regular-weight, normal)  !important; line-height: 1.3em !important; }:not(#tve) .tve-theme-__template_id__ .top-section [data-css=\"tve-u-172c79b62ea\"] { letter-spacing: 1px; padding-bottom: 0px !important; margin-bottom: 0px !important; text-transform: none !important; font-size: 10px !important; color: rgba(0, 0, 0, 0.65) !important; --tcb-applied-color:rgba(0, 0, 0, 0.65)  !important; font-weight: var(--g-regular-weight, normal)  !important; line-height: 1.3em !important; }.tve-theme-__template_id__ .top-section [data-css=\"tve-u-172c79ec22c\"] { color: var(--tcb-skin-color-0)  !important; }.tve-theme-__template_id__ .top-section [data-css=\"tve-u-172c7a0f768\"] { padding: 10px 20px !important; }.tve-theme-__template_id__ .top-section [data-css=\"tve-u-172c7a0fd5e\"] { float: none; margin: 0px auto !important; }.tve-theme-__template_id__ .top-section [data-css=\"tve-u-172c7a25fdd\"] { margin-left: 0px !important; }.tve-theme-__template_id__ .top-section [data-css=\"tve-u-172c7a2fc1d\"] { padding: 0px !important; }:not(#tve) .tve-theme-__template_id__ .top-section [data-css=\"tve-u-172c7a3cc19\"] { letter-spacing: 4px; padding-bottom: 0px !important; margin-bottom: 0px !important; font-size: 9px !important; color: var(--tcb-skin-color-4)  !important; --tcb-applied-color:var$(--tcb-skin-color-4)  !important; font-weight: var(--g-bold-weight, bold)  !important; }.tve-theme-__template_id__ .top-section [data-css=\"tve-u-172c7a51825\"]::after { clear: both; }.tve-theme-__template_id__ .top-section [data-css=\"tve-u-172c7a6d171\"] { text-align: right; }.tve-theme-__template_id__ .top-section [data-css=\"tve-u-172c7aa3ee4\"] { margin-top: 0px !important; margin-bottom: 0px !important; }:not(#tve) .tve-theme-__template_id__ .top-section [data-css=\"tve-u-172c7ab049a\"] { letter-spacing: 1px; padding-bottom: 0px !important; margin-bottom: 0px !important; text-transform: none !important; font-size: 10px !important; color: rgba(0, 0, 0, 0.65) !important; --tcb-applied-color:rgba(0, 0, 0, 0.65)  !important; font-weight: var(--g-regular-weight, normal)  !important; line-height: 1.3em !important; }.tve-theme-__template_id__ .top-section [data-css=\"tve-u-172c7a0f768\"] > .tcb-flex-col > .tcb-col { max-height: 1080px; }.tve-theme-__template_id__ .sidebar-section .section-background { border: medium none; background-color: transparent !important; }.tve-theme-__template_id__ .sidebar-section .section-content { text-align: left; --tve-color:var(--tcb-skin-color-3); padding: 20px 10px !important; }.tve-theme-__template_id__ .sidebar-section { margin: 0px !important; }.tve-theme-__template_id__ .sidebar-section [data-css=\"tve-u-172dba0d1d6\"] { padding: 0px !important; }.tve-theme-__template_id__ .sidebar-section [data-css=\"tve-u-172dba3aeee\"] { font-size: 18px; width: 18px; height: 18px; border-radius: 0px; overflow: hidden; border: none; float: left; z-index: 3; position: relative; padding: 6px !important; margin: 0px auto 6px !important; background-color: transparent !important; }:not(#tve) .tve-theme-__template_id__ .sidebar-section [data-css=\"tve-u-172dba3aeee\"] > :first-child { color: var(--tcb-skin-color-0); }.tve-theme-__template_id__ .sidebar-section [data-css=\"tve-u-172dba3aef2\"]::after { clear: both; }:not(#tve) .tve-theme-__template_id__ .sidebar-section [data-css=\"tve-u-172dba6a799\"] { padding-bottom: 0px !important; margin-bottom: 0px !important; font-weight: var(--g-bold-weight, bold)  !important; }.tve-theme-__template_id__ .sidebar-section [data-css=\"tve-u-172dba6cff2\"] { padding: 10px 10px 10px 0px !important; margin: 0px 0px 60px !important; }.tve-theme-__template_id__ .sidebar-section [data-css=\"tve-u-172dbaca35e\"] { background-color: rgba(255, 255, 255, 0.7) !important; border: none !important; }.tve-theme-__template_id__ .sidebar-section [data-css=\"tve-u-172dbaec183\"] { padding: 10px 10px 10px 0px !important; margin: 0px 0px 8px !important; }.tve-theme-__template_id__ .sidebar-section [data-css=\"tve-u-172dbafa3d4\"] { padding: 10px 10px 10px 0px !important; margin: 0px !important; }.tve-theme-__template_id__ .sidebar-section [data-css=\"tve-u-172dbc577c3\"] { font-size: 18px; width: 18px; height: 18px; border-radius: 0px; overflow: hidden; border: none; float: left; z-index: 3; position: relative; padding: 6px !important; margin: 0px auto 6px !important; background-color: transparent !important; }:not(#tve) .tve-theme-__template_id__ .sidebar-section [data-css=\"tve-u-172dbc577c3\"] > :first-child { color: var(--tcb-skin-color-0); }.tve-theme-__template_id__ .sidebar-section [data-css=\"tve-u-172dbc577c7\"]::after { clear: both; }.tve-theme-__template_id__ .sidebar-section [data-css=\"tve-u-172dbc58322\"] { font-size: 18px; width: 18px; height: 18px; border-radius: 0px; overflow: hidden; border: none; float: left; z-index: 3; position: relative; padding: 6px !important; margin: 0px auto 6px !important; background-color: transparent !important; }:not(#tve) .tve-theme-__template_id__ .sidebar-section [data-css=\"tve-u-172dbc58322\"] > :first-child { color: var(--tcb-skin-color-0); }.tve-theme-__template_id__ .sidebar-section [data-css=\"tve-u-172dbc58325\"]::after { clear: both; }.tve-theme-__template_id__ .sidebar-section [data-css=\"tve-u-172dbc67291\"] { width: 500px; margin-top: 0px !important; margin-bottom: 20px !important; }.tve-theme-__template_id__ .sidebar-section [data-css=\"tve-u-172dbc67291\"] .tve_image_frame { height: 100%; }.tve-theme-__template_id__ .sidebar-section [data-css=\"tve-u-172dbf27d6c\"] { margin-left: -75px; width: 153% !important; max-width: none !important; }.tve-theme-__template_id__ .sidebar-section [data-css=\"tve-u-172dbf7020d\"] { background-color: rgba(255, 255, 255, 0.7) !important; border: none !important; }.tve-theme-__template_id__ .sidebar-section [data-css=\"tve-u-172dbf7277b\"] { background-color: rgba(255, 255, 255, 0.7) !important; border-top: 1px solid var(--tcb-skin-color-8)  !important; border-right: none !important; border-bottom: 1px solid var(--tcb-skin-color-8)  !important; border-left: none !important; border-image: initial !important; }.tve-theme-__template_id__ .sidebar-section .section-content p, .tve-theme-__template_id__ .sidebar-section .section-content li, .tve-theme-__template_id__ .sidebar-section .section-content label, .tve-theme-__template_id__ .sidebar-section .section-content .tcb-plain-text { color: var(--tve-color, var(--tcb-skin-color-3)); --tcb-applied-color:var$(--tcb-skin-color-3); }:not(#tve) .tve-theme-__template_id__ .sidebar-section [data-css=\"tve-u-172dbfdbc6b\"] { font-weight: var(--g-bold-weight, bold)  !important; padding-bottom: 0px !important; margin-bottom: 0px !important; }:not(#tve) .tve-theme-__template_id__ .sidebar-section [data-css=\"tve-u-172dbfdcaa3\"] { font-weight: var(--g-regular-weight, normal)  !important; padding-bottom: 0px !important; margin-bottom: 0px !important; font-size: 14px !important; }.tve-theme-__template_id__ .sidebar-section [data-css=\"tve-u-172dbfe8133\"] { margin-bottom: 20px !important; }:not(#tve) .tve-theme-__template_id__ .sidebar-section [data-css=\"tve-u-172dbfef203\"] { padding-bottom: 0px !important; margin-bottom: 0px !important; font-weight: var(--g-bold-weight, bold)  !important; }:not(#tve) .tve-theme-__template_id__ .sidebar-section [data-css=\"tve-u-172dbfefba8\"] { padding-bottom: 0px !important; margin-bottom: 0px !important; font-weight: var(--g-bold-weight, bold)  !important; }.tve-theme-__template_id__ .sidebar-section [data-css=\"tve-u-172dbff6940\"] { margin-bottom: 10px !important; }.tve-theme-__template_id__ .sidebar-section [data-css=\"tve-u-172dc03af13\"] .tcb-button-link { letter-spacing: var(--tve-letter-spacing, 1px); border: 1px solid var(--tcb-local-color-f8570); background-color: transparent !important; padding: 11px !important; }:not(#tve) .tve-theme-__template_id__ .sidebar-section [data-css=\"tve-u-172dc03af13\"] .tcb-button-link span { font-weight: var(--tve-font-weight, var(--g-regular-weight, normal)); color: var(--tve-color, var(--tcb-local-color-f8570)); --tcb-applied-color:var$(--tcb-local-color-f8570); }.tve-theme-__template_id__ .sidebar-section [data-css=\"tve-u-172dc03af13\"] { --tve-font-weight:var(--g-regular-weight, normal); --tve-letter-spacing:1px; --tve-color:var(--tcb-local-color-f8570); --tcb-local-color-ef6da:rgb(19, 114, 211); --tve-font-size:13px; float: left; z-index: 3; position: relative; --tcb-local-color-f8570:var(--tcb-skin-color-0)  !important; margin-top: 0px !important; margin-bottom: 0px !important; }:not(#tve) .tve-theme-__template_id__ .sidebar-section [data-css=\"tve-u-172dc03af13\"]:hover .tcb-button-link { border: 1px solid var(--tcb-local-color-f8570)  !important; background-color: transparent !important; background-image: linear-gradient(var(--tcb-local-color-f8570), var(--tcb-local-color-f8570))  !important; background-size: auto !important; background-position: 50% 50% !important; background-attachment: scroll !important; background-repeat: no-repeat !important; }.tve-theme-__template_id__ .sidebar-section [data-css=\"tve-u-172dc03af13\"] .tcb-button-link::after { background-color: transparent !important; background-image: linear-gradient(var(--tcb-local-color-f8570), var(--tcb-local-color-f8570))  !important; background-size: auto !important; background-position: 50% 50% !important; background-attachment: scroll !important; background-repeat: no-repeat !important; }:not(#tve) .tve-theme-__template_id__ .sidebar-section [data-css=\"tve-u-172dc03af13\"]:hover .tcb-button-link span { color: var(--tve-color, rgb(255, 255, 255))  !important; --tcb-applied-color:rgb(255, 255, 255)  !important; }:not(#tve) .tve-theme-__template_id__ .sidebar-section [data-css=\"tve-u-172dc03af13\"]:hover { --tve-color:rgb(255, 255, 255)  !important; }:not(#tve) .tve-theme-__template_id__ .sidebar-section [data-css=\"tve-u-172dc03e2dd\"] textarea, :not(#tve) .tve-theme-__template_id__ .sidebar-section [data-css=\"tve-u-172dc03e2dd\"] input { border: none; border-radius: 0px; overflow: hidden; background-color: rgb(248, 249, 250) !important; margin-top: 5px !important; margin-bottom: 5px !important; padding: 14px 8px !important; }:not(#tve) .tve-theme-__template_id__ .sidebar-section [data-css=\"tve-u-172dc03e2dd\"] input, :not(#tve) .tve-theme-__template_id__ .sidebar-section [data-css=\"tve-u-172dc03e2dd\"] select, :not(#tve) .tve-theme-__template_id__ .sidebar-section [data-css=\"tve-u-172dc03e2dd\"] textarea, :not(#tve) .tve-theme-__template_id__ .sidebar-section [data-css=\"tve-u-172dc03e2dd\"] ::placeholder { --tcb-applied-color:var$(--tcb-skin-color-5); font-size: var(--tve-font-size, 11px); letter-spacing: var(--tve-letter-spacing, 1px); color: var(--tve-color, var(--tcb-skin-color-5))  !important; }.tve-theme-__template_id__ .sidebar-section [data-css=\"tve-u-172dc03e2dd\"] { --tve-color:var(--tcb-skin-color-5); --tve-font-size:11px; --tve-letter-spacing:1px; }:not(#tve) .tve-theme-__template_id__ .sidebar-section [data-css=\"tve-u-172dc049543\"] { font-size: 10px !important; font-style: italic !important; color: var(--tcb-skin-color-13)  !important; --tcb-applied-color:var$(--tcb-skin-color-13)  !important; }.tve-theme-__template_id__ .sidebar-section [data-css=\"tve-u-172dc04955d\"] { --tcb-applied-color:var$(--tcb-skin-color-13)  !important; }:not(#tve) .tve-theme-__template_id__ .sidebar-section [data-css=\"tve-u-172dc03af13\"] .tcb-button-link { font-size: var(--tve-font-size, 13px)  !important; }.tve-theme-__template_id__ .sidebar-section [data-css=\"tve-u-172dc0619e9\"]::after { clear: both; }:not(#tve) .tve-theme-__template_id__ .sidebar-section [data-css=\"tve-u-172dc077b56\"] { letter-spacing: 1px; font-weight: var(--g-regular-weight, normal)  !important; padding-bottom: 0px !important; margin-bottom: 0px !important; font-size: 13px !important; color: var(--tcb-skin-color-5)  !important; --tcb-applied-color:var$(--tcb-skin-color-5)  !important; }:not(#tve) .tve-theme-__template_id__ .sidebar-section [data-css=\"tve-u-172dc081fc8\"] { font-weight: var(--g-bold-weight, bold)  !important; padding-bottom: 16px !important; margin-bottom: 0px !important; }:not(#tve) .tve-theme-__template_id__ .sidebar-section :not(#tve) [data-css=\"tve-u-172dc03e2dd\"]:hover input, :not(#tve) .tve-theme-__template_id__ .sidebar-section :not(#tve) [data-css=\"tve-u-172dc03e2dd\"]:hover select, :not(#tve) .tve-theme-__template_id__ .sidebar-section :not(#tve) [data-css=\"tve-u-172dc03e2dd\"]:hover textarea, :not(#tve) .tve-theme-__template_id__ .sidebar-section :not(#tve) [data-css=\"tve-u-172dc03e2dd\"]:hover ::placeholder { color: var(--tve-color, var(--tcb-skin-color-3))  !important; --tcb-applied-color:var$(--tcb-skin-color-3)  !important; }:not(#tve) .tve-theme-__template_id__ .sidebar-section [data-css=\"tve-u-172dc03e2dd\"]:hover { --tve-color:var(--tcb-skin-color-3)  !important; }:not(#tve) .tve-theme-__template_id__ .sidebar-section :not(#tve) [data-css=\"tve-u-172dc03e2dd\"]:hover input, :not(#tve) .tve-theme-__template_id__ .sidebar-section :not(#tve) [data-css=\"tve-u-172dc03e2dd\"]:hover select, :not(#tve) .tve-theme-__template_id__ .sidebar-section :not(#tve) [data-css=\"tve-u-172dc03e2dd\"]:hover textarea { background-color: rgb(249, 249, 249) !important; }:not(#tve) .tve-theme-__template_id__ .sidebar-section [data-css=\"tve-u-172dc03e2dd\"] input, :not(#tve) .tve-theme-__template_id__ .sidebar-section [data-css=\"tve-u-172dc03e2dd\"] select, :not(#tve) .tve-theme-__template_id__ .sidebar-section [data-css=\"tve-u-172dc03e2dd\"] textarea { background-color: rgb(248, 248, 248) !important; }.tve-theme-__template_id__ .sidebar-section [data-css=\"tve-u-172dc0acc2e\"] { margin-bottom: 60px !important; }.tve-theme-__template_id__ .sidebar-section [data-css=\"tve-u-172dc0b3b1e\"] { margin-bottom: 0px !important; }:not(#tve) .tve-theme-__template_id__ .sidebar-section [data-css=\"tve-u-172dc0b4589\"] { font-weight: var(--g-bold-weight, bold)  !important; padding-bottom: 0px !important; margin-bottom: 0px !important; }.tve-theme-__template_id__ .sidebar-section [data-css=\"tve-u-172dc0bb92c\"] .tve_social_items { font-size: 8px !important; }.tve-theme-__template_id__ .sidebar-section [data-css=\"tve-u-17300ac8dc8\"] { margin-bottom: 10px !important; }.tve-theme-__template_id__ .sidebar-section [data-css=\"tve-u-172dc0bb92c\"] { margin-bottom: 0px !important; }.tve-theme-__template_id__ .content-section [data-css=\"tve-u-17309be5366\"] { padding-left: 27px !important; }:not(#tve) .tve-theme-__template_id__ .content-section [data-css=\"tve-u-17309bf6363\"] { padding-bottom: 7px !important; margin-bottom: 0px !important; }","(max-width: 1023px)":".tve-theme-__template_id__ .main-container { padding: 20px !important; }.tve-theme-__template_id__ .content-section .section-content { min-height: 1px !important; }.tve-theme-__template_id__ .bottom-section .section-content { --tve-font-size:14px; padding: 30px 40px !important; min-height: 1px !important; }.tve-theme-__template_id__ .bottom-section .section-background { background-position: 50% 50%, 0% 50% !important; }.tve-theme-__template_id__ .bottom-section [data-css=\"tve-u-172efd48fcd\"] { margin-left: -30px; flex-wrap: wrap !important; }.tve-theme-__template_id__ .bottom-section [data-css=\"tve-u-172efd48fcd\"] > .tcb-flex-col { padding-left: 30px; flex-basis: 141px !important; }.tve-theme-__template_id__ .bottom-section .section-content p, .tve-theme-__template_id__ .bottom-section .section-content li, .tve-theme-__template_id__ .bottom-section .section-content label, .tve-theme-__template_id__ .bottom-section .section-content .tcb-plain-text { font-size: var(--tve-font-size, 14px); }.tve-theme-__template_id__ .bottom-section [data-css=\"tve-u-172efd16917\"] { font-size: 16px; }.tve-theme-__template_id__ .bottom-section [data-css=\"tve-u-172efcfef9d\"] { margin-bottom: 14px !important; }.tve-theme-__template_id__ .bottom-section [data-css=\"tve-u-172efcf6bbb\"] { margin-bottom: 0px !important; }.tve-theme-__template_id__ .bottom-section [data-css=\"tve-u-172f0040ddd\"] { margin-bottom: 0px !important; }.tve-theme-__template_id__ .bottom-section [data-css=\"tve-u-172effcd41b\"] { margin-bottom: 0px !important; }.tve-theme-__template_id__ .bottom-section [data-css=\"tve-u-172effd3b42\"] { max-width: 28.7%; }.tve-theme-__template_id__ .bottom-section [data-css=\"tve-u-172effd3b71\"] { max-width: 37.6%; }.tve-theme-__template_id__ .bottom-section [data-css=\"tve-u-172effc9615\"] { margin-bottom: 10px !important; }.tve-theme-__template_id__ .bottom-section [data-css=\"tve-u-172effde4b9\"] { margin-bottom: 10px !important; }.tve-theme-__template_id__ .bottom-section [data-css=\"tve-u-172effd3b15\"] { max-width: 33.7%; }:not(#tve) .tve-theme-__template_id__ .bottom-section [data-css=\"tve-u-172effbfcc7\"] { font-size: 12px !important; }:not(#tve) .tve-theme-__template_id__ .bottom-section [data-css=\"tve-u-172f0054e1c\"] { font-size: 12px !important; }:not(#tve) .tve-theme-__template_id__ .bottom-section [data-css=\"tve-u-172f0055d17\"] { font-size: 12px !important; }.tve-theme-__template_id__ .bottom-section [data-css=\"tve-u-172efdd9efd\"] { border-right: none !important; padding-right: 20px !important; padding-left: 20px !important; }.tve-theme-__template_id__ .bottom-section [data-css=\"tve-u-172effd7b3a\"] { flex-wrap: wrap !important; }.tve-theme-__template_id__ .bottom-section [data-css=\"tve-u-172effd7b3a\"] > .tcb-flex-col { flex-basis: 700px !important; }.tve-theme-__template_id__ .bottom-section [data-css=\"tve-u-172f007c6a9\"] { margin-bottom: 0px !important; }.tve-theme-__template_id__ .top-section [data-css=\"tve-u-172c77d3f76\"] { flex-wrap: nowrap !important; padding: 8px 40px !important; }.tve-theme-__template_id__ .top-section [data-css=\"tve-u-172c77d3f77\"] { width: 100%; }.tve-theme-__template_id__ .top-section [data-css=\"tve-u-172c7a0fd5e\"] { max-width: 100%; }.tve-theme-__template_id__ .top-section [data-css=\"tve-u-172c784f28f\"] p, .tve-theme-__template_id__ .top-section [data-css=\"tve-u-172c784f28f\"] li, .tve-theme-__template_id__ .top-section [data-css=\"tve-u-172c784f28f\"] blockquote, .tve-theme-__template_id__ .top-section [data-css=\"tve-u-172c784f28f\"] address, .tve-theme-__template_id__ .top-section [data-css=\"tve-u-172c784f28f\"] .tcb-plain-text, .tve-theme-__template_id__ .top-section [data-css=\"tve-u-172c784f28f\"] label { letter-spacing: var(--tve-letter-spacing, 2px); }.tve-theme-__template_id__ .top-section [data-css=\"tve-u-172c784f28f\"] { --tve-letter-spacing:2px; }.tve-theme-__template_id__ .top-section [data-css=\"tve-u-172c77d3f84\"] { max-width: 105px; }.tve-theme-__template_id__ .top-section [data-css=\"tve-u-172c77d3f85\"] { max-width: 56.8%; }.tve-theme-__template_id__ .top-section [data-css=\"tve-u-172c7a77494\"] { max-width: 33.3333%; }.tve-theme-__template_id__ .top-section [data-css=\"tve-u-172c7a774cb\"] { max-width: 33.5%; }.tve-theme-__template_id__ .top-section [data-css=\"tve-u-172c7a77500\"] { max-width: 33.2%; }.tve-theme-__template_id__ .top-section [data-css=\"tve-u-172c77d3f8d\"] { min-width: 240px; }:not(#tve) .tve-theme-__template_id__ .top-section [data-css=\"tve-u-172c784d60c\"] { letter-spacing: 2px; }:not(#tve) .tve-theme-__template_id__ .top-section [data-css=\"tve-u-172c7a3cc19\"] { letter-spacing: 2px; }.tve-theme-__template_id__ .top-section [data-css=\"tve-u-172c77d3f8f\"] { padding: 14px !important; }.tve-theme-__template_id__ .top-section [data-css=\"tve-u-172c77d3f91\"] { padding: 14px !important; }.tve-theme-__template_id__ .top-section [data-css=\"tve-u-172c77d3f94\"] { padding: 14px !important; }.tve-theme-__template_id__ .top-section [data-css=\"tve-u-172c7a0f768\"] { padding: 8px 40px !important; }.tve-theme-__template_id__ .sidebar-section .section-content { padding: 20px 10px !important; }.tve-theme-__template_id__ .sidebar-section { margin: 0px !important; }.tve-theme-__template_id__ .sidebar-section [data-css=\"tve-u-172dbc67291\"] { width: 320px; float: none; margin-left: auto !important; margin-right: auto !important; }.tve-theme-__template_id__ .sidebar-section [data-css=\"tve-u-172dbf27d6c\"] { margin-left: -2px; }.tve-theme-__template_id__ .sidebar-section [data-css=\"tve-u-17300ac8dc8\"] { float: none; max-width: 320px; margin-left: auto !important; margin-right: auto !important; }.tve-theme-__template_id__ .sidebar-section [data-css=\"tve-u-172dbfe8133\"] { float: none; max-width: 320px; margin-left: auto !important; margin-right: auto !important; }.tve-theme-__template_id__ .sidebar-section [data-css=\"tve-u-172dbaec183\"] { float: none; max-width: 320px; margin-left: auto !important; margin-right: auto !important; }.tve-theme-__template_id__ .sidebar-section [data-css=\"tve-u-172dbafa3d4\"] { float: none; max-width: 320px; margin-left: auto !important; margin-right: auto !important; }.tve-theme-__template_id__ .sidebar-section [data-css=\"tve-u-172dba6cff2\"] { float: none; max-width: 320px; margin-left: auto !important; margin-right: auto !important; }.tve-theme-__template_id__ .sidebar-section [data-css=\"tve-u-172dbff6940\"] { float: none; margin-left: auto !important; margin-right: auto !important; padding-top: 12px !important; border-top: 1px solid rgba(0, 0, 0, 0.08) !important; }.tve-theme-__template_id__ .sidebar-section [data-css=\"tve-u-172dc0b3b1e\"] { float: none; margin-left: auto !important; margin-right: auto !important; }.tve-theme-__template_id__ .sidebar-section [data-css=\"tve-u-172dc0bb92c\"] { float: left; z-index: 3; position: relative; margin-left: auto !important; margin-right: auto !important; }.tve-theme-__template_id__ .sidebar-section [data-css=\"tve-u-172dc0acc2e\"] { float: none; margin-left: auto !important; margin-right: auto !important; }.tve-theme-__template_id__ .sidebar-section [data-css=\"tve-u-17300aec9c9\"]::after { clear: both; }.tve-theme-__template_id__ .content-section [data-css=\"tve-u-17309be5366\"] { padding-left: 17px !important; }","(max-width: 767px)":".tve-theme-__template_id__ .main-container { padding: 10px !important; }.tve-theme-__template_id__ .bottom-section .section-content { padding-left: 20px !important; padding-right: 20px !important; }.tve-theme-__template_id__ .bottom-section [data-css=\"tve-u-172efd48fcd\"] { flex-wrap: wrap !important; }.tve-theme-__template_id__ .bottom-section [data-css=\"tve-u-172efd48fcd\"] > .tcb-flex-col { flex-basis: 390px !important; }.tve-theme-__template_id__ .bottom-section [data-css=\"tve-u-172efdd4e7b\"] { padding-bottom: 0px !important; margin-bottom: 30px !important; }.tve-theme-__template_id__ .bottom-section [data-css=\"tve-u-172efcf6bbb\"] { margin-bottom: 0px !important; }.tve-theme-__template_id__ .bottom-section [data-css=\"tve-u-172efdd9efd\"] { margin-bottom: 30px !important; border-left: none !important; padding-left: 0px !important; padding-right: 0px !important; }.tve-theme-__template_id__ .bottom-section [data-css=\"tve-u-172effcd41b\"] { margin-bottom: 0px !important; }.tve-theme-__template_id__ .bottom-section [data-css=\"tve-u-172f0040ddd\"] { margin-bottom: 0px !important; }.tve-theme-__template_id__ .bottom-section [data-css=\"tve-u-172f007c6a9\"] { margin-bottom: 0px !important; }.tve-theme-__template_id__ .bottom-section [data-css=\"tve-u-172effd7b3a\"] { flex-wrap: nowrap !important; }.tve-theme-__template_id__ .bottom-section [data-css=\"tve-u-172f0f1e44d\"] { margin-bottom: 0px !important; }.tve-theme-__template_id__ .bottom-section [data-css=\"tve-u-172f0ea6432\"] { font-size: 26px; }.tve-theme-__template_id__ .top-section [data-css=\"tve-u-172c77d3f7b\"] { flex-wrap: wrap !important; }.tve-theme-__template_id__ .top-section [data-css=\"tve-u-172c77d3f8c\"] { flex-wrap: wrap !important; }.tve-theme-__template_id__ .top-section [data-css=\"tve-u-172c77d3f87\"] { flex-wrap: wrap !important; }.tve-theme-__template_id__ .top-section [data-css=\"tve-u-172c77d3f86\"]::after { clear: both; }.tve-theme-__template_id__ .top-section [data-css=\"tve-u-172c77d3f84\"] { max-width: 102px; }.tve-theme-__template_id__ .top-section [data-css=\"tve-u-172c77d3f85\"] { max-width: 67.9%; }.tve-theme-__template_id__ .top-section [data-css=\"tve-u-172c77d3f8b\"]::after { clear: both; }.tve-theme-__template_id__ .top-section [data-css=\"tve-u-172c77d3f83\"] { width: 100%; margin-left: 0px !important; margin-right: 0px !important; }.tve-theme-__template_id__ .top-section [data-css=\"tve-u-172c77d3f7e\"] { max-width: 101px; }.tve-theme-__template_id__ .top-section [data-css=\"tve-u-172c77d3f7f\"] { max-width: 68.1%; }.tve-theme-__template_id__ .top-section [data-css=\"tve-u-172c77d3f8d\"] { min-width: 100%; margin-bottom: 0px !important; }.tve-theme-__template_id__ .top-section [data-css=\"tve-u-172c77d3f8e\"] { margin-bottom: 15px !important; }.tve-theme-__template_id__ .top-section [data-css=\"tve-u-172c77d3f76\"] { flex-wrap: nowrap !important; padding: 8px 20px !important; }.tve-theme-__template_id__ .top-section [data-css=\"tve-u-172c77d3f88\"] { max-width: 101px; }.tve-theme-__template_id__ .top-section [data-css=\"tve-u-172c77d3f8a\"] { max-width: 67.9%; }.tve-theme-__template_id__ .top-section [data-css=\"tve-u-172c77d3f8f\"] { float: none; z-index: 3; position: relative; font-size: 16px; width: 16px; height: 16px; padding: 12px !important; margin-left: auto !important; margin-right: auto !important; margin-bottom: 8px !important; }.tve-theme-__template_id__ .top-section [data-css=\"tve-u-172c77d3f90\"]::after { clear: both; }.tve-theme-__template_id__ .top-section [data-css=\"tve-u-172c77d3f91\"] { float: none; z-index: 3; position: relative; font-size: 14px; width: 14px; height: 14px; padding: 12px !important; margin-left: auto !important; margin-right: auto !important; margin-bottom: 8px !important; }.tve-theme-__template_id__ .top-section [data-css=\"tve-u-172c77d3f94\"] { float: none; z-index: 3; position: relative; font-size: 14px; width: 14px; height: 14px; padding: 12px !important; margin-left: auto !important; margin-right: auto !important; margin-bottom: 8px !important; }.tve-theme-__template_id__ .top-section [data-css=\"tve-u-172c7a0fd5e\"] { --tve-letter-spacing:1px; text-align: center; }.tve-theme-__template_id__ .top-section [data-css=\"tve-u-172c7a0fd5e\"] p, .tve-theme-__template_id__ .top-section [data-css=\"tve-u-172c7a0fd5e\"] li, .tve-theme-__template_id__ .top-section [data-css=\"tve-u-172c7a0fd5e\"] blockquote, .tve-theme-__template_id__ .top-section [data-css=\"tve-u-172c7a0fd5e\"] address, .tve-theme-__template_id__ .top-section [data-css=\"tve-u-172c7a0fd5e\"] .tcb-plain-text, .tve-theme-__template_id__ .top-section [data-css=\"tve-u-172c7a0fd5e\"] label { letter-spacing: var(--tve-letter-spacing, 1px); }.tve-theme-__template_id__ .top-section [data-css=\"tve-u-172c7a0f768\"] { flex-wrap: wrap !important; padding: 8px 20px !important; }.tve-theme-__template_id__ .top-section [data-css=\"tve-u-172c7a0f768\"] > .tcb-flex-col { flex-basis: 390px !important; }:not(#tve) .tve-theme-__template_id__ .top-section [data-css=\"tve-u-172c784d60c\"] { letter-spacing: 1px; }:not(#tve) .tve-theme-__template_id__ .top-section [data-css=\"tve-u-172c7a3cc19\"] { letter-spacing: 1px; }.tve-theme-__template_id__ .top-section [data-css=\"tve-u-172c77d3f7b\"] > .tcb-flex-col { flex-basis: 390px !important; }.tve-theme-__template_id__ .top-section [data-css=\"tve-u-172c77d3f8c\"] > .tcb-flex-col { flex-basis: 390px !important; }.tve-theme-__template_id__ .top-section [data-css=\"tve-u-172c77d3f87\"] > .tcb-flex-col { flex-basis: 390px !important; }.tve-theme-__template_id__ .top-section [data-css=\"tve-u-172c7aa3ee4\"] { text-align: center; }.tve-theme-__template_id__ .top-section [data-css=\"tve-u-172c7aa5270\"] { text-align: center; }.tve-theme-__template_id__ .top-section [data-css=\"tve-u-172c7aa5edf\"] { text-align: center; }:not(#tve) .tve-theme-__template_id__ .top-section [data-css=\"tve-u-172c77fc740\"] { letter-spacing: 1px; font-size: 9px !important; }:not(#tve) .tve-theme-__template_id__ .top-section [data-css=\"tve-u-172c78228f4\"] { letter-spacing: 1px; font-size: 9px !important; }:not(#tve) .tve-theme-__template_id__ .top-section [data-css=\"tve-u-172c79b367e\"] { font-size: 9px !important; }:not(#tve) .tve-theme-__template_id__ .top-section [data-css=\"tve-u-172c7ab049a\"] { font-size: 9px !important; }:not(#tve) .tve-theme-__template_id__ .top-section [data-css=\"tve-u-172c77d3f78\"] { letter-spacing: 1px; font-size: 9px !important; }:not(#tve) .tve-theme-__template_id__ .top-section [data-css=\"tve-u-172c79b62ea\"] { font-size: 9px !important; }.tve-theme-__template_id__ .top-section [data-css=\"tve-u-172c7a6d171\"] { text-align: center; }.tve-theme-__template_id__ .top-section [data-css=\"tve-u-172c79788aa\"] { margin-bottom: 4px !important; }.tve-theme-__template_id__ .sidebar-section .section-content { padding: 20px 10px 10px !important; }.tve-theme-__template_id__ .sidebar-section { margin-left: 0px !important; margin-right: 0px !important; margin-bottom: 0px !important; }.tve-theme-__template_id__ .sidebar-section [data-css=\"tve-u-172dba3aeee\"] { float: left; z-index: 3; position: relative; font-size: 18px; width: 18px; height: 18px; padding: 18px !important; }.tve-theme-__template_id__ .sidebar-section [data-css=\"tve-u-172dbc577c3\"] { float: left; z-index: 3; position: relative; font-size: 18px; width: 18px; height: 18px; padding: 18px !important; }.tve-theme-__template_id__ .sidebar-section [data-css=\"tve-u-172dbc58322\"] { float: left; z-index: 3; position: relative; font-size: 18px; width: 18px; height: 18px; padding: 18px !important; }.tve-theme-__template_id__ .sidebar-section [data-css=\"tve-u-172dbc577c7\"]::after { clear: both; }.tve-theme-__template_id__ .sidebar-section [data-css=\"tve-u-172dbc58325\"]::after { clear: both; }.tve-theme-__template_id__ .sidebar-section [data-css=\"tve-u-172dba3aef2\"]::after { clear: both; }"},"fonts":[],"dynamic":[]},"format":"standard","tag":"5ecbaae6ef6df","no_search_results":"","primary_template":"singular","secondary_template":"cart","variable_template":""},"post_status":"publish"}]