{"c5d215777c229704a7862de577d40a73":{"ID":"5212","post_title":"WooCommerce Guarantees 03","post_type":"thrive_section","post_status":"publish","meta_input":{"skin_tag":"q1qj01","content":"<div class=\"thrv_wrapper thrv-columns\" data-css=\"tve-u-172f0121a57\" style=\"\"><div class=\"tcb-flex-row v-2 m-edit tcb-mobile-wrap tcb-medium-wrap tcb-resized tcb--cols--4\" data-css=\"tve-u-172f0121a55\" style=\"\"><div class=\"tcb-flex-col\" data-css=\"tve-u-172f0121a5e\" style=\"\"><div class=\"tcb-col\"><div class=\"thrv_wrapper thrv_contentbox_shortcode thrv-content-box tve-elem-default-pad\" data-css=\"tve-u-172f04d4a7b\" style=\"\">\n\t<div class=\"tve-content-box-background\"><\/div>\n\t<div class=\"tve-cb\"><div class=\"thrv_wrapper thrv-columns\" data-css=\"tve-u-172f044b119\" style=\"\"><div class=\"tcb-flex-row v-2 tcb--cols--2 tcb-resized m-edit tcb-mobile-wrap\" data-css=\"tve-u-172f04f7b91\" style=\"\"><div class=\"tcb-flex-col c-33\" data-css=\"tve-u-172f0448dd6\" style=\"\"><div class=\"tcb-col\" style=\"\"><div class=\"tcb-clear\" data-css=\"tve-u-172f050034d\"><div class=\"thrv_wrapper thrv_icon tcb-icon-display\" data-css=\"tve-u-172f04a8abc\" style=\"\"><svg class=\"tcb-icon\" viewBox=\"0 0 640 512\" data-id=\"icon-shipping-fast-solid\" data-name=\"\">\n            <path d=\"M624 352h-16V243.9c0-12.7-5.1-24.9-14.1-33.9L494 110.1c-9-9-21.2-14.1-33.9-14.1H416V48c0-26.5-21.5-48-48-48H112C85.5 0 64 21.5 64 48v48H8c-4.4 0-8 3.6-8 8v16c0 4.4 3.6 8 8 8h272c4.4 0 8 3.6 8 8v16c0 4.4-3.6 8-8 8H40c-4.4 0-8 3.6-8 8v16c0 4.4 3.6 8 8 8h208c4.4 0 8 3.6 8 8v16c0 4.4-3.6 8-8 8H8c-4.4 0-8 3.6-8 8v16c0 4.4 3.6 8 8 8h208c4.4 0 8 3.6 8 8v16c0 4.4-3.6 8-8 8H64v128c0 53 43 96 96 96s96-43 96-96h128c0 53 43 96 96 96s96-43 96-96h48c8.8 0 16-7.2 16-16v-32c0-8.8-7.2-16-16-16zM160 464c-26.5 0-48-21.5-48-48s21.5-48 48-48 48 21.5 48 48-21.5 48-48 48zm320 0c-26.5 0-48-21.5-48-48s21.5-48 48-48 48 21.5 48 48-21.5 48-48 48zm80-208H416V144h44.1l99.9 99.9V256z\"><\/path>\n        <\/svg><\/div><\/div><\/div><\/div><div class=\"tcb-flex-col c-66\" data-css=\"tve-u-172f0448e00\" style=\"\"><div class=\"tcb-col\" style=\"\"><div class=\"thrv_wrapper thrv_text_element\" data-css=\"tve-u-172f03e133e\" style=\"\"><p class=\"tcb-global-text-\" data-css=\"tve-u-172f04c2dbf\" style=\"\">Free Next Day Delivery<\/p><\/div><div class=\"thrv_wrapper thrv_text_element\" data-css=\"tve-u-172f03e133e\"><p class=\"tcb-global-text-\" data-css=\"tve-u-172f03e596c\" style=\"\">7 days\/week<\/p><\/div><\/div><\/div><\/div><\/div><\/div>\n<\/div><\/div><\/div><div class=\"tcb-flex-col\" data-css=\"tve-u-172f0121a62\" style=\"\"><div class=\"tcb-col\"><div class=\"thrv_wrapper thrv_contentbox_shortcode thrv-content-box tve-elem-default-pad\" data-css=\"tve-u-172f04d4a7b\" style=\"\">\n\t<div class=\"tve-content-box-background\"><\/div>\n\t<div class=\"tve-cb\"><div class=\"thrv_wrapper thrv-columns\" data-css=\"tve-u-172f044b119\" style=\"\"><div class=\"tcb-flex-row v-2 tcb--cols--2 tcb-resized m-edit tcb-mobile-wrap\" data-css=\"tve-u-172f04f7b91\" style=\"\"><div class=\"tcb-flex-col c-33\" data-css=\"tve-u-172f0448dd6\" style=\"\"><div class=\"tcb-col\" style=\"\"><div class=\"tcb-clear\" data-css=\"tve-u-172f050034d\"><div class=\"thrv_wrapper thrv_icon tcb-icon-display\" data-css=\"tve-u-172f04a8abc\" style=\"\"><svg class=\"tcb-icon\" viewBox=\"0 0 512 512\" data-id=\"icon-medal-solid\" data-name=\"\">\n            <path d=\"M223.75 130.75L154.62 15.54A31.997 31.997 0 0 0 127.18 0H16.03C3.08 0-4.5 14.57 2.92 25.18l111.27 158.96c29.72-27.77 67.52-46.83 109.56-53.39zM495.97 0H384.82c-11.24 0-21.66 5.9-27.44 15.54l-69.13 115.21c42.04 6.56 79.84 25.62 109.56 53.38L509.08 25.18C516.5 14.57 508.92 0 495.97 0zM256 160c-97.2 0-176 78.8-176 176s78.8 176 176 176 176-78.8 176-176-78.8-176-176-176zm92.52 157.26l-37.93 36.96 8.97 52.22c1.6 9.36-8.26 16.51-16.65 12.09L256 393.88l-46.9 24.65c-8.4 4.45-18.25-2.74-16.65-12.09l8.97-52.22-37.93-36.96c-6.82-6.64-3.05-18.23 6.35-19.59l52.43-7.64 23.43-47.52c2.11-4.28 6.19-6.39 10.28-6.39 4.11 0 8.22 2.14 10.33 6.39l23.43 47.52 52.43 7.64c9.4 1.36 13.17 12.95 6.35 19.59z\"><\/path>\n        <\/svg><\/div><\/div><\/div><\/div><div class=\"tcb-flex-col c-66\" data-css=\"tve-u-172f0448e00\" style=\"\"><div class=\"tcb-col\" style=\"\"><div class=\"thrv_wrapper thrv_text_element\" data-css=\"tve-u-172f03e133e\" style=\"\"><p class=\"tcb-global-text-\" data-css=\"tve-u-172f04c2dbf\" style=\"\">14 years of experience<\/p><\/div><div class=\"thrv_wrapper thrv_text_element\" data-css=\"tve-u-172f03e133e\"><p class=\"tcb-global-text-\" data-css=\"tve-u-172f03e596c\" style=\"\">over 400000 customers<\/p><\/div><\/div><\/div><\/div><\/div><\/div>\n<\/div><\/div><\/div><div class=\"tcb-flex-col\" data-css=\"tve-u-172f02823f6\" style=\"\"><div class=\"tcb-col\"><div class=\"thrv_wrapper thrv_contentbox_shortcode thrv-content-box tve-elem-default-pad\" data-css=\"tve-u-172f04d338e\" style=\"\">\n\t<div class=\"tve-content-box-background\"><\/div>\n\t<div class=\"tve-cb\"><div class=\"thrv_wrapper thrv-columns\" data-css=\"tve-u-172f044b119\" style=\"\"><div class=\"tcb-flex-row v-2 tcb--cols--2 tcb-resized\" data-css=\"tve-u-172f04e38b8\" style=\"\"><div class=\"tcb-flex-col c-33\" data-css=\"tve-u-172f0448dd6\" style=\"\"><div class=\"tcb-col\" style=\"\"><div class=\"tcb-clear\" data-css=\"tve-u-172f0502711\"><div class=\"thrv_wrapper thrv_icon tcb-icon-display\" data-css=\"tve-u-172f04bd161\" style=\"\"><svg class=\"tcb-icon\" viewBox=\"0 0 512 512\" data-id=\"icon-shield-check-solid\" data-name=\"\">\n            <path d=\"M466.5 83.7l-192-80a48.15 48.15 0 0 0-36.9 0l-192 80C27.7 91.1 16 108.6 16 128c0 198.5 114.5 335.7 221.5 380.3 11.8 4.9 25.1 4.9 36.9 0C360.1 472.6 496 349.3 496 128c0-19.4-11.7-36.9-29.5-44.3zm-47.2 114.2l-184 184c-6.2 6.2-16.4 6.2-22.6 0l-104-104c-6.2-6.2-6.2-16.4 0-22.6l22.6-22.6c6.2-6.2 16.4-6.2 22.6 0l70.1 70.1 150.1-150.1c6.2-6.2 16.4-6.2 22.6 0l22.6 22.6c6.3 6.3 6.3 16.4 0 22.6z\"><\/path>\n        <\/svg><\/div><\/div><\/div><\/div><div class=\"tcb-flex-col c-66\" data-css=\"tve-u-172f0448e00\" style=\"\"><div class=\"tcb-col\" style=\"\"><div class=\"thrv_wrapper thrv_text_element\" data-css=\"tve-u-172f03e133e\" style=\"\"><p class=\"tcb-global-text-\" data-css=\"tve-u-172f04c38b5\" style=\"\">100% secure checkout<\/p><\/div><div class=\"thrv_wrapper thrv_text_element\" data-css=\"tve-u-172f03e133e\"><p class=\"tcb-global-text-\" data-css=\"tve-u-172f03e596c\" style=\"\">over 400000 customers<\/p><\/div><\/div><\/div><\/div><\/div><\/div>\n<\/div><\/div><\/div><div class=\"tcb-flex-col\" style=\"\" data-css=\"tve-u-172f051dfbb\"><div class=\"tcb-col\"><div class=\"thrv_wrapper thrv_contentbox_shortcode thrv-content-box tve-elem-default-pad\" data-css=\"tve-u-172f04c6682\" style=\"\">\n\t<div class=\"tve-content-box-background\"><\/div>\n\t<div class=\"tve-cb\"><div class=\"thrv_wrapper thrv-columns\" data-css=\"tve-u-172f044b119\" style=\"\"><div class=\"tcb-flex-row v-2 tcb--cols--2 tcb-resized\" data-css=\"tve-u-172f044ae30\" style=\"\"><div class=\"tcb-flex-col c-33\" data-css=\"tve-u-172f0448dd6\" style=\"\"><div class=\"tcb-col\" style=\"\"><div class=\"tcb-clear\" data-css=\"tve-u-172f050323b\"><div class=\"thrv_wrapper thrv_icon tcb-icon-display\" data-css=\"tve-u-172f0349550\" style=\"\"><svg class=\"tcb-icon\" viewBox=\"0 0 384 512\" data-id=\"icon-person-carry-solid\" data-name=\"\">\n            <path d=\"M0 479.9c0 17.7 14.3 32 32 32s32-14.3 32-32v-74.5C48 391.7.6 350.8 0 350.3v129.6zM368 96H208c-8.8 0-16 7.2-16 16v112h-25.4l-33.3-61.8c-11.1-21.1-32.8-34.2-56.6-34.2H48c-26.5 0-48 21.5-48 48v103c0 18.7 8.2 36.4 22.4 48.6l76 65.1 14.1 92.5c1 5.7 10.1 30.7 36.8 26.3 17.4-2.9 29.2-19.4 26.3-36.8l-14.1-92.5c-2.5-14.8-10.1-28.3-21.5-38.1l-44-37.7v-78.3l32 59.9h240c8.8 0 16-7.2 16-16V112c0-8.9-7.2-16-16-16zM80 96c26.5 0 48-21.5 48-48S106.5 0 80 0 32 21.5 32 48s21.5 48 48 48z\"><\/path>\n        <\/svg><\/div><\/div><\/div><\/div><div class=\"tcb-flex-col c-66\" data-css=\"tve-u-172f0448e00\" style=\"\"><div class=\"tcb-col\" style=\"\"><div class=\"thrv_wrapper thrv_text_element\" data-css=\"tve-u-172f03e133e\" style=\"\"><p class=\"tcb-global-text-\" data-css=\"tve-u-172f03d7ad8\" style=\"\">Genuine local stock<\/p><\/div><div class=\"thrv_wrapper thrv_text_element\" data-css=\"tve-u-172f03e133e\"><p class=\"tcb-global-text-\" data-css=\"tve-u-172f03e596c\" style=\"\">verified sources<\/p><\/div><\/div><\/div><\/div><\/div><\/div>\n<\/div><\/div><\/div><\/div><\/div>","type":"bottom","singular":"0","template_type":"","style":{"css":{"(min-width: 300px)":"{{css_export_placeholder}} .section-background { background-color: var(--tcb-skin-color-2)  !important; background-image: none !important; }{{css_export_placeholder}} .section-content { justify-content: center; display: flex; flex-direction: column; min-height: 130px !important; padding: 20px !important; }{{css_export_placeholder}} [data-css=\"tve-u-172f0121a55\"] { margin-left: -20px; padding: 0px !important; }{{css_export_placeholder}} [data-css=\"tve-u-172f0121a57\"] { margin-top: 0px !important; margin-bottom: 0px !important; background-color: transparent !important; }{{css_export_placeholder}} [data-css=\"tve-u-172f0121a5e\"] { max-width: 25.1%; }{{css_export_placeholder}} [data-css=\"tve-u-172f0121a62\"] { max-width: 24.9%; }{{css_export_placeholder}} [data-css=\"tve-u-172f02823f6\"] { max-width: 25%; }{{css_export_placeholder}} [data-css=\"tve-u-172f0349550\"] { font-size: 34px; width: 34px; height: 34px; border-radius: 0px; overflow: hidden; border: none; padding: 1px !important; margin-top: 0px !important; margin-bottom: 0px !important; background-color: transparent !important; }:not(#tve) {{css_export_placeholder}} [data-css=\"tve-u-172f0349550\"] > :first-child { color: var(--tcb-skin-color-0); }:not(#tve) {{css_export_placeholder}} [data-css=\"tve-u-172f03d7ad8\"] { letter-spacing: 0px; padding-bottom: 0px !important; margin-bottom: 0px !important; text-transform: capitalize !important; font-size: 16px !important; color: var(--tcb-skin-color-4)  !important; --tcb-applied-color:var$(--tcb-skin-color-4)  !important; font-weight: var(--g-bold-weight, bold)  !important; line-height: 1.6em !important; }{{css_export_placeholder}} [data-css=\"tve-u-172f03e133e\"] { position: relative !important; padding: 0px !important; }:not(#tve) {{css_export_placeholder}} [data-css=\"tve-u-172f03e596c\"] { letter-spacing: 1px; padding-bottom: 0px !important; margin-bottom: 0px !important; text-transform: uppercase !important; font-size: 9px !important; color: rgba(0, 0, 0, 0.5) !important; --tcb-applied-color:rgba(0, 0, 0, 0.5)  !important; font-weight: var(--g-bold-weight, bold)  !important; line-height: 1.6em !important; }{{css_export_placeholder}} [data-css=\"tve-u-172f0121a55\"] > .tcb-flex-col { padding-left: 20px; }{{css_export_placeholder}} [data-css=\"tve-u-172f0448dd6\"] { max-width: 18.5%; }{{css_export_placeholder}} [data-css=\"tve-u-172f0448e00\"] { max-width: 81.5%; }{{css_export_placeholder}} [data-css=\"tve-u-172f044ae30\"] { padding: 0px !important; }{{css_export_placeholder}} [data-css=\"tve-u-172f044b119\"] { margin: 0px !important; }{{css_export_placeholder}} [data-css=\"tve-u-172f044ae30\"] > .tcb-flex-col > .tcb-col { justify-content: center; }{{css_export_placeholder}} [data-css=\"tve-u-172f04a8abc\"] { font-size: 34px; width: 34px; height: 34px; border-radius: 0px; overflow: hidden; border: none; padding: 1px !important; margin-top: 0px !important; margin-bottom: 0px !important; background-color: transparent !important; }:not(#tve) {{css_export_placeholder}} [data-css=\"tve-u-172f04a8abc\"] > :first-child { color: var(--tcb-skin-color-0); }{{css_export_placeholder}} [data-css=\"tve-u-172f04bd161\"] { font-size: 34px; width: 34px; height: 34px; border-radius: 0px; overflow: hidden; border: none; padding: 1px !important; margin-top: 0px !important; margin-bottom: 0px !important; background-color: transparent !important; }:not(#tve) {{css_export_placeholder}} [data-css=\"tve-u-172f04bd161\"] > :first-child { color: var(--tcb-skin-color-0); }:not(#tve) {{css_export_placeholder}} [data-css=\"tve-u-172f04c2dbf\"] { letter-spacing: 0px; padding-bottom: 0px !important; margin-bottom: 0px !important; text-transform: capitalize !important; font-size: 16px !important; color: var(--tcb-skin-color-4)  !important; --tcb-applied-color:var$(--tcb-skin-color-4)  !important; font-weight: var(--g-bold-weight, bold)  !important; line-height: 1.6em !important; }:not(#tve) {{css_export_placeholder}} [data-css=\"tve-u-172f04c38b5\"] { letter-spacing: 0px; padding-bottom: 0px !important; margin-bottom: 0px !important; text-transform: capitalize !important; font-size: 16px !important; color: var(--tcb-skin-color-4)  !important; --tcb-applied-color:var$(--tcb-skin-color-4)  !important; font-weight: var(--g-bold-weight, bold)  !important; line-height: 1.6em !important; }{{css_export_placeholder}} [data-css=\"tve-u-172f04c6682\"] { padding: 1px !important; margin-top: 0px !important; margin-bottom: 0px !important; }{{css_export_placeholder}} [data-css=\"tve-u-172f04d338e\"] { padding: 1px !important; margin-top: 0px !important; margin-bottom: 0px !important; }{{css_export_placeholder}} [data-css=\"tve-u-172f04d4a7b\"] { padding: 1px !important; margin-top: 0px !important; margin-bottom: 0px !important; }{{css_export_placeholder}} [data-css=\"tve-u-172f04e38b8\"] { padding: 0px !important; }{{css_export_placeholder}} [data-css=\"tve-u-172f04e38b8\"] > .tcb-flex-col > .tcb-col { justify-content: center; }{{css_export_placeholder}} [data-css=\"tve-u-172f04f7b91\"] { padding: 0px !important; }{{css_export_placeholder}} [data-css=\"tve-u-172f04f7b91\"] > .tcb-flex-col > .tcb-col { justify-content: center; }{{css_export_placeholder}} [data-css=\"tve-u-172f051dfbb\"] { max-width: 25%; }","(max-width: 1023px)":"{{css_export_placeholder}} [data-css=\"tve-u-172f0121a55\"] { flex-wrap: wrap !important; }{{css_export_placeholder}} [data-css=\"tve-u-172f0121a57\"] { width: 100%; }{{css_export_placeholder}} [data-css=\"tve-u-172f0121a55\"] > .tcb-flex-col { flex-basis: 250px !important; }{{css_export_placeholder}} .section-content { padding-left: 40px !important; padding-right: 40px !important; }{{css_export_placeholder}} [data-css=\"tve-u-172f0349550\"] { margin-right: 10px !important; }:not(#tve) {{css_export_placeholder}} [data-css=\"tve-u-172f03d7ad8\"] { font-size: 12px !important; }:not(#tve) {{css_export_placeholder}} [data-css=\"tve-u-172f03e596c\"] { font-size: 9px !important; }{{css_export_placeholder}} [data-css=\"tve-u-172f04a8abc\"] { margin-right: 10px !important; }{{css_export_placeholder}} [data-css=\"tve-u-172f04bd161\"] { margin-right: 10px !important; }:not(#tve) {{css_export_placeholder}} [data-css=\"tve-u-172f04c2dbf\"] { font-size: 12px !important; }:not(#tve) {{css_export_placeholder}} [data-css=\"tve-u-172f04c38b5\"] { font-size: 12px !important; }{{css_export_placeholder}} [data-css=\"tve-u-172f04d4a7b\"] { margin-bottom: 14px !important; }{{css_export_placeholder}} [data-css=\"tve-u-172f04e38b8\"] > .tcb-flex-col { padding-left: 15px; }{{css_export_placeholder}} [data-css=\"tve-u-172f04e38b8\"] { margin-left: -15px; }","(max-width: 767px)":"{{css_export_placeholder}} [data-css=\"tve-u-172f0121a55\"] { margin-left: -15px; flex-wrap: wrap !important; padding-top: 0px !important; padding-bottom: 0px !important; }{{css_export_placeholder}} [data-css=\"tve-u-172f0121a55\"] > .tcb-flex-col { padding-left: 15px; flex-basis: 121px !important; }{{css_export_placeholder}} [data-css=\"tve-u-172f0121a57\"] { text-align: left; }{{css_export_placeholder}} .section-content { padding-left: 20px !important; padding-right: 20px !important; }{{css_export_placeholder}} [data-css=\"tve-u-172f0349550\"] { z-index: 3; position: relative; font-size: 24px; width: 24px; height: 24px; float: left; padding: 2px !important; margin-left: auto !important; margin-right: 0px !important; margin-bottom: 0px !important; }:not(#tve) {{css_export_placeholder}} [data-css=\"tve-u-172f03d7ad8\"] { letter-spacing: 1px; font-size: 11px !important; }:not(#tve) {{css_export_placeholder}} [data-css=\"tve-u-172f03e596c\"] { letter-spacing: 1px; font-size: 9px !important; }{{css_export_placeholder}} [data-css=\"tve-u-172f04a8abc\"] { z-index: 3; position: relative; font-size: 24px; width: 24px; height: 24px; float: left; padding: 2px !important; margin-left: auto !important; margin-right: 0px !important; margin-bottom: 0px !important; }{{css_export_placeholder}} [data-css=\"tve-u-172f04bd161\"] { z-index: 3; position: relative; font-size: 24px; width: 24px; height: 24px; float: left; padding: 2px !important; margin-left: auto !important; margin-right: 0px !important; margin-bottom: 0px !important; }:not(#tve) {{css_export_placeholder}} [data-css=\"tve-u-172f04c2dbf\"] { letter-spacing: 1px; font-size: 11px !important; }:not(#tve) {{css_export_placeholder}} [data-css=\"tve-u-172f04c38b5\"] { letter-spacing: 1px; font-size: 11px !important; }{{css_export_placeholder}} [data-css=\"tve-u-172f04c6682\"] { min-width: 100%; margin-bottom: 12px !important; }{{css_export_placeholder}} [data-css=\"tve-u-172f04d338e\"] { min-width: 100%; margin-bottom: 12px !important; }{{css_export_placeholder}} [data-css=\"tve-u-172f04d4a7b\"] { min-width: 100%; margin-bottom: 12px !important; }{{css_export_placeholder}} [data-css=\"tve-u-172f04f7b91\"] { flex-wrap: wrap !important; }{{css_export_placeholder}} [data-css=\"tve-u-172f04f7b91\"] > .tcb-flex-col { flex-basis: 390px !important; }{{css_export_placeholder}} [data-css=\"tve-u-172f050034d\"]::after { clear: both; }{{css_export_placeholder}} [data-css=\"tve-u-172f0502711\"]::after { clear: both; }{{css_export_placeholder}} [data-css=\"tve-u-172f050323b\"]::after { clear: both; }"},"fonts":[],"dynamic":[]},"icons":[],"decoration":[],"comments":[],"tve_globals":{"js_sdk":[],"fb_comment_admins":""},"attr":{"class":""}}}}