{"6917ff2a7b53421ff4066020e2d89eec":{"ID":"3071","post_title":"Page Banner - Brand Color","post_type":"thrive_section","post_status":"publish","meta_input":{"skin_tag":"q1qj01","content":"<div class=\"thrv_wrapper thrv_text_element\" style=\"\" data-css=\"tve-u-1705cdb4152\"><h1 class=\"\" style=\"\" data-css=\"tve-u-17178510bfc\">\u200b\u200b\u200b\u200b<span class=\"thrive-shortcode-content\" data-attr-link=\"0\" data-attr-rel=\"0\" data-attr-target=\"0\" data-css=\"tve-u-1707753ab8f\" data-extra_key=\"\" data-option-inline=\"1\" data-shortcode=\"tcb_post_title\" data-shortcode-name=\"Post title\">[tcb_post_title link='0' rel='0' target='0' inline='1']<\/span><\/h1><\/div>","type":"top","singular":"1","template_type":"singular","style":{"css":{"(min-width: 300px)":"{{css_export_placeholder}} .section-background { border-top: 1px solid var(--tcb-skin-color-14); border-right: none; border-bottom: 1px solid var(--tcb-skin-color-14); border-left: none; border-image: initial; background-color: var(--tcb-skin-color-0)  !important; background-image: none !important; }{{css_export_placeholder}} .section-content { display: flex; flex-direction: column; text-align: center; --tve-color:rgb(255, 255, 255); justify-content: center; padding: 40px 20px !important; min-height: 224px !important; }{{css_export_placeholder}} [data-css=\"tve-u-1705cdb4152\"] { padding-bottom: 1px !important; }:not(#tve) {{css_export_placeholder}} [data-css=\"tve-u-1707753ab8f\"] { color: rgb(255, 255, 255) !important; --tcb-applied-color:rgb(255, 255, 255)  !important; }:not(#tve) {{css_export_placeholder}} [data-css=\"tve-u-17178510bfc\"] { padding-bottom: 0px !important; margin-bottom: 0px !important; }","(max-width: 1023px)":"{{css_export_placeholder}} .section-content { padding: 40px !important; }","(max-width: 767px)":"{{css_export_placeholder}} .section-content { padding: 25px 20px !important; }"},"fonts":[],"dynamic":[]},"icons":[],"decoration":[],"comments":[],"tve_globals":{"js_sdk":[],"fb_comment_admins":""},"attr":{"class":""}}}}