{"b534ba68236ba543ae44b22bd110a1d6":{"ID":"496","post_title":"List Banner - Breadcrumbs 01","post_type":"thrive_section","post_status":"publish","meta_input":{"skin_tag":"q1qj01","content":"[thrive_breadcrumbs separator-type='character' css='tve-u-16efe7da179' separator='|' show-categories='hide' icon-name='icon-arrow-alt-right-light' enable-truncate-chars='1' leaf-chars='80']","type":"top","singular":"1","template_type":"","style":{"css":{"(min-width: 300px)":"{{css_export_placeholder}} .section-background { background-color: transparent !important; background-image: linear-gradient(rgba(0, 0, 0, 0.75), rgba(0, 0, 0, 0.75)), url(\"{{img=f914748da47d336543d339bf024524e6}}\") !important; background-size: auto, cover !important; background-position: 50% 50%, 50% 50% !important; background-attachment: scroll, scroll !important; background-repeat: no-repeat, no-repeat !important; }{{css_export_placeholder}} .section-content p, {{css_export_placeholder}} .section-content li, {{css_export_placeholder}} .section-content label, {{css_export_placeholder}} .section-content .tcb-plain-text { color: rgb(255, 255, 255); --tcb-applied-color:rgb(255, 255, 255); }{{css_export_placeholder}} [data-css=\"tve-u-16efe7da179\"] .thrive-breadcrumb-path a { --tcb-applied-color:rgba(255, 255, 255, 0.8); font-family: var(--tve-font-family, Muli); font-size: var(--tve-font-size, 14px) !important; letter-spacing: 1px !important; color: rgba(255, 255, 255, 0.8) !important; font-weight: var(--tve-font-weight, var(--g-regular-weight, normal) )  !important; }:not(#tve) {{css_export_placeholder}} [data-css=\"tve-u-16efe7da179\"] .thrive-breadcrumb-path:hover a { color: var(--tve-color, rgb(255, 255, 255)) !important; --tcb-applied-color:rgb(255, 255, 255) !important; text-decoration: var(--tve-text-decoration, none ) !important; }{{css_export_placeholder}} .section-content { justify-content: flex-end; display: flex; flex-direction: column; padding: 15px 20px !important; min-height: 145px !important; }{{css_export_placeholder}} .thrive-breadcrumbs { margin: 0px !important; padding-top: 0px !important; padding-bottom: 0px !important; }{{css_export_placeholder}} [data-css=\"tve-u-16efe7da179\"] .thrive-breadcrumb-path { --tve-font-weight:var(--g-regular-weight, normal) ; --tve-font-family:Muli; --g-regular-weight:400; --g-bold-weight:600; --tve-font-size:14px; }:not(#tve) {{css_export_placeholder}} [data-css=\"tve-u-16efe7da179\"] .thrive-breadcrumb-separator { font-size: 12px !important; width: 12px !important; height: 12px !important; }{{css_export_placeholder}} [data-css=\"tve-u-16efe7da179\"] .thrive-breadcrumb-leaf span { font-size: var(--tve-font-size, 14px) !important; }{{css_export_placeholder}} [data-css=\"tve-u-16efe7da179\"] .thrive-breadcrumb-leaf { --tve-font-size:14px; }:not(#tve) {{css_export_placeholder}} [data-css=\"tve-u-16efe7da179\"] .thrive-breadcrumb-path:hover { --tve-text-decoration:none  !important; --tve-color:rgb(255, 255, 255) !important; }","(max-width: 1023px)":"{{css_export_placeholder}} .section-content { padding-left: 40px !important; padding-right: 40px !important; }","(max-width: 767px)":"{{css_export_placeholder}} .section-content { --tve-font-size:10px; padding-left: 20px !important; padding-right: 20px !important; }{{css_export_placeholder}} .section-content p, {{css_export_placeholder}} .section-content li, {{css_export_placeholder}} .section-content label, {{css_export_placeholder}} .section-content .tcb-plain-text { font-size: var(--tve-font-size, 10px); }:not(#tve) {{css_export_placeholder}} [data-css=\"tve-u-16efe7da179\"] .thrive-breadcrumb-separator { font-size: 10px !important; width: 10px !important; height: 10px !important; }{{css_export_placeholder}} [data-css=\"tve-u-16efe7da179\"] .thrive-breadcrumb-path a { font-size: var(--tve-font-size, 14px) !important; }{{css_export_placeholder}} [data-css=\"tve-u-16efe7da179\"] .thrive-breadcrumb-path { --tve-font-size:14px; }"},"fonts":["@import url(\"https:\/\/fonts.googleapis.com\/css?family=Muli:400,600,500,800,300,700,200,900,400i,500i,800i&subset=latin&display=swap\");","@import url(\"https:\/\/fonts.googleapis.com\/css?family=Muli:400,500,600,700,300,900,800,200,400i,500i,800i,700i,600i,300i,900i&subset=latin&display=swap\");"],"dynamic":[]},"icons":[],"decoration":[],"comments":[],"tve_globals":"","attr":{"class":""}}}}