{"18997733ec258a9fcaf239cc55d53363":{"ID":"427","post_title":"Blog Post - Post Title 01","post_type":"thrive_section","post_status":"publish","meta_input":{"skin_tag":"q1qj01","content":"<div class=\"thrv_wrapper thrv_text_element\"><h1 class=\"\" data-css=\"tve-u-1713a6905f4\"><span class=\"thrive-shortcode-content\" data-attr-css=\"\" data-attr-link=\"1\" data-attr-rel=\"0\" data-attr-target=\"0\" data-extra_key=\"\" data-option-inline=\"1\" data-shortcode=\"tcb_post_title\" data-shortcode-name=\"Post title\">[tcb_post_title css='' link='1' rel='0' target='0' inline='1']<\/span><\/h1><\/div><div class=\"thrv_wrapper thrv_text_element\" style=\"\" data-css=\"tve-u-170775a487e\"><p data-css=\"tve-u-16f8b41d660\"><span class=\"thrive-shortcode-content\" data-extra_key=\"\" data-option-inline=\"1\" data-shortcode=\"tcb_post_comments_number\" data-shortcode-name=\"Number of Comments\">[tcb_post_comments_number inline='1']<\/span>&nbsp;Comments<\/p><\/div>","type":"top","singular":"1","template_type":"singular","style":{"css":{"(min-width: 300px)":"{{css_export_placeholder}} .section-background { background-color: var(--tcb-skin-color-2)  !important; }{{css_export_placeholder}} .section-content { justify-content: center; display: flex; flex-direction: column; text-align: center; min-height: 222px !important; padding: 20px !important; }:not(#tve) {{css_export_placeholder}} [data-css=\"tve-u-16f8b41d660\"] { letter-spacing: 1px; padding-top: 0px !important; margin-top: 0px !important; padding-bottom: 0px !important; margin-bottom: 0px !important; font-size: 12px !important; color: var(--tcb-skin-color-5)  !important; --tcb-applied-color:var$(--tcb-skin-color-5)  !important; }{{css_export_placeholder}} [data-css=\"tve-u-170775a487e\"] { position: relative; padding: 0px !important; }:not(#tve) {{css_export_placeholder}} [data-css=\"tve-u-1713a6905f4\"] { padding-bottom: 14px !important; margin-bottom: 0px !important; }","(max-width: 1023px)":"{{css_export_placeholder}} .section-content { padding-left: 40px !important; padding-right: 40px !important; min-height: 180px !important; }:not(#tve) {{css_export_placeholder}} [data-css=\"tve-u-1713a6905f4\"] { padding-bottom: 12px !important; margin-bottom: 0px !important; }","(max-width: 767px)":"{{css_export_placeholder}} .section-content { padding: 20px !important; min-height: 185px !important; }"},"fonts":[],"dynamic":[]},"icons":[],"decoration":[],"comments":[],"tve_globals":{"js_sdk":[],"fb_comment_admins":""},"attr":{"class":""}}}}