{"55a988dfb00a914717b3000a3374694c":{"ID":"2530","post_title":"Call to Action 03","post_type":"thrive_section","post_status":"publish","meta_input":{"skin_tag":"q1qj01","content":"<div class=\"thrv_wrapper thrv_text_element\" style=\"\" data-css=\"tve-u-1705d967199\"><h2 class=\"\" data-css=\"tve-u-1705d95f22d\" style=\"text-align: center;\">Direct Your Visitors to a Clear Action at the Bottom of the Page<\/h2><\/div><div class=\"thrv_wrapper thrv-button tve_ea_thrive_animation tve_anim_grow\" data-css=\"tve-u-16eb7f0b034\" style=\"\">\n<a href=\"#\" class=\"tcb-button-link tve_evt_manager_listen tve_et_mouseover\" target=\"_blank\" rel=\"nofollow\" style=\"\" data-tcb-events=\"__TCB_EVENT_[{&quot;t&quot;:&quot;mouseover&quot;,&quot;config&quot;:{&quot;anim&quot;:&quot;grow&quot;,&quot;loop&quot;:1},&quot;a&quot;:&quot;thrive_animation&quot;}]_TNEVE_BCT__\">\n<span class=\"tcb-button-texts\" style=\"\"><span class=\"tcb-button-text thrv-inline-text\" style=\"\" data-css=\"tve-u-1707d9d150c\">Clear Call To Action Button<\/span><\/span>\n<\/a>\n<\/div>","type":"bottom","singular":"1","template_type":"","style":{"css":{"(min-width: 300px)":"{{css_export_placeholder}} .section-background { background-image: linear-gradient(var(--tcb-skin-color-18), var(--tcb-skin-color-18)), url(\"{{img=9096cf289a8366260a59f31455f5669c}}\")  !important; background-size: auto, cover !important; background-position: 50% 50%, 50% 50% !important; background-attachment: scroll, fixed !important; background-repeat: no-repeat, no-repeat !important; }{{css_export_placeholder}} .section-content { justify-content: center; display: flex; flex-direction: column; --tve-color:rgb(255, 255, 255); text-align: left; min-height: 375px !important; padding: 20px !important; }{{css_export_placeholder}} [data-css=\"tve-u-16eb7f0b034\"] { float: none; z-index: 3; position: relative; --tve-font-weight:var(--g-bold-weight, bold); --tve-font-family:Muli; --g-regular-weight:400; --g-bold-weight:600; --tve-font-size:12px; --tve-text-transform:uppercase; --tve-letter-spacing:1px; margin: 0px auto !important; }{{css_export_placeholder}} [data-css=\"tve-u-16eb7f0b034\"] .tcb-button-link { border: 2px solid rgb(255, 255, 255); border-radius: 100px; overflow: hidden; letter-spacing: var(--tve-letter-spacing, 1px); background-color: transparent !important; padding: 20px !important; }:not(#tve) {{css_export_placeholder}} [data-css=\"tve-u-1705d95f22d\"] { color: rgb(255, 255, 255) !important; --tcb-applied-color:rgb(255, 255, 255)  !important; padding-bottom: 0px !important; margin-bottom: 0px !important; font-size: 46px !important; font-weight: var(--g-bold-weight, bold)  !important; }{{css_export_placeholder}} [data-css=\"tve-u-1705d967199\"] { float: none; padding: 0px !important; margin-bottom: 30px !important; margin-left: auto !important; margin-right: auto !important; background-color: transparent !important; }:not(#tve) {{css_export_placeholder}} [data-css=\"tve-u-16eb7f0b034\"] .tcb-button-link span { font-weight: var(--tve-font-weight, var(--g-bold-weight, bold)); text-transform: var(--tve-text-transform, uppercase); }:not(#tve) {{css_export_placeholder}} [data-css=\"tve-u-16eb7f0b034\"] .tcb-button-link { font-family: var(--tve-font-family, Muli); font-size: var(--tve-font-size, 12px)  !important; }:not(#tve) {{css_export_placeholder}} [data-css=\"tve-u-1707d9d150c\"] { font-size: 15px !important; }","(max-width: 1023px)":":not(#tve) {{css_export_placeholder}} [data-css=\"tve-u-1705d95f22d\"] { font-size: 33px !important; }{{css_export_placeholder}} .section-content { min-height: 261px !important; padding-top: 10px !important; padding-bottom: 10px !important; }","(max-width: 767px)":"{{css_export_placeholder}} .section-content { padding: 20px !important; }{{css_export_placeholder}} [data-css=\"tve-u-1705d967199\"] { margin-bottom: 20px !important; }:not(#tve) {{css_export_placeholder}} [data-css=\"tve-u-16eb7f0b034\"] .tcb-button-link span { font-weight: var(--tve-font-weight, var(--g-bold-weight, bold)); }{{css_export_placeholder}} [data-css=\"tve-u-16eb7f0b034\"] { --tve-font-weight:var(--g-bold-weight, bold); --tve-line-height:2em; min-width: 100% !important; }:not(#tve) {{css_export_placeholder}} [data-css=\"tve-u-16eb7f0b034\"] .tcb-button-link { line-height: var(--tve-line-height, 2em); }:not(#tve) {{css_export_placeholder}} [data-css=\"tve-u-1705d95f22d\"] { font-size: 26px !important; }{{css_export_placeholder}} [data-css=\"tve-u-16eb7f0b034\"] .tcb-button-link { padding: 14px !important; }"},"fonts":["@import url(\"https:\/\/fonts.googleapis.com\/css?family=Muli:400,400i,600,600i,300,500,800,700,200,900,500i,300i,900i,800i,700i&subset=latin\");","@import url(\"https:\/\/fonts.googleapis.com\/css?family=Muli:400,700,300,600,500,400i,600i,800,200,900,500i,300i,900i,800i,700i&subset=latin\");"],"dynamic":[]},"icons":[],"decoration":[],"comments":[],"attr":{"class":""}}}}