{"130f1a8e9e102707f3f91b010f151b0b":{"ID":"2296","post_title":"Page Banner - Breadcrumbs 01","post_type":"thrive_section","post_status":"publish","meta_input":{"skin_tag":"q1qj01","content":"[thrive_breadcrumbs separator-type='character' css='tve-u-1705c968a5b' separator='\/' enable-truncate-chars='1']<div class=\"thrv_wrapper thrv-divider\" data-style-d=\"tve_sep-1\" data-thickness-d=\"3\" data-color-d=\"rgb(230, 230, 230)\" data-css=\"tve-u-1705ddd70dc\" style=\"\" data-thickness-m=\"2\">\n\t<hr class=\"tve_sep tve_sep-1\" style=\"\">\n<\/div><div class=\"thrv_wrapper thrv_text_element\" style=\"margin-top: 0px !important; margin-right: 0px !important; margin-left: 0px !important;\" data-css=\"tve-u-1705cdb4152\"><h1 class=\"\" data-css=\"tve-u-17077564e3e\"><span class=\"thrive-shortcode-content\" data-attr-link=\"0\" data-attr-rel=\"0\" data-attr-target=\"0\" data-extra_key=\"\" data-option-inline=\"1\" data-shortcode=\"tcb_post_title\" data-shortcode-name=\"Post title\">[tcb_post_title link='0' rel='0' target='0' inline='1']<\/span><\/h1><\/div>","type":"top","singular":"1","template_type":"singular","style":{"css":{"(min-width: 300px)":"{{css_export_placeholder}} .section-background { border-top: 1px solid var(--tcb-skin-color-14); border-right: none; border-bottom: 1px solid var(--tcb-skin-color-14); border-left: none; border-image: initial; background-color: transparent !important; background-image: none !important; }{{css_export_placeholder}} .section-content { display: flex; flex-direction: column; text-align: left; --tve-color:rgb(255, 255, 255); justify-content: center; padding: 30px 20px !important; min-height: 1px !important; }{{css_export_placeholder}} [data-css=\"tve-u-1705c968a5b\"] .thrive-breadcrumb-separator { font-size: 14px; width: 14px; height: 14px; color: rgb(106, 107, 108); }{{css_export_placeholder}} [data-css=\"tve-u-1705c968a5b\"] .thrive-breadcrumb-path { font-size: 14px; color: rgb(106, 107, 108); --tve-color:var(--tcb-skin-color-5); }{{css_export_placeholder}} [data-css=\"tve-u-1705c968a5b\"] .thrive-breadcrumb-leaf { font-size: 14px; color: rgb(106, 107, 108); --tve-color:var(--tcb-skin-color-4); }{{css_export_placeholder}} [data-css=\"tve-u-1705c968a5b\"] .thrive-breadcrumb-path a { --tcb-applied-color:var$(--tcb-skin-color-5); color: var(--tve-color, var(--tcb-skin-color-5))  !important; }{{css_export_placeholder}} [data-css=\"tve-u-1705c968a5b\"] .thrive-breadcrumb-leaf span { --tcb-applied-color:var$(--tcb-skin-color-4); color: var(--tve-color, var(--tcb-skin-color-4))  !important; }{{css_export_placeholder}} .thrive-breadcrumbs { padding: 0px !important; justify-content: flex-start !important; margin-bottom: 10px !important; }{{css_export_placeholder}} [data-css=\"tve-u-1705cdb4152\"] { padding-bottom: 1px !important; margin-bottom: 0px !important; }:not(#tve) {{css_export_placeholder}} [data-css=\"tve-u-1705c968a5b\"] .thrive-breadcrumb-separator { color: rgb(106, 107, 108) !important; }:not(#tve) {{css_export_placeholder}} [data-css=\"tve-u-1705c968a5b\"] .thrive-breadcrumb-path { color: rgb(106, 107, 108) !important; }:not(#tve) {{css_export_placeholder}} [data-css=\"tve-u-1705c968a5b\"] .thrive-breadcrumb-leaf { color: rgb(106, 107, 108) !important; }{{css_export_placeholder}} .thrv-divider[data-css=\"tve-u-1705ddd70dc\"] .tve_sep { border-width: 3px !important; border-color: rgb(230, 230, 230) !important; }{{css_export_placeholder}} [data-css=\"tve-u-1705ddd70dc\"] { max-width: 70px; padding: 5px 0px !important; }:not(#tve) {{css_export_placeholder}} [data-css=\"tve-u-17077564e3e\"] { padding-bottom: 0px !important; margin-bottom: 0px !important; }","(max-width: 1023px)":"{{css_export_placeholder}} .section-content { padding: 30px 40px !important; }{{css_export_placeholder}} [data-css=\"tve-u-1705cdb4152\"] { padding-right: 20px !important; }","(max-width: 767px)":"{{css_export_placeholder}} .section-content { padding: 25px 20px !important; }{{css_export_placeholder}} .thrive-breadcrumbs { justify-content: flex-start !important; }{{css_export_placeholder}} [data-css=\"tve-u-1705cdb4152\"] { margin-bottom: 7px !important; }{{css_export_placeholder}} [data-css=\"tve-u-1705c968a5b\"] .thrive-breadcrumb-leaf span { max-width: 30ch !important; }{{css_export_placeholder}} .thrv-divider[data-css=\"tve-u-1705ddd70dc\"] .tve_sep { border-width: 2px !important; border-color: rgb(230, 230, 230) !important; }"},"fonts":[],"dynamic":[]},"icons":[],"decoration":[],"comments":[],"tve_globals":"","attr":{"class":""}}}}