{"4ea06fbc83cdd0a06020c35d50e1e89a":{"name":"770.png","folder":"symbols","h":23,"w":600,"custom_subdir":1},"9fd81843ad7f202f26c1a174c7357585":{"name":"297.png","folder":"symbols","h":112,"w":600,"custom_subdir":1},"37b236e9bd74fc5c00327d524fa67a0f":{"name":"arrow_hero.png"},"e834cc5483bed1731f1e2944e0c4e3ff":{"name":"shapeshift_homepage_author_img_02.jpg"},"495ef249cfa76a702da5ff12400d86f0":{"name":"WooCommerce_Course12_02-1.jpg"},"c527601f9454555cb914fec91805adab":{"name":"WooCommerce-Sidebar-texture02.jpg"},"b87517992f7dce71b674976b280257d2":{"name":"4791.png","folder":"thrive-theme\/preview","h":300,"w":300,"custom_subdir":1}}