[{"ID":4791,"post_title":"Product Page 01","post_type":"thrive_template","meta_input":{"default":"1","layout":"20f07591c6fcb220ffe637cda29bb3f6","layout_data":{"hide_sidebar":1},"structure":"[thrive_template_section type=\"top\" ][thrive_template_content]\n[thrive_main_container]\n[thrive_template_section type=\"sidebar\" ]\n[thrive_template_section type=\"content\" ]\n[\/thrive_main_container]\n[\/thrive_template_content][thrive_template_section type=\"bottom\" ]","sidebar-type":"","sticky-sidebar":"","off-screen-sidebar":"","tve_globals":{"js_sdk":[],"fb_comment_admins":""},"comments":{"labels":[],"icons":[]},"sections":{"top":{"id":0,"content":"<div class=\"thrv_wrapper thrv-columns\" data-css=\"tve-u-172c77d3f77\" style=\"\"><div class=\"tcb-flex-row v-2 tcb-medium-no-wrap m-edit tcb--cols--3 tcb-resized tcb-mobile-no-wrap\" data-css=\"tve-u-172c77d3f76\" style=\"\"><div class=\"tcb-flex-col\" data-css=\"tve-u-172c7a77494\"><div class=\"tcb-col\" data-css=\"tve-u-172c7aa5edf\" style=\"\"><div class=\"tcb-clear\" data-css=\"tve-u-172c7a51825\"><div class=\"thrv_wrapper thrv_contentbox_shortcode thrv-content-box tve-elem-default-pad\" data-css=\"tve-u-172c77d3f8d\" style=\"\">\n<div class=\"tve-content-box-background\"><\/div>\n<div class=\"tve-cb\"><div class=\"thrv_wrapper thrv-columns\" data-css=\"tve-u-172c77d3f7d\" style=\"\"><div class=\"tcb-flex-row v-2 tcb-resized tcb--cols--2 m-edit tcb-mobile-wrap\" data-css=\"tve-u-172c77d3f7b\" style=\"\"><div class=\"tcb-flex-col c-33\" data-css=\"tve-u-172c77d3f7e\" style=\"\"><div class=\"tcb-col\" style=\"\"><div class=\"tcb-clear\" data-css=\"tve-u-172c77d3f90\"><div class=\"thrv_wrapper thrv_icon tcb-icon-display\" data-css=\"tve-u-172c77d3f8f\" style=\"\"><svg class=\"tcb-icon\" viewBox=\"0 0 640 512\" data-id=\"icon-shipping-fast-light\" data-name=\"\" style=\"\">\n<path d=\"M280 192c4.4 0 8-3.6 8-8v-16c0-4.4-3.6-8-8-8H40c-4.4 0-8 3.6-8 8v16c0 4.4 3.6 8 8 8h240zm352 192h-24V275.9c0-16.8-6.8-33.3-18.8-45.2l-83.9-83.9c-11.8-12-28.3-18.8-45.2-18.8H416V78.6c0-25.7-22.2-46.6-49.4-46.6H113.4C86.2 32 64 52.9 64 78.6V96H8c-4.4 0-8 3.6-8 8v16c0 4.4 3.6 8 8 8h240c4.4 0 8-3.6 8-8v-16c0-4.4-3.6-8-8-8H96V78.6c0-8.1 7.8-14.6 17.4-14.6h253.2c9.6 0 17.4 6.5 17.4 14.6V384H207.6C193 364.7 170 352 144 352c-18.1 0-34.6 6.2-48 16.4V288H64v144c0 44.2 35.8 80 80 80s80-35.8 80-80c0-5.5-.6-10.8-1.6-16h195.2c-1.1 5.2-1.6 10.5-1.6 16 0 44.2 35.8 80 80 80s80-35.8 80-80c0-5.5-.6-10.8-1.6-16H632c4.4 0 8-3.6 8-8v-16c0-4.4-3.6-8-8-8zm-488 96c-26.5 0-48-21.5-48-48s21.5-48 48-48 48 21.5 48 48-21.5 48-48 48zm272-320h44.1c8.4 0 16.7 3.4 22.6 9.4l83.9 83.9c.8.8 1.1 1.9 1.8 2.8H416V160zm80 320c-26.5 0-48-21.5-48-48s21.5-48 48-48 48 21.5 48 48-21.5 48-48 48zm80-96h-16.4C545 364.7 522 352 496 352s-49 12.7-63.6 32H416v-96h160v96zM256 248v-16c0-4.4-3.6-8-8-8H8c-4.4 0-8 3.6-8 8v16c0 4.4 3.6 8 8 8h240c4.4 0 8-3.6 8-8z\"><\/path>\n<\/svg><\/div><\/div><\/div><\/div><div class=\"tcb-flex-col c-66\" data-css=\"tve-u-172c77d3f7f\" style=\"\"><div class=\"tcb-col\" style=\"\" data-css=\"tve-u-172c7a25fdd\"><div class=\"thrv_wrapper thrv_text_element\"><p class=\"tcb-global-text-\" data-css=\"tve-u-172c77fc740\" style=\"\">Free Shipping<\/p><\/div><div class=\"thrv_wrapper thrv_text_element\"><p class=\"tcb-global-text-\" data-css=\"tve-u-172c79b367e\" style=\"\">On Orders over $99<\/p><\/div><\/div><\/div><\/div><\/div><\/div>\n<\/div><\/div><\/div><\/div><div class=\"tcb-flex-col\" data-css=\"tve-u-172c7a774cb\" style=\"\"><div class=\"tcb-col\"><div class=\"thrv_wrapper thrv_contentbox_shortcode thrv-content-box tve-elem-default-pad\" data-css=\"tve-u-172c77d3f79\" style=\"\">\n<div class=\"tve-content-box-background\"><\/div>\n<div class=\"tve-cb\"><div class=\"thrv_wrapper thrv_contentbox_shortcode thrv-content-box tve-elem-default-pad\" data-css=\"tve-u-172c77d3f83\" style=\"\">\n<div class=\"tve-content-box-background\"><\/div>\n<div class=\"tve-cb\" data-css=\"tve-u-172c7aa5270\" style=\"\"><div class=\"thrv_wrapper thrv-columns\" data-css=\"tve-u-172c77d3f8e\" style=\"\"><div class=\"tcb-flex-row v-2 tcb-resized tcb--cols--2 m-edit tcb-mobile-wrap\" data-css=\"tve-u-172c77d3f8c\" style=\"\"><div class=\"tcb-flex-col c-33 column-fixed-width\" data-css=\"tve-u-172c77d3f88\" style=\"\"><div class=\"tcb-col\" style=\"\"><div class=\"tcb-clear\" data-css=\"tve-u-172c77d3f8b\"><div class=\"thrv_wrapper thrv_icon tcb-icon-display\" data-css=\"tve-u-172c77d3f91\" style=\"\"><svg class=\"tcb-icon\" viewBox=\"0 0 512 512\" data-id=\"icon-exchange-light\" data-name=\"\">\n<path d=\"M508.485 184.485l-92.485 92c-4.687 4.686-12.284 4.686-16.97 0l-7.071-7.07c-4.687-4.686-4.687-12.284 0-16.971L452.893 192H12c-6.627 0-12-5.373-12-12v-8c0-6.627 5.373-12 12-12h440.905l-60.946-60.444c-4.687-4.686-4.687-12.284 0-16.971l7.07-7.07c4.687-4.686 12.284-4.686 16.971 0l92.485 92c4.687 4.686 4.686 12.284 0 16.97zm-504.97 160l92.485 92c4.687 4.686 12.284 4.686 16.971 0l7.07-7.07c4.687-4.686 4.687-12.284 0-16.971L59.095 352H500c6.627 0 12-5.373 12-12v-8c0-6.627-5.373-12-12-12H59.107l60.934-60.444c4.687-4.686 4.687-12.284 0-16.971l-7.071-7.07c-4.686-4.686-12.284-4.687-16.97 0l-92.485 92c-4.686 4.686-4.687 12.284 0 16.97z\"><\/path>\n<\/svg><\/div><\/div><\/div><\/div><div class=\"tcb-flex-col c-66\" data-css=\"tve-u-172c77d3f8a\" style=\"\"><div class=\"tcb-col\" style=\"\"><div class=\"thrv_wrapper thrv_text_element\"><p class=\"tcb-global-text-\" data-css=\"tve-u-172c78228f4\" style=\"\">easy returns<\/p><\/div><div class=\"thrv_wrapper thrv_text_element tve-froala fr-box fr-basic\"><p class=\"tcb-global-text-\" data-css=\"tve-u-172c7ab049a\" style=\"\"><a class=\"tve-froala fr-basic\" data-css=\"tve-u-172c77d3f80\" data-tcb_hover_state_parent=\"\" href=\"\" style=\"outline: none;\" target=\"_blank\">More info here<\/a><\/p><\/div><\/div><\/div><\/div><\/div><\/div>\n<\/div><\/div>\n<\/div><\/div><\/div><div class=\"tcb-flex-col\" data-css=\"tve-u-172c7a77500\" style=\"\"><div class=\"tcb-col\"><div class=\"thrv_wrapper thrv_contentbox_shortcode thrv-content-box tve-elem-default-pad\" data-css=\"tve-u-172c77d3f82\" style=\"\">\n<div class=\"tve-content-box-background\"><\/div>\n<div class=\"tve-cb\"><div class=\"thrv_wrapper thrv-columns\" data-css=\"tve-u-172c7aa3ee4\" style=\"\"><div class=\"tcb-flex-row v-2 tcb-resized m-edit tcb--cols--2 tcb-mobile-wrap\" data-css=\"tve-u-172c77d3f87\" style=\"\"><div class=\"tcb-flex-col c-33 column-fixed-width\" data-css=\"tve-u-172c77d3f84\" style=\"\"><div class=\"tcb-col\" style=\"\"><div class=\"tcb-clear\" data-css=\"tve-u-172c77d3f86\"><div class=\"thrv_wrapper thrv_icon tcb-icon-display\" data-css=\"tve-u-172c77d3f94\" style=\"\"><svg class=\"tcb-icon\" viewBox=\"0 0 576 512\" data-id=\"icon-credit-card-light\" data-name=\"\">\n<path d=\"M528 32H48C21.5 32 0 53.5 0 80v352c0 26.5 21.5 48 48 48h480c26.5 0 48-21.5 48-48V80c0-26.5-21.5-48-48-48zM48 64h480c8.8 0 16 7.2 16 16v48H32V80c0-8.8 7.2-16 16-16zm480 384H48c-8.8 0-16-7.2-16-16V224h512v208c0 8.8-7.2 16-16 16zm-336-84v8c0 6.6-5.4 12-12 12h-72c-6.6 0-12-5.4-12-12v-8c0-6.6 5.4-12 12-12h72c6.6 0 12 5.4 12 12zm192 0v8c0 6.6-5.4 12-12 12H236c-6.6 0-12-5.4-12-12v-8c0-6.6 5.4-12 12-12h136c6.6 0 12 5.4 12 12z\"><\/path>\n<\/svg><\/div><\/div><\/div><\/div><div class=\"tcb-flex-col c-66\" data-css=\"tve-u-172c77d3f85\" style=\"\"><div class=\"tcb-col\" style=\"\"><div class=\"thrv_wrapper thrv_text_element\"><p class=\"tcb-global-text-\" data-css=\"tve-u-172c77d3f78\" style=\"\">Secure Payment<\/p><\/div><div class=\"thrv_wrapper thrv_text_element tve-froala fr-box fr-basic\"><p class=\"tcb-global-text-\" data-css=\"tve-u-172c79b62ea\" style=\"\"><a class=\"tve-froala fr-basic\" data-css=\"tve-u-172c77d3f80\" data-tcb_hover_state_parent=\"\" href=\"\" style=\"outline: none;\" target=\"_blank\">More info here<\/a><\/p><\/div><\/div><\/div><\/div><\/div><\/div>\n<\/div><\/div><\/div><\/div><\/div><div class=\"thrv_wrapper thrv_contentbox_shortcode thrv-content-box tve-elem-default-pad\" data-css=\"tve-u-172c785027f\" style=\"\">\n<div class=\"tve-content-box-background\" style=\"\" data-css=\"tve-u-172c783ce2c\"><\/div>\n<div class=\"tve-cb\" style=\"--tve-letter-spacing:2px;\" data-css=\"tve-u-172c784f28f\"><div class=\"thrv_wrapper thrv-columns\" data-css=\"tve-u-172c7a0fd5e\" style=\"\"><div class=\"tcb-flex-row v-2 tcb--cols--2 m-edit tcb-mobile-wrap\" data-css=\"tve-u-172c7a0f768\" style=\"\"><div class=\"tcb-flex-col\"><div class=\"tcb-col\" style=\"\"><div class=\"thrv_wrapper thrv_text_element\" data-css=\"tve-u-172c79788aa\" style=\"\"><p class=\"tcb-global-text-\" data-css=\"tve-u-172c7a3cc19\" style=\"\">shop more, spend less<\/p><\/div><\/div><\/div><div class=\"tcb-flex-col\"><div class=\"tcb-col\" data-css=\"tve-u-172c7a6d171\" style=\"\"><div class=\"thrv_wrapper thrv_text_element\" data-css=\"tve-u-172c7a2fc1d\" style=\"\"><p class=\"tcb-global-text-\" data-css=\"tve-u-172c784d60c\" style=\"\">CODE: MORE- <span data-css=\"tve-u-172c79ec22c\">45% DISCOUNT<\/span> ON ORDERS OVER $45<\/p><\/div><\/div><\/div><\/div><\/div><\/div>\n<\/div>","decoration":[],"comments":[],"attr":{"class":""},"hide":0},"sidebar":{"id":0,"content":"\n<div class=\"thrv_wrapper thrv_contentbox_shortcode thrv-content-box tve-elem-default-pad\" data-css=\"tve-u-17299e48a73\" style=\"\">\n<div class=\"tve-content-box-background\" data-css=\"tve-u-17299e2a9f4\" style=\"\"><\/div>\n<div class=\"tve-cb\" style=\"\" data-css=\"tve-u-17299e35340\"><div class=\"thrv_wrapper thrv_icon tcb-icon-display\" data-css=\"tve-u-172b82d4946\" style=\"\"><svg class=\"tcb-icon\" viewBox=\"0 0 512 512\" data-id=\"icon-chart-scatter-light\" data-name=\"\" style=\"\">\n<path d=\"M504 416H32V72a8 8 0 0 0-8-8H8a8 8 0 0 0-8 8v360a16 16 0 0 0 16 16h488a8 8 0 0 0 8-8v-16a8 8 0 0 0-8-8zM160 312a24 24 0 1 0-24-24 24 24 0 0 0 24 24zm256-160a24 24 0 1 0-24-24 24 24 0 0 0 24 24zm-224 0a24 24 0 1 0-24-24 24 24 0 0 0 24 24zm192 160a24 24 0 1 0-24-24 24 24 0 0 0 24 24zm-96-64a24 24 0 1 0-24-24 24 24 0 0 0 24 24z\"><\/path>\n<\/svg><\/div><div class=\"thrv_wrapper thrv_text_element\" data-css=\"tve-u-172b75dd6ca\" style=\"\"><h4 class=\"\" data-css=\"tve-u-172b82ea868\" style=\"\"><span data-attr-link=\"0\" data-attr-rel=\"0\" data-attr-target=\"0\" data-css=\"tve-u-1708b82a668\" data-extra_key=\"\" data-option-inline=\"1\" data-shortcode=\"tcb_post_title\" data-shortcode-name=\"Post title\">Strategies that Make Your Business Recession Proof<\/span><\/h4><\/div><div class=\"thrv_wrapper thrv_text_element\" data-css=\"tve-u-1729f03f1b4\" style=\"\"><p data-css=\"tve-u-172b82bbf64\"><span data-css=\"tve-u-172b82bec9f\">sale now<\/span>- only:<\/p><p data-css=\"tve-u-172b82bbf67\">$89.99<\/p><\/div><div class=\"thrv_wrapper thrv-button thrv-button-v2 tcb-local-vars-root\" data-button-style=\"btn-tpl-58447\" data-tcb_hover_state_parent=\"\" data-css=\"tve-u-172b82c3483\" style=\"\"><div class=\"thrive-colors-palette-config\" style=\"display: none !important\">__CONFIG_colors_palette__{\"active_palette\":0,\"config\":{\"colors\":{\"9bd08\":{\"name\":\"Main Accent\",\"parent\":-1}},\"gradients\":[]},\"palettes\":[{\"name\":\"Default Palette\",\"value\":{\"colors\":{\"9bd08\":{\"val\":\"var(--tcb-skin-color-0)\"}},\"gradients\":[]},\"original\":{\"colors\":{\"9bd08\":{\"val\":\"rgb(19, 114, 211)\",\"hsl\":{\"h\":210,\"s\":0.83,\"l\":0.45}}},\"gradients\":[]}}]}__CONFIG_colors_palette__<\/div>\n<a href=\"#\" class=\"tcb-button-link tcb-plain-text\" style=\"\">\n<span class=\"tcb-button-texts\" style=\"\"><span class=\"tcb-button-text thrv-inline-text\" style=\"\">Buy Now<\/span><span class=\"tcb-secondary-text thrv-inline-text\" style=\"\"><\/span><\/span>\n<\/a>\n<\/div><\/div>\n<\/div><div class=\"thrv_wrapper thrv_contentbox_shortcode thrv-content-box tve-elem-default-pad\" data-css=\"tve-u-172b807f08b\" style=\"\">\n<div class=\"tve-content-box-background\" style=\"\" data-css=\"tve-u-172b844d989\"><\/div>\n<div class=\"tve-cb\" style=\"\" data-css=\"tve-u-172b846ec4c\"><div class=\"thrv_wrapper thrv-columns\" data-css=\"tve-u-17300a709f7\" style=\"\"><div class=\"tcb-flex-row v-2 tcb--cols--2 tcb-resized tcb-mobile-no-wrap m-edit\" data-css=\"tve-u-172b811e07d\" style=\"\"><div class=\"tcb-flex-col\" data-css=\"tve-u-172b8473d8f\" style=\"\"><div class=\"tcb-col\" style=\"\"><div class=\"thrv_wrapper thrv_icon tcb-icon-display\" data-css=\"tve-u-172b7ca12b5\" style=\"\"><svg class=\"tcb-icon\" viewBox=\"0 0 384 512\" data-id=\"icon-file-check-light\" data-name=\"\" style=\"\">\n<path d=\"M369.941 97.941l-83.882-83.882A48 48 0 0 0 252.118 0H48C21.49 0 0 21.49 0 48v416c0 26.51 21.49 48 48 48h288c26.51 0 48-21.49 48-48V131.882a48 48 0 0 0-14.059-33.941zm-22.627 22.628a15.89 15.89 0 0 1 4.195 7.431H256V32.491a15.88 15.88 0 0 1 7.431 4.195l83.883 83.883zM336 480H48c-8.837 0-16-7.163-16-16V48c0-8.837 7.163-16 16-16h176v104c0 13.255 10.745 24 24 24h104v304c0 8.837-7.163 16-16 16zm-34.467-210.949l-134.791 133.71c-4.7 4.663-12.288 4.642-16.963-.046l-67.358-67.552c-4.683-4.697-4.672-12.301.024-16.985l8.505-8.48c4.697-4.683 12.301-4.672 16.984.024l50.442 50.587 117.782-116.837c4.709-4.671 12.313-4.641 16.985.068l8.458 8.527c4.672 4.709 4.641 12.313-.068 16.984z\"><\/path>\n<\/svg><\/div><\/div><\/div><div class=\"tcb-flex-col\" data-css=\"tve-u-172b8473d92\" style=\"\"><div class=\"tcb-col\" style=\"\"><div class=\"thrv_wrapper thrv_text_element\"><p class=\"tcb-global-text-\" data-css=\"tve-u-172b8471547\">Instant Download<\/p><\/div><\/div><\/div><\/div><\/div><\/div>\n<\/div><div class=\"thrv_wrapper thrv_contentbox_shortcode thrv-content-box tve-elem-default-pad\" data-css=\"tve-u-172b795acfa\" style=\"\">\n<div class=\"tve-content-box-background\" style=\"\" data-css=\"tve-u-172b845fabb\"><\/div>\n<div class=\"tve-cb\" style=\"\" data-css=\"tve-u-172b796cc0a\"><div class=\"thrv_wrapper thrv-columns\" data-css=\"tve-u-17300a72740\" style=\"\"><div class=\"tcb-flex-row v-2 tcb--cols--2 tcb-resized tcb-mobile-no-wrap m-edit\" data-css=\"tve-u-172b811fbfb\" style=\"\"><div class=\"tcb-flex-col\" data-css=\"tve-u-172b7f46a9b\" style=\"\"><div class=\"tcb-col\" style=\"\"><div class=\"thrv_wrapper thrv_icon tcb-icon-display\" data-css=\"tve-u-172b80e88dd\" style=\"\"><svg class=\"tcb-icon\" viewBox=\"0 0 544 512\" data-id=\"icon-brain-light\" data-name=\"\">\n<path d=\"M509.65 230.28c17.51-54.46-20.08-93.16-41.06-105.31 2.67-37.66-25.86-74.32-66.68-79.39C389.96 18.23 362.8 0 332.22 0 307.63 0 285.96 11.85 272 29.9 258.04 11.85 236.37 0 211.78 0c-30.58 0-57.74 18.23-69.7 45.58-40.82 5.07-69.35 41.73-66.68 79.39-20.98 12.16-58.56 50.85-41.06 105.31C12.89 247.42 0 273.44 0 301c0 32.73 17.41 62.38 45.26 78.53-2.28 48.18 36.69 88.69 84.94 87.45 14.24 27.38 42.59 45.02 74.05 45.02 27.9 0 52.51-13.8 67.75-34.76C287.24 498.2 311.85 512 339.75 512c31.46 0 59.81-17.64 74.05-45.02 48.25 1.24 87.21-39.28 84.94-87.45C526.59 363.38 544 333.73 544 301c0-27.56-12.89-53.58-34.35-70.72zm-253.71-92.21c0 26.09-18.06 47.88-42.35 54.04-3.47.88-5.83 4.09-5.83 7.66v16.18c0 5.07 4.69 8.91 9.68 7.89 14.43-2.94 27.54-9.41 38.5-18.39V428.5c0 28.39-23.18 51.5-51.69 51.5-31.89 0-44.23-21.81-53.1-48.2-16.29 2.74-18.29 3.2-22.18 3.2-28.51 0-51.69-23.11-51.69-51.5 0-6.21.86-9.14 3.67-22.97-25.44-10.5-48.84-24.21-48.84-59.53 0-33.86 23.01-46.95 42.91-58.34-12.6-25.71-12.8-29.2-12.8-39.16 0-33.91 21.9-48.46 49.37-59.69-2.51-10.9-4.2-16.61-4.2-22.81 0-24.14 19.6-43.8 45.48-43.8h.41l12.73.27C171.92 54.52 181.04 32 211.78 32c24.34 0 44.16 19.73 44.16 44v62.07zm207.11 222.46c2.81 13.83 3.67 16.76 3.67 22.97 0 28.39-23.18 51.5-51.69 51.5-3.88 0-5.88-.46-22.18-3.2-8.87 26.39-21.21 48.2-53.1 48.2-28.51 0-51.69-23.11-51.69-51.5V205.45c10.96 8.98 24.07 15.45 38.5 18.39 4.99 1.02 9.68-2.82 9.68-7.89v-16.18c0-3.57-2.36-6.78-5.83-7.66-24.29-6.16-42.35-27.95-42.35-54.04V76c0-24.27 19.82-44 44.16-44 30.74 0 39.86 22.52 45.76 45.47l12.73-.27h.41c25.88 0 45.48 19.66 45.48 43.8 0 6.2-1.7 11.92-4.2 22.81 27.46 11.22 49.37 25.78 49.37 59.69 0 9.96-.2 13.45-12.8 39.16 19.9 11.39 42.91 24.48 42.91 58.34 0 35.33-23.39 49.04-48.83 59.53z\"><\/path>\n<\/svg><\/div><\/div><\/div><div class=\"tcb-flex-col\" data-css=\"tve-u-172b7f46ae4\" style=\"\"><div class=\"tcb-col\" style=\"\"><div class=\"thrv_wrapper thrv_text_element\"><p class=\"tcb-global-text-\" data-css=\"tve-u-172b7ae0f29\">Easy Tutorials<\/p><\/div><\/div><\/div><\/div><\/div><\/div>\n<\/div><div class=\"thrv_wrapper thrv_contentbox_shortcode thrv-content-box tve-elem-default-pad\" data-css=\"tve-u-172b795acfa\" style=\"\">\n<div class=\"tve-content-box-background\" style=\"\" data-css=\"tve-u-172b846645f\"><\/div>\n<div class=\"tve-cb\" style=\"\" data-css=\"tve-u-172b796cc0a\"><div class=\"thrv_wrapper thrv-columns\" data-css=\"tve-u-172b7f47fad\" style=\"\"><div class=\"tcb-flex-row v-2 tcb--cols--2 tcb-resized tcb-mobile-no-wrap m-edit\" data-css=\"tve-u-172b8121103\" style=\"\"><div class=\"tcb-flex-col\" data-css=\"tve-u-172b80ec7d4\" style=\"\"><div class=\"tcb-col\" style=\"\"><div class=\"thrv_wrapper thrv_icon tcb-icon-display\" data-css=\"tve-u-172b80e7163\" style=\"\"><svg class=\"tcb-icon\" viewBox=\"0 0 512 512\" data-id=\"icon-chart-scatter-light\" data-name=\"\">\n<path d=\"M504 416H32V72a8 8 0 0 0-8-8H8a8 8 0 0 0-8 8v360a16 16 0 0 0 16 16h488a8 8 0 0 0 8-8v-16a8 8 0 0 0-8-8zM160 312a24 24 0 1 0-24-24 24 24 0 0 0 24 24zm256-160a24 24 0 1 0-24-24 24 24 0 0 0 24 24zm-224 0a24 24 0 1 0-24-24 24 24 0 0 0 24 24zm192 160a24 24 0 1 0-24-24 24 24 0 0 0 24 24zm-96-64a24 24 0 1 0-24-24 24 24 0 0 0 24 24z\"><\/path>\n<\/svg><\/div><\/div><\/div><div class=\"tcb-flex-col\" data-css=\"tve-u-172b80ec7d8\" style=\"\"><div class=\"tcb-col\" style=\"\"><div class=\"thrv_wrapper thrv_text_element\"><p class=\"tcb-global-text-\" data-css=\"tve-u-172b7ae0f29\">Detailed Charts<\/p><\/div><\/div><\/div><\/div><\/div><\/div>\n<\/div><div class=\"thrv_wrapper thrv_contentbox_shortcode thrv-content-box tve-elem-default-pad\" data-css=\"tve-u-17300a79b1e\" style=\"\">\n<div class=\"tve-content-box-background\" style=\"\" data-css=\"tve-u-172b796bfd4\"><\/div>\n<div class=\"tve-cb\" style=\"\" data-css=\"tve-u-172b796cc0a\"><div class=\"thrv_wrapper thrv-columns\" data-css=\"tve-u-172b80eb868\" style=\"\"><div class=\"tcb-flex-row v-2 tcb--cols--2 tcb-resized tcb-mobile-no-wrap m-edit\" data-css=\"tve-u-172b7f47c1c\" style=\"\"><div class=\"tcb-flex-col\" data-css=\"tve-u-172b80eb02b\" style=\"\"><div class=\"tcb-col\" style=\"\"><div class=\"thrv_wrapper thrv_icon tcb-icon-display\" data-css=\"tve-u-172b80e7ca1\" style=\"\"><svg class=\"tcb-icon\" viewBox=\"0 0 512 512\" data-id=\"icon-exchange-light\" data-name=\"\">\n<path d=\"M508.485 184.485l-92.485 92c-4.687 4.686-12.284 4.686-16.97 0l-7.071-7.07c-4.687-4.686-4.687-12.284 0-16.971L452.893 192H12c-6.627 0-12-5.373-12-12v-8c0-6.627 5.373-12 12-12h440.905l-60.946-60.444c-4.687-4.686-4.687-12.284 0-16.971l7.07-7.07c4.687-4.686 12.284-4.686 16.971 0l92.485 92c4.687 4.686 4.686 12.284 0 16.97zm-504.97 160l92.485 92c4.687 4.686 12.284 4.686 16.971 0l7.07-7.07c4.687-4.686 4.687-12.284 0-16.971L59.095 352H500c6.627 0 12-5.373 12-12v-8c0-6.627-5.373-12-12-12H59.107l60.934-60.444c4.687-4.686 4.687-12.284 0-16.971l-7.071-7.07c-4.686-4.686-12.284-4.687-16.97 0l-92.485 92c-4.686 4.686-4.687 12.284 0 16.97z\"><\/path>\n<\/svg><\/div><\/div><\/div><div class=\"tcb-flex-col\" data-css=\"tve-u-172b80eb02e\" style=\"\"><div class=\"tcb-col\" style=\"\"><div class=\"thrv_wrapper thrv_text_element\"><p class=\"tcb-global-text-\" data-css=\"tve-u-172b7ae0f29\">Personalised Feedback<\/p><\/div><\/div><\/div><\/div><\/div><\/div>\n<\/div><div class=\"thrv_wrapper thrv_contentbox_shortcode thrv-content-box tve-elem-default-pad\" data-css=\"tve-u-1725bac5eae\" style=\"\" data-class=\"\">\n<div class=\"tve-content-box-background\" data-css=\"tve-u-1725ba1e54e\" style=\"\"><\/div>\n<div class=\"tve-cb\" style=\"\" data-css=\"tve-u-1725ba26717\"><div class=\"thrv_wrapper thrv_text_element\" data-css=\"tve-u-172b8587465\" style=\"\"><p class=\"tcb-global-text-\" data-css=\"tve-u-172b7e67c6b\" style=\"\">10%<\/p><p class=\"tcb-global-text-\" data-css=\"tve-u-172b7e61433\">Discount<\/p><\/div><div class=\"thrv_wrapper tve_image_caption\" data-css=\"tve-u-172b7e77368\" style=\"\"><span class=\"tve_image_frame\"><img class=\"tve_image wp-image-3848\" alt=\"\" data-id=\"3848\" width=\"117\" data-init-width=\"500\" height=\"117\" data-init-height=\"500\" title=\"arrow_hero\" loading=\"lazy\" src=\"{{img=37b236e9bd74fc5c00327d524fa67a0f}}\" data-width=\"117\" data-height=\"117\" data-css=\"tve-u-1730562e103\" style=\"\"><\/span><\/div><div class=\"thrv_wrapper thrv_lead_generation\" data-connection=\"api\" data-css=\"tve-u-172b7e7f1ec\" style=\"\"><input type=\"hidden\" class=\"tve-lg-err-msg\" value=\"{&quot;email&quot;:&quot;Email address invalid&quot;,&quot;phone&quot;:&quot;Phone number invalid&quot;,&quot;password&quot;:&quot;Password invalid&quot;,&quot;passwordmismatch&quot;:&quot;Password mismatch error&quot;,&quot;required&quot;:&quot;Required field missing&quot;}\">\n<div class=\"thrv_lead_generation_container tve_clearfix\">\n<form action=\"#\" method=\"post\" novalidate=\"novalidate\" autocomplete=\"new-password\">\n<div class=\"tve_lead_generated_inputs_container tve_clearfix\">\n<div class=\"tve_lg_input_container tve_lg_input tcb-plain-text tcb-icon-display\" style=\"\" data-css=\"tve-u-172b7e89de8\" data-label=\"tve-lg-172b7e93311\" data-tcb_hover_state_parent=\"\">\n<input class=\"tcb-plain-text\" type=\"email\" data-field=\"email\" data-required=\"1\" data-validation=\"email\" name=\"email\" placeholder=\"Enter Your Email\" data-placeholder=\"Enter Your Email\" style=\"\">\n<\/div>\n<div class=\"thrv_wrapper tve-form-button tcb-local-vars-root\" data-tcb_hover_state_parent=\"\" data-button-style=\"btn-tpl-58447\" data-css=\"tve-u-172b8598fb7\" style=\"\"><div class=\"thrive-colors-palette-config\" style=\"display: none !important\">__CONFIG_colors_palette__{\"active_palette\":0,\"config\":{\"colors\":{\"9bd08\":{\"name\":\"Main Accent\",\"parent\":-1}},\"gradients\":[]},\"palettes\":[{\"name\":\"Default Palette\",\"value\":{\"colors\":{\"9bd08\":{\"val\":\"var(--tcb-skin-color-0)\",\"hsl\":{\"h\":210,\"s\":0.78,\"l\":0.01}}},\"gradients\":[]},\"original\":{\"colors\":{\"9bd08\":{\"val\":\"rgb(19, 114, 211)\",\"hsl\":{\"h\":210,\"s\":0.83,\"l\":0.45}}},\"gradients\":[]}}]}__CONFIG_colors_palette__<\/div>\n<a href=\"#\" class=\"tcb-button-link tve-form-button-submit tcb-plain-text\" style=\"\">\n<span class=\"tcb-button-texts\" style=\"\"><span class=\"tcb-button-text thrv-inline-text\" style=\"\">Sign Up<\/span><\/span>\n<\/a>\n<input type=\"submit\" style=\"display: none !important;\">\n<\/div>\n<\/div>\n<input id=\"_submit_option\" type=\"hidden\" name=\"_submit_option\" value=\"redirect\">\n<input id=\"_sendParams\" type=\"hidden\" name=\"_sendParams\" value=\"1\">\n<input id=\"_back_url\" type=\"hidden\" name=\"_back_url\" value=\"#\">\n<input type=\"hidden\" id=\"tve_mapping\" name=\"tve_mapping\" value=\"YTowOnt9\"><input type=\"hidden\" id=\"tve_labels\" name=\"tve_labels\" value=\"YToxOntzOjU6ImVtYWlsIjtzOjE2OiJFbnRlciBZb3VyIEVtYWlsIjt9\"><\/form>\n<\/div>\n<\/div><\/div>\n<\/div><div class=\"thrv_wrapper thrv_text_element\"><h3 class=\"\" data-css=\"tve-u-172b76497d1\">Hi!&nbsp;<\/h3><\/div><div class=\"thrv_wrapper thrv_text_element\" style=\"\" data-css=\"tve-u-172b80c85b7\"><p class=\"tcb-global-text-\" data-css=\"tve-u-172b7671fb8\">&nbsp;I'm [Author Name]<\/p><\/div><div class=\"thrv_wrapper tve_image_caption\" data-css=\"tve-u-172b84c4df1\"><span class=\"tve_image_frame\"><img class=\"tve_image wp-image-3339\" alt=\"\" data-id=\"3339\" width=\"290\" data-init-width=\"1000\" height=\"193\" data-init-height=\"667\" title=\"shapeshift_homepage_author_img_02\" loading=\"lazy\" src=\"{{img=e834cc5483bed1731f1e2944e0c4e3ff}}\" data-width=\"290\" data-height=\"193\"><\/span><\/div><div class=\"thrv_wrapper thrv_text_element\" data-css=\"tve-u-172b767af6c\" style=\"\"><p class=\"tcb-global-text-\" data-css=\"tve-u-172b76407f7\">Lorem ipsum dolor sit amet, consectetur adipiscing elit, sed do eiusmod tempor incididunt ut labore et dolore magna aliqua. Ut enim ad minim veniam, quis nostrud exercitation ullamco&nbsp;<\/p><\/div><div class=\"thrv_wrapper thrv_social_custom thrv_author_follow\" data-counts=\"\" data-css=\"tve-u-172b767844c\" style=\"\">\n<div class=\"tve_social_items tve_social_custom tve_style_4 tve_social_ib\" style=\"\">\n<div class=\"tve_s_item tve_s_fb_share\" data-s=\"fb_share\" data-href=\"\" data-label=\"Share\">\n<a href=\"[thrive_author_follow_urls url='fb']\" class=\"\" target=\"_blank\"><span class=\"tve_s_icon\"><\/span><span class=\"tve_s_text\">Share<\/span><span class=\"tve_s_count\">0<\/span><\/a>\n<\/div><div class=\"tve_s_item tve_s_t_share\" data-s=\"t_share\" data-href=\"\" data-label=\"Share\">\n<a href=\"[thrive_author_follow_urls url='t']\" class=\"\" target=\"_blank\"><span class=\"tve_s_icon\"><\/span><span class=\"tve_s_text\">Share<\/span><span class=\"tve_s_count\">0<\/span><\/a>\n<\/div><div class=\"tve_s_item tve_s_in_share\" data-s=\"in_share\" data-href=\"\" data-label=\"Share\">\n<a href=\"[thrive_author_follow_urls url='in']\" class=\"\" target=\"_blank\"><span class=\"tve_s_icon\"><\/span><span class=\"tve_s_text\">Share<\/span><span class=\"tve_s_count\">0<\/span><\/a>\n<\/div>\n<\/div>\n<\/div>\n","decoration":[],"comments":[],"attr":{"class":""},"hide":1},"content":{"id":0,"content":"[thrive_breadcrumbs css='tve-u-173044faf42' enable-truncate-chars='1' separator-type='character' leaf-chars-d='80' leaf-chars-t='25' leaf-chars-m='25'][thrive_product_template upsells-align-items='left' related-align-items='left' hide-magnifier='0' hide-upsells='0' hide-related='0' related-columns='5' upsells-posts_per_page='3' upsells-columns='3' related-posts_per_page='5' hide-title='0']","decoration":[],"comments":{"labels":{"no_comments":"","reply_icon_flip":"","reply_label":""},"icons":{"submit_button":""}},"attr":{"class":""},"hide":0},"bottom":{"id":0,"content":"<div class=\"thrv_wrapper thrv-columns\" data-css=\"tve-u-172f0121a57\" style=\"\"><div class=\"tcb-flex-row v-2 m-edit tcb-mobile-wrap tcb-medium-wrap tcb-resized tcb--cols--4\" data-css=\"tve-u-172f0121a55\" style=\"\"><div class=\"tcb-flex-col\" data-css=\"tve-u-172f0121a5e\" style=\"\"><div class=\"tcb-col\"><div class=\"thrv_wrapper thrv_contentbox_shortcode thrv-content-box tve-elem-default-pad\" data-css=\"tve-u-172f04d4a7b\" style=\"\">\n<div class=\"tve-content-box-background\"><\/div>\n<div class=\"tve-cb\"><div class=\"thrv_wrapper thrv-columns\" data-css=\"tve-u-172f044b119\" style=\"\"><div class=\"tcb-flex-row v-2 tcb--cols--2 tcb-resized m-edit tcb-mobile-wrap\" data-css=\"tve-u-172f04f7b91\" style=\"\"><div class=\"tcb-flex-col c-33\" data-css=\"tve-u-172f0448dd6\" style=\"\"><div class=\"tcb-col\" style=\"\"><div class=\"tcb-clear\" data-css=\"tve-u-172f050034d\"><div class=\"thrv_wrapper thrv_icon tcb-icon-display\" data-css=\"tve-u-172f04a8abc\" style=\"\"><svg class=\"tcb-icon\" viewBox=\"0 0 640 512\" data-id=\"icon-shipping-fast-solid\" data-name=\"\">\n<path d=\"M624 352h-16V243.9c0-12.7-5.1-24.9-14.1-33.9L494 110.1c-9-9-21.2-14.1-33.9-14.1H416V48c0-26.5-21.5-48-48-48H112C85.5 0 64 21.5 64 48v48H8c-4.4 0-8 3.6-8 8v16c0 4.4 3.6 8 8 8h272c4.4 0 8 3.6 8 8v16c0 4.4-3.6 8-8 8H40c-4.4 0-8 3.6-8 8v16c0 4.4 3.6 8 8 8h208c4.4 0 8 3.6 8 8v16c0 4.4-3.6 8-8 8H8c-4.4 0-8 3.6-8 8v16c0 4.4 3.6 8 8 8h208c4.4 0 8 3.6 8 8v16c0 4.4-3.6 8-8 8H64v128c0 53 43 96 96 96s96-43 96-96h128c0 53 43 96 96 96s96-43 96-96h48c8.8 0 16-7.2 16-16v-32c0-8.8-7.2-16-16-16zM160 464c-26.5 0-48-21.5-48-48s21.5-48 48-48 48 21.5 48 48-21.5 48-48 48zm320 0c-26.5 0-48-21.5-48-48s21.5-48 48-48 48 21.5 48 48-21.5 48-48 48zm80-208H416V144h44.1l99.9 99.9V256z\"><\/path>\n<\/svg><\/div><\/div><\/div><\/div><div class=\"tcb-flex-col c-66\" data-css=\"tve-u-172f0448e00\" style=\"\"><div class=\"tcb-col\" style=\"\"><div class=\"thrv_wrapper thrv_text_element\" data-css=\"tve-u-172f03e133e\" style=\"\"><p class=\"tcb-global-text-\" data-css=\"tve-u-172f04c2dbf\" style=\"\">Free Next Day Delivery<\/p><\/div><div class=\"thrv_wrapper thrv_text_element\" data-css=\"tve-u-172f03e133e\"><p class=\"tcb-global-text-\" data-css=\"tve-u-172f03e596c\" style=\"\">7 days\/week<\/p><\/div><\/div><\/div><\/div><\/div><\/div>\n<\/div><\/div><\/div><div class=\"tcb-flex-col\" data-css=\"tve-u-172f0121a62\" style=\"\"><div class=\"tcb-col\"><div class=\"thrv_wrapper thrv_contentbox_shortcode thrv-content-box tve-elem-default-pad\" data-css=\"tve-u-172f04d4a7b\" style=\"\">\n<div class=\"tve-content-box-background\"><\/div>\n<div class=\"tve-cb\"><div class=\"thrv_wrapper thrv-columns\" data-css=\"tve-u-172f044b119\" style=\"\"><div class=\"tcb-flex-row v-2 tcb--cols--2 tcb-resized m-edit tcb-mobile-wrap\" data-css=\"tve-u-172f04f7b91\" style=\"\"><div class=\"tcb-flex-col c-33\" data-css=\"tve-u-172f0448dd6\" style=\"\"><div class=\"tcb-col\" style=\"\"><div class=\"tcb-clear\" data-css=\"tve-u-172f050034d\"><div class=\"thrv_wrapper thrv_icon tcb-icon-display\" data-css=\"tve-u-172f04a8abc\" style=\"\"><svg class=\"tcb-icon\" viewBox=\"0 0 512 512\" data-id=\"icon-medal-solid\" data-name=\"\">\n<path d=\"M223.75 130.75L154.62 15.54A31.997 31.997 0 0 0 127.18 0H16.03C3.08 0-4.5 14.57 2.92 25.18l111.27 158.96c29.72-27.77 67.52-46.83 109.56-53.39zM495.97 0H384.82c-11.24 0-21.66 5.9-27.44 15.54l-69.13 115.21c42.04 6.56 79.84 25.62 109.56 53.38L509.08 25.18C516.5 14.57 508.92 0 495.97 0zM256 160c-97.2 0-176 78.8-176 176s78.8 176 176 176 176-78.8 176-176-78.8-176-176-176zm92.52 157.26l-37.93 36.96 8.97 52.22c1.6 9.36-8.26 16.51-16.65 12.09L256 393.88l-46.9 24.65c-8.4 4.45-18.25-2.74-16.65-12.09l8.97-52.22-37.93-36.96c-6.82-6.64-3.05-18.23 6.35-19.59l52.43-7.64 23.43-47.52c2.11-4.28 6.19-6.39 10.28-6.39 4.11 0 8.22 2.14 10.33 6.39l23.43 47.52 52.43 7.64c9.4 1.36 13.17 12.95 6.35 19.59z\"><\/path>\n<\/svg><\/div><\/div><\/div><\/div><div class=\"tcb-flex-col c-66\" data-css=\"tve-u-172f0448e00\" style=\"\"><div class=\"tcb-col\" style=\"\"><div class=\"thrv_wrapper thrv_text_element\" data-css=\"tve-u-172f03e133e\" style=\"\"><p class=\"tcb-global-text-\" data-css=\"tve-u-172f04c2dbf\" style=\"\">14 years of experience<\/p><\/div><div class=\"thrv_wrapper thrv_text_element\" data-css=\"tve-u-172f03e133e\"><p class=\"tcb-global-text-\" data-css=\"tve-u-172f03e596c\" style=\"\">over 400000 customers<\/p><\/div><\/div><\/div><\/div><\/div><\/div>\n<\/div><\/div><\/div><div class=\"tcb-flex-col\" data-css=\"tve-u-172f02823f6\" style=\"\"><div class=\"tcb-col\"><div class=\"thrv_wrapper thrv_contentbox_shortcode thrv-content-box tve-elem-default-pad\" data-css=\"tve-u-172f04d338e\" style=\"\">\n<div class=\"tve-content-box-background\"><\/div>\n<div class=\"tve-cb\"><div class=\"thrv_wrapper thrv-columns\" data-css=\"tve-u-172f044b119\" style=\"\"><div class=\"tcb-flex-row v-2 tcb--cols--2 tcb-resized\" data-css=\"tve-u-172f04e38b8\" style=\"\"><div class=\"tcb-flex-col c-33\" data-css=\"tve-u-172f0448dd6\" style=\"\"><div class=\"tcb-col\" style=\"\"><div class=\"tcb-clear\" data-css=\"tve-u-172f0502711\"><div class=\"thrv_wrapper thrv_icon tcb-icon-display\" data-css=\"tve-u-172f04bd161\" style=\"\"><svg class=\"tcb-icon\" viewBox=\"0 0 512 512\" data-id=\"icon-shield-check-solid\" data-name=\"\">\n<path d=\"M466.5 83.7l-192-80a48.15 48.15 0 0 0-36.9 0l-192 80C27.7 91.1 16 108.6 16 128c0 198.5 114.5 335.7 221.5 380.3 11.8 4.9 25.1 4.9 36.9 0C360.1 472.6 496 349.3 496 128c0-19.4-11.7-36.9-29.5-44.3zm-47.2 114.2l-184 184c-6.2 6.2-16.4 6.2-22.6 0l-104-104c-6.2-6.2-6.2-16.4 0-22.6l22.6-22.6c6.2-6.2 16.4-6.2 22.6 0l70.1 70.1 150.1-150.1c6.2-6.2 16.4-6.2 22.6 0l22.6 22.6c6.3 6.3 6.3 16.4 0 22.6z\"><\/path>\n<\/svg><\/div><\/div><\/div><\/div><div class=\"tcb-flex-col c-66\" data-css=\"tve-u-172f0448e00\" style=\"\"><div class=\"tcb-col\" style=\"\"><div class=\"thrv_wrapper thrv_text_element\" data-css=\"tve-u-172f03e133e\" style=\"\"><p class=\"tcb-global-text-\" data-css=\"tve-u-172f04c38b5\" style=\"\">100% secure checkout<\/p><\/div><div class=\"thrv_wrapper thrv_text_element\" data-css=\"tve-u-172f03e133e\"><p class=\"tcb-global-text-\" data-css=\"tve-u-172f03e596c\" style=\"\">over 400000 customers<\/p><\/div><\/div><\/div><\/div><\/div><\/div>\n<\/div><\/div><\/div><div class=\"tcb-flex-col\" style=\"\" data-css=\"tve-u-172f051dfbb\"><div class=\"tcb-col\"><div class=\"thrv_wrapper thrv_contentbox_shortcode thrv-content-box tve-elem-default-pad\" data-css=\"tve-u-172f04c6682\" style=\"\">\n<div class=\"tve-content-box-background\"><\/div>\n<div class=\"tve-cb\"><div class=\"thrv_wrapper thrv-columns\" data-css=\"tve-u-172f044b119\" style=\"\"><div class=\"tcb-flex-row v-2 tcb--cols--2 tcb-resized\" data-css=\"tve-u-172f044ae30\" style=\"\"><div class=\"tcb-flex-col c-33\" data-css=\"tve-u-172f0448dd6\" style=\"\"><div class=\"tcb-col\" style=\"\"><div class=\"tcb-clear\" data-css=\"tve-u-172f050323b\"><div class=\"thrv_wrapper thrv_icon tcb-icon-display\" data-css=\"tve-u-172f0349550\" style=\"\"><svg class=\"tcb-icon\" viewBox=\"0 0 384 512\" data-id=\"icon-person-carry-solid\" data-name=\"\">\n<path d=\"M0 479.9c0 17.7 14.3 32 32 32s32-14.3 32-32v-74.5C48 391.7.6 350.8 0 350.3v129.6zM368 96H208c-8.8 0-16 7.2-16 16v112h-25.4l-33.3-61.8c-11.1-21.1-32.8-34.2-56.6-34.2H48c-26.5 0-48 21.5-48 48v103c0 18.7 8.2 36.4 22.4 48.6l76 65.1 14.1 92.5c1 5.7 10.1 30.7 36.8 26.3 17.4-2.9 29.2-19.4 26.3-36.8l-14.1-92.5c-2.5-14.8-10.1-28.3-21.5-38.1l-44-37.7v-78.3l32 59.9h240c8.8 0 16-7.2 16-16V112c0-8.9-7.2-16-16-16zM80 96c26.5 0 48-21.5 48-48S106.5 0 80 0 32 21.5 32 48s21.5 48 48 48z\"><\/path>\n<\/svg><\/div><\/div><\/div><\/div><div class=\"tcb-flex-col c-66\" data-css=\"tve-u-172f0448e00\" style=\"\"><div class=\"tcb-col\" style=\"\"><div class=\"thrv_wrapper thrv_text_element\" data-css=\"tve-u-172f03e133e\" style=\"\"><p class=\"tcb-global-text-\" data-css=\"tve-u-172f03d7ad8\" style=\"\">Genuine local stock<\/p><\/div><div class=\"thrv_wrapper thrv_text_element\" data-css=\"tve-u-172f03e133e\"><p class=\"tcb-global-text-\" data-css=\"tve-u-172f03e596c\" style=\"\">verified sources<\/p><\/div><\/div><\/div><\/div><\/div><\/div>\n<\/div><\/div><\/div><\/div><\/div>","decoration":[],"comments":[],"attr":{"class":""},"hide":0},"header":{"id":"4ea06fbc83cdd0a06020c35d50e1e89a","hide":0},"footer":{"id":"9fd81843ad7f202f26c1a174c7357585","hide":0}},"icons":[],"style":{"css":{"(min-width: 300px)":".tve-theme-__template_id__ #wrapper { --header-background-width:100%; --footer-background-width:100%; --top-background-width:100%; --bottom-background-width:100%; }.tve-theme-__template_id__ .content-section .section-content { padding: 20px 10px 0px !important; }.tve-theme-__template_id__ .main-container { padding: 10px !important; }.tve-theme-__template_id__ .content-section [data-css=\"tve-u-173044faf42\"] .thrive-breadcrumb-path a { font-size: var(--tve-font-size, 11px)  !important; text-transform: var(--tve-text-transform, none)  !important; font-weight: var(--tve-font-weight, var(--g-regular-weight, normal) )  !important; letter-spacing: var(--tve-letter-spacing, 2px)  !important; }.tve-theme-__template_id__ .content-section [data-css=\"tve-u-173044faf42\"] .thrive-breadcrumb-path { --tve-font-size:11px; --tve-text-transform:none; --tve-font-weight:var(--g-regular-weight, normal) ; --tve-letter-spacing:2px; }.tve-theme-__template_id__ .content-section [data-css=\"tve-u-173044faf42\"] .thrive-breadcrumb-leaf span { font-size: var(--tve-font-size, 11px)  !important; text-transform: var(--tve-text-transform, none)  !important; letter-spacing: var(--tve-letter-spacing, 2px)  !important; }.tve-theme-__template_id__ .content-section [data-css=\"tve-u-173044faf42\"] .thrive-breadcrumb-leaf { --tve-font-size:11px; --tve-text-transform:none; --tve-letter-spacing:2px; }:not(#tve) .tve-theme-__template_id__ .content-section [data-css=\"tve-u-173044faf42\"] .thrive-breadcrumb-separator { font-size: 11px !important; width: 11px !important; height: 11px !important; }.tve-theme-__template_id__ .content-section [data-css=\"tve-u-173044faf42\"] { padding-bottom: 0px !important; margin-bottom: -13px !important; }.tve-theme-__template_id__ .sidebar-section .section-background { border: medium none; background-color: transparent !important; background-image: none !important; }.tve-theme-__template_id__ .sidebar-section .section-content { text-align: center; padding: 20px 10px !important; }.tve-theme-__template_id__ .sidebar-section { margin: 0px !important; }.tve-theme-__template_id__ .sidebar-section [data-css=\"tve-u-1725ba1e54e\"] { border-radius: 0px; overflow: hidden; background-color: var(--tcb-skin-color-0)  !important; background-image: linear-gradient(rgba(255, 255, 255, 0.86), rgba(255, 255, 255, 0.86)), url(\"{{img=495ef249cfa76a702da5ff12400d86f0}}\") !important; border: none !important; background-size: auto, cover !important; background-position: 50% 50%, 50% 50% !important; background-attachment: scroll, scroll !important; background-repeat: no-repeat, no-repeat !important; }.tve-theme-__template_id__ .sidebar-section [data-css=\"tve-u-1725ba26717\"] { min-height: 300px !important; }.tve-theme-__template_id__ .sidebar-section [data-css=\"tve-u-1725bac5eae\"] { padding: 20px !important; margin-bottom: 40px !important; margin-top: 40px !important; }.tve-theme-__template_id__ .sidebar-section [data-css=\"tve-u-17299e2a9f4\"] { border-radius: 0px; overflow: hidden; background-image: linear-gradient(rgba(255, 255, 255, 0.58), rgba(255, 255, 255, 0.58)), url(\"{{img=c527601f9454555cb914fec91805adab}}\") !important; background-size: auto, cover !important; background-position: 50% 50%, 50% 50% !important; background-attachment: scroll, scroll !important; background-repeat: no-repeat, no-repeat !important; background-color: rgb(255, 255, 255) !important; }.tve-theme-__template_id__ .sidebar-section [data-css=\"tve-u-17299e35340\"] { min-height: 350px !important; }.tve-theme-__template_id__ .sidebar-section [data-css=\"tve-u-17299e48a73\"] > .tve-cb { display: flex; justify-content: center; flex-direction: column; }.tve-theme-__template_id__ .sidebar-section [data-css=\"tve-u-17299e48a73\"] { margin-bottom: 40px !important; margin-top: 0px !important; padding-top: 20px !important; }.tve-theme-__template_id__ .sidebar-section [data-css=\"tve-u-1729f03f1b4\"] { top: 0px; left: 0px; overflow: hidden; padding: 1px !important; border-top: none !important; border-right: 1px solid rgba(255, 255, 255, 0.2) !important; border-bottom: 1px solid rgba(255, 255, 255, 0.2) !important; border-left: 1px solid rgba(255, 255, 255, 0.2) !important; border-image: initial !important; background-color: transparent !important; margin-bottom: 20px !important; background-image: none !important; border-radius: 0px !important; }.tve-theme-__template_id__ .sidebar-section [data-css=\"tve-u-172b75dd6ca\"] { margin-bottom: 20px !important; padding: 0px !important; border: none !important; }:not(#tve) .tve-theme-__template_id__ .sidebar-section [data-css=\"tve-u-172b76407f7\"] { letter-spacing: 1px; padding-bottom: 0px !important; margin-bottom: 0px !important; font-size: 14px !important; font-weight: var(--g-regular-weight, normal)  !important; }:not(#tve) .tve-theme-__template_id__ .sidebar-section [data-css=\"tve-u-172b76497d1\"] { padding-bottom: 0px !important; margin-bottom: 0px !important; font-weight: var(--g-regular-weight, normal)  !important; color: var(--tcb-skin-color-3)  !important; --tcb-applied-color:var$(--tcb-skin-color-3)  !important; }:not(#tve) .tve-theme-__template_id__ .sidebar-section [data-css=\"tve-u-172b7671fb8\"] { letter-spacing: 1px; padding-bottom: 0px !important; margin-bottom: 0px !important; font-size: 14px !important; font-weight: var(--g-bold-weight, bold)  !important; background-color: transparent !important; color: var(--tcb-skin-color-3)  !important; --tcb-applied-color:var$(--tcb-skin-color-3)  !important; }.tve-theme-__template_id__ .sidebar-section [data-css=\"tve-u-172b767844c\"] .tve_social_items { font-size: 10px !important; }.tve-theme-__template_id__ .sidebar-section [data-css=\"tve-u-172b767844c\"] { float: none; margin: 0px auto !important; }.tve-theme-__template_id__ .sidebar-section [data-css=\"tve-u-172b767af6c\"] { margin-bottom: 20px !important; }.tve-theme-__template_id__ .sidebar-section [data-css=\"tve-u-172b795acfa\"] { padding: 12px !important; margin-bottom: 8px !important; margin-top: 0px !important; }.tve-theme-__template_id__ .sidebar-section [data-css=\"tve-u-172b796bfd4\"] { background-color: transparent !important; border-top: none !important; border-right: none !important; border-bottom: 1px solid rgba(0, 0, 0, 0.06) !important; border-left: none !important; border-image: initial !important; background-image: none !important; }:not(#tve) .tve-theme-__template_id__ .sidebar-section .thrv-content-box [data-css=\"tve-u-172b796cc0a\"] p, :not(#tve) .tve-theme-__template_id__ .sidebar-section .thrv-content-box [data-css=\"tve-u-172b796cc0a\"] li, :not(#tve) .tve-theme-__template_id__ .sidebar-section .thrv-content-box [data-css=\"tve-u-172b796cc0a\"] blockquote, :not(#tve) .tve-theme-__template_id__ .sidebar-section .thrv-content-box [data-css=\"tve-u-172b796cc0a\"] address, :not(#tve) .tve-theme-__template_id__ .sidebar-section .thrv-content-box [data-css=\"tve-u-172b796cc0a\"] .tcb-plain-text, :not(#tve) .tve-theme-__template_id__ .sidebar-section .thrv-content-box [data-css=\"tve-u-172b796cc0a\"] label, :not(#tve) .tve-theme-__template_id__ .sidebar-section .thrv-content-box [data-css=\"tve-u-172b796cc0a\"] h1, :not(#tve) .tve-theme-__template_id__ .sidebar-section .thrv-content-box [data-css=\"tve-u-172b796cc0a\"] h2, :not(#tve) .tve-theme-__template_id__ .sidebar-section .thrv-content-box [data-css=\"tve-u-172b796cc0a\"] h3, :not(#tve) .tve-theme-__template_id__ .sidebar-section .thrv-content-box [data-css=\"tve-u-172b796cc0a\"] h4, :not(#tve) .tve-theme-__template_id__ .sidebar-section .thrv-content-box [data-css=\"tve-u-172b796cc0a\"] h5, :not(#tve) .tve-theme-__template_id__ .sidebar-section .thrv-content-box [data-css=\"tve-u-172b796cc0a\"] h6 { color: var(--tve-color, var(--tcb-skin-color-3)); --tcb-applied-color:var$(--tcb-skin-color-3); }.tve-theme-__template_id__ .sidebar-section [data-css=\"tve-u-172b796cc0a\"] { --tve-color:var(--tcb-skin-color-3); --tve-font-size:11px; --tve-line-height:1.4em; text-align: left; }:not(#tve) .tve-theme-__template_id__ .sidebar-section .thrv-content-box [data-css=\"tve-u-172b796cc0a\"] p, :not(#tve) .tve-theme-__template_id__ .sidebar-section .thrv-content-box [data-css=\"tve-u-172b796cc0a\"] li, :not(#tve) .tve-theme-__template_id__ .sidebar-section .thrv-content-box [data-css=\"tve-u-172b796cc0a\"] blockquote, :not(#tve) .tve-theme-__template_id__ .sidebar-section .thrv-content-box [data-css=\"tve-u-172b796cc0a\"] address, :not(#tve) .tve-theme-__template_id__ .sidebar-section .thrv-content-box [data-css=\"tve-u-172b796cc0a\"] .tcb-plain-text, :not(#tve) .tve-theme-__template_id__ .sidebar-section .thrv-content-box [data-css=\"tve-u-172b796cc0a\"] label { font-size: var(--tve-font-size, 11px); line-height: var(--tve-line-height, 1.4em); }:not(#tve) .tve-theme-__template_id__ .sidebar-section [data-css=\"tve-u-172b7ae0f29\"] { letter-spacing: 1px; padding-bottom: 0px !important; margin-bottom: 0px !important; font-size: 11px !important; text-transform: capitalize !important; font-weight: var(--g-bold-weight, bold)  !important; line-height: 1.4em !important; }.tve-theme-__template_id__ .sidebar-section [data-css=\"tve-u-172b7ca12b5\"] { font-size: 22px; width: 22px; height: 22px; border-radius: 0px; overflow: hidden; border: none; float: none; z-index: 3; position: relative; padding: 1px !important; margin: 0px auto 4px !important; background-color: transparent !important; }:not(#tve) .tve-theme-__template_id__ .sidebar-section [data-css=\"tve-u-172b7ca12b5\"] > :first-child { color: var(--tcb-skin-color-3); }:not(#tve) .tve-theme-__template_id__ .sidebar-section [data-css=\"tve-u-172b7e61433\"] { padding-bottom: 0px !important; margin-bottom: 0px !important; }:not(#tve) .tve-theme-__template_id__ .sidebar-section [data-css=\"tve-u-172b7e67c6b\"] { padding-bottom: 0px !important; margin-bottom: 0px !important; font-size: 44px !important; font-weight: var(--g-bold-weight, bold)  !important; line-height: 1.1em !important; color: var(--tcb-skin-color-18)  !important; --tcb-applied-color:var$(--tcb-skin-color-18)  !important; }.tve-theme-__template_id__ .sidebar-section [data-css=\"tve-u-172b7e77368\"] { width: 117px; position: absolute; top: 34px; right: 0px; margin-top: 0px !important; margin-bottom: 0px !important; }.tve-theme-__template_id__ .sidebar-section [data-css=\"tve-u-172b7e7f1ec\"] { margin-top: 20px !important; margin-bottom: 0px !important; }:not(#tve) .tve-theme-__template_id__ .sidebar-section [data-css=\"tve-u-172b7e89de8\"] input, :not(#tve) .tve-theme-__template_id__ .sidebar-section [data-css=\"tve-u-172b7e89de8\"] select, :not(#tve) .tve-theme-__template_id__ .sidebar-section [data-css=\"tve-u-172b7e89de8\"] textarea { border-radius: 0px; overflow: hidden; border-top: none; border-right: none; border-bottom: 1px solid rgba(255, 255, 255, 0.3); border-left: none; border-image: initial; background-color: rgb(255, 255, 255) !important; padding: 20px !important; margin-top: 0px !important; margin-bottom: 10px !important; }:not(#tve) .tve-theme-__template_id__ .sidebar-section [data-css=\"tve-u-172b7e89de8\"] input, :not(#tve) .tve-theme-__template_id__ .sidebar-section [data-css=\"tve-u-172b7e89de8\"] select, :not(#tve) .tve-theme-__template_id__ .sidebar-section [data-css=\"tve-u-172b7e89de8\"] textarea, :not(#tve) .tve-theme-__template_id__ .sidebar-section [data-css=\"tve-u-172b7e89de8\"] ::placeholder { --tcb-applied-color:var$(--tcb-skin-color-3); text-align: center; font-size: var(--tve-font-size, 12px); letter-spacing: var(--tve-letter-spacing, 2px); color: var(--tve-color, var(--tcb-skin-color-3))  !important; }.tve-theme-__template_id__ .sidebar-section [data-css=\"tve-u-172b7e89de8\"] { --tve-color:var(--tcb-skin-color-3); --tve-font-size:12px; --tve-letter-spacing:2px; }.tve-theme-__template_id__ .sidebar-section [data-css=\"tve-u-172b7f46a9b\"] { max-width: 22.1%; }.tve-theme-__template_id__ .sidebar-section [data-css=\"tve-u-172b7f46ae4\"] { max-width: 77.9%; }.tve-theme-__template_id__ .sidebar-section [data-css=\"tve-u-172b7f47c1c\"] { padding: 0px !important; }.tve-theme-__template_id__ .sidebar-section [data-css=\"tve-u-172b7f47fad\"] { margin: 0px !important; }.tve-theme-__template_id__ .sidebar-section [data-css=\"tve-u-172b7f47c1c\"] > .tcb-flex-col > .tcb-col { justify-content: center; }.tve-theme-__template_id__ .sidebar-section [data-css=\"tve-u-172b807f08b\"] { padding: 12px !important; margin-bottom: 8px !important; margin-top: 0px !important; }.tve-theme-__template_id__ .sidebar-section [data-css=\"tve-u-172b80c85b7\"] { margin-bottom: 22px !important; }.tve-theme-__template_id__ .sidebar-section [data-css=\"tve-u-172b80e7163\"] { font-size: 22px; width: 22px; height: 22px; border-radius: 0px; overflow: hidden; border: none; float: none; z-index: 3; position: relative; padding: 1px !important; margin: 0px auto 4px !important; background-color: transparent !important; }:not(#tve) .tve-theme-__template_id__ .sidebar-section [data-css=\"tve-u-172b80e7163\"] > :first-child { color: var(--tcb-skin-color-3); }.tve-theme-__template_id__ .sidebar-section [data-css=\"tve-u-172b80e7ca1\"] { font-size: 22px; width: 22px; height: 22px; border-radius: 0px; overflow: hidden; border: none; float: none; z-index: 3; position: relative; padding: 1px !important; margin: 0px auto 4px !important; background-color: transparent !important; }:not(#tve) .tve-theme-__template_id__ .sidebar-section [data-css=\"tve-u-172b80e7ca1\"] > :first-child { color: var(--tcb-skin-color-3); }.tve-theme-__template_id__ .sidebar-section [data-css=\"tve-u-172b80e88dd\"] { font-size: 22px; width: 22px; height: 22px; border-radius: 0px; overflow: hidden; border: none; float: none; z-index: 3; position: relative; padding: 1px !important; margin: 0px auto 4px !important; background-color: transparent !important; }:not(#tve) .tve-theme-__template_id__ .sidebar-section [data-css=\"tve-u-172b80e88dd\"] > :first-child { color: var(--tcb-skin-color-3); }.tve-theme-__template_id__ .sidebar-section [data-css=\"tve-u-172b80eb02b\"] { max-width: 22.3%; }.tve-theme-__template_id__ .sidebar-section [data-css=\"tve-u-172b80eb02e\"] { max-width: 77.7%; }.tve-theme-__template_id__ .sidebar-section [data-css=\"tve-u-172b80eb868\"] { margin-top: 0px !important; margin-bottom: 0px !important; }.tve-theme-__template_id__ .sidebar-section [data-css=\"tve-u-172b80ec7d4\"] { max-width: 22.1%; }.tve-theme-__template_id__ .sidebar-section [data-css=\"tve-u-172b80ec7d8\"] { max-width: 77.9%; }.tve-theme-__template_id__ .sidebar-section [data-css=\"tve-u-172b811e07d\"] { padding: 0px !important; }.tve-theme-__template_id__ .sidebar-section [data-css=\"tve-u-172b811e07d\"] > .tcb-flex-col > .tcb-col { justify-content: center; }.tve-theme-__template_id__ .sidebar-section [data-css=\"tve-u-172b811fbfb\"] { padding: 0px !important; }.tve-theme-__template_id__ .sidebar-section [data-css=\"tve-u-172b811fbfb\"] > .tcb-flex-col > .tcb-col { justify-content: center; }.tve-theme-__template_id__ .sidebar-section [data-css=\"tve-u-172b8121103\"] { padding: 0px !important; }.tve-theme-__template_id__ .sidebar-section [data-css=\"tve-u-172b8121103\"] > .tcb-flex-col > .tcb-col { justify-content: center; }:not(#tve) .tve-theme-__template_id__ .sidebar-section :not(#tve) [data-css=\"tve-u-172b7e89de8\"]:hover input, :not(#tve) .tve-theme-__template_id__ .sidebar-section :not(#tve) [data-css=\"tve-u-172b7e89de8\"]:hover select, :not(#tve) .tve-theme-__template_id__ .sidebar-section :not(#tve) [data-css=\"tve-u-172b7e89de8\"]:hover textarea { background-color: rgba(255, 255, 255, 0.9) !important; }:not(#tve) .tve-theme-__template_id__ .sidebar-section [data-css=\"tve-u-172b82bbf64\"] { letter-spacing: 2px; padding-bottom: 0px !important; margin-bottom: 0px !important; line-height: 1.5em !important; font-size: 9px !important; text-transform: uppercase !important; }:not(#tve) .tve-theme-__template_id__ .sidebar-section [data-css=\"tve-u-172b82bbf67\"] { padding-bottom: 0px !important; margin-bottom: 0px !important; line-height: 1.5em !important; font-size: 29px !important; text-transform: uppercase !important; color: var(--tcb-skin-color-13)  !important; --tcb-applied-color:var$(--tcb-skin-color-13)  !important; }.tve-theme-__template_id__ .sidebar-section [data-css=\"tve-u-172b82c3483\"] .tcb-button-link { border-radius: 100px; overflow: hidden; letter-spacing: var(--tve-letter-spacing, 2px); background-color: var(--tcb-local-color-9bd08)  !important; padding: 18px 22px !important; }:not(#tve) .tve-theme-__template_id__ .sidebar-section [data-css=\"tve-u-172b82c3483\"] .tcb-button-link { font-size: var(--tve-font-size, 16px)  !important; }.tve-theme-__template_id__ .sidebar-section [data-css=\"tve-u-172b82c3483\"] { --tve-font-size:16px; --tve-font-weight:var(--g-bold-weight, bold); --tve-letter-spacing:2px; --tcb-local-color-1bda9:rgb(19, 114, 211); --tve-color:rgb(255, 255, 255); float: none; --tcb-local-color-9bd08:var(--tcb-skin-color-0)  !important; margin: 0px auto !important; }:not(#tve) .tve-theme-__template_id__ .sidebar-section [data-css=\"tve-u-172b82c3483\"] .tcb-button-link span { font-weight: var(--tve-font-weight, var(--g-bold-weight, bold)); color: var(--tve-color, rgb(255, 255, 255)); --tcb-applied-color:rgb(255, 255, 255); }:not(#tve) .tve-theme-__template_id__ .sidebar-section [data-css=\"tve-u-172b82c3483\"]:hover .tcb-button-link { background-color: var(--tcb-local-color-9bd08)  !important; background-image: linear-gradient(rgba(255, 255, 255, 0.06), rgba(255, 255, 255, 0.06)) !important; background-size: auto !important; background-position: 50% 50% !important; background-attachment: scroll !important; background-repeat: no-repeat !important; }.tve-theme-__template_id__ .sidebar-section [data-css=\"tve-u-172b82d4946\"] { font-size: 20px; margin-left: auto; margin-right: auto; width: 20px; height: 20px; box-shadow: 0px 7px 15px 0px var(--tcb-skin-color-19); border-radius: 53px; overflow: hidden; margin-top: 0px !important; margin-bottom: 20px !important; padding: 20px !important; background-color: rgb(255, 255, 255) !important; }:not(#tve) .tve-theme-__template_id__ .sidebar-section [data-css=\"tve-u-172b82d4946\"] > :first-child { color: var(--tcb-skin-color-18); }:not(#tve) .tve-theme-__template_id__ .sidebar-section [data-css=\"tve-u-172b82ea868\"] { padding-bottom: 0px !important; margin-bottom: 0px !important; color: var(--tcb-skin-color-3)  !important; --tcb-applied-color:var$(--tcb-skin-color-3)  !important; }.tve-theme-__template_id__ .sidebar-section [data-css=\"tve-u-172b844d989\"] { background-color: transparent !important; border-top: none !important; border-right: none !important; border-bottom: 1px solid rgba(0, 0, 0, 0.06) !important; border-left: none !important; border-image: initial !important; background-image: none !important; }.tve-theme-__template_id__ .sidebar-section [data-css=\"tve-u-172b845fabb\"] { background-color: transparent !important; border-top: none !important; border-right: none !important; border-bottom: 1px solid rgba(0, 0, 0, 0.06) !important; border-left: none !important; border-image: initial !important; background-image: none !important; }.tve-theme-__template_id__ .sidebar-section [data-css=\"tve-u-172b846645f\"] { background-color: transparent !important; border-top: none !important; border-right: none !important; border-bottom: 1px solid rgba(0, 0, 0, 0.06) !important; border-left: none !important; border-image: initial !important; background-image: none !important; }:not(#tve) .tve-theme-__template_id__ .sidebar-section .thrv-content-box [data-css=\"tve-u-172b846ec4c\"] p, :not(#tve) .tve-theme-__template_id__ .sidebar-section .thrv-content-box [data-css=\"tve-u-172b846ec4c\"] li, :not(#tve) .tve-theme-__template_id__ .sidebar-section .thrv-content-box [data-css=\"tve-u-172b846ec4c\"] blockquote, :not(#tve) .tve-theme-__template_id__ .sidebar-section .thrv-content-box [data-css=\"tve-u-172b846ec4c\"] address, :not(#tve) .tve-theme-__template_id__ .sidebar-section .thrv-content-box [data-css=\"tve-u-172b846ec4c\"] .tcb-plain-text, :not(#tve) .tve-theme-__template_id__ .sidebar-section .thrv-content-box [data-css=\"tve-u-172b846ec4c\"] label, :not(#tve) .tve-theme-__template_id__ .sidebar-section .thrv-content-box [data-css=\"tve-u-172b846ec4c\"] h1, :not(#tve) .tve-theme-__template_id__ .sidebar-section .thrv-content-box [data-css=\"tve-u-172b846ec4c\"] h2, :not(#tve) .tve-theme-__template_id__ .sidebar-section .thrv-content-box [data-css=\"tve-u-172b846ec4c\"] h3, :not(#tve) .tve-theme-__template_id__ .sidebar-section .thrv-content-box [data-css=\"tve-u-172b846ec4c\"] h4, :not(#tve) .tve-theme-__template_id__ .sidebar-section .thrv-content-box [data-css=\"tve-u-172b846ec4c\"] h5, :not(#tve) .tve-theme-__template_id__ .sidebar-section .thrv-content-box [data-css=\"tve-u-172b846ec4c\"] h6 { color: var(--tve-color, var(--tcb-skin-color-3)); --tcb-applied-color:var$(--tcb-skin-color-3); }.tve-theme-__template_id__ .sidebar-section [data-css=\"tve-u-172b846ec4c\"] { --tve-color:var(--tcb-skin-color-3); --tve-font-size:11px; --tve-line-height:1.4em; text-align: left; --tve-text-transform:uppercase; }:not(#tve) .tve-theme-__template_id__ .sidebar-section .thrv-content-box [data-css=\"tve-u-172b846ec4c\"] p, :not(#tve) .tve-theme-__template_id__ .sidebar-section .thrv-content-box [data-css=\"tve-u-172b846ec4c\"] li, :not(#tve) .tve-theme-__template_id__ .sidebar-section .thrv-content-box [data-css=\"tve-u-172b846ec4c\"] blockquote, :not(#tve) .tve-theme-__template_id__ .sidebar-section .thrv-content-box [data-css=\"tve-u-172b846ec4c\"] address, :not(#tve) .tve-theme-__template_id__ .sidebar-section .thrv-content-box [data-css=\"tve-u-172b846ec4c\"] .tcb-plain-text, :not(#tve) .tve-theme-__template_id__ .sidebar-section .thrv-content-box [data-css=\"tve-u-172b846ec4c\"] label { font-size: var(--tve-font-size, 11px); line-height: var(--tve-line-height, 1.4em); }:not(#tve) .tve-theme-__template_id__ .sidebar-section [data-css=\"tve-u-172b846ec4c\"] p, :not(#tve) .tve-theme-__template_id__ .sidebar-section [data-css=\"tve-u-172b846ec4c\"] li, :not(#tve) .tve-theme-__template_id__ .sidebar-section [data-css=\"tve-u-172b846ec4c\"] blockquote, :not(#tve) .tve-theme-__template_id__ .sidebar-section [data-css=\"tve-u-172b846ec4c\"] address, :not(#tve) .tve-theme-__template_id__ .sidebar-section [data-css=\"tve-u-172b846ec4c\"] .tcb-plain-text, :not(#tve) .tve-theme-__template_id__ .sidebar-section [data-css=\"tve-u-172b846ec4c\"] label, :not(#tve) .tve-theme-__template_id__ .sidebar-section [data-css=\"tve-u-172b846ec4c\"] h1, :not(#tve) .tve-theme-__template_id__ .sidebar-section [data-css=\"tve-u-172b846ec4c\"] h2, :not(#tve) .tve-theme-__template_id__ .sidebar-section [data-css=\"tve-u-172b846ec4c\"] h3, :not(#tve) .tve-theme-__template_id__ .sidebar-section [data-css=\"tve-u-172b846ec4c\"] h4, :not(#tve) .tve-theme-__template_id__ .sidebar-section [data-css=\"tve-u-172b846ec4c\"] h5, :not(#tve) .tve-theme-__template_id__ .sidebar-section [data-css=\"tve-u-172b846ec4c\"] h6 { text-transform: var(--tve-text-transform, uppercase); }:not(#tve) .tve-theme-__template_id__ .sidebar-section [data-css=\"tve-u-172b8471547\"] { letter-spacing: 1px; padding-bottom: 0px !important; margin-bottom: 0px !important; font-weight: var(--g-bold-weight, bold)  !important; text-transform: capitalize !important; }.tve-theme-__template_id__ .sidebar-section [data-css=\"tve-u-172b8473d8f\"] { max-width: 22.1%; }.tve-theme-__template_id__ .sidebar-section [data-css=\"tve-u-172b8473d92\"] { max-width: 77.9%; }.tve-theme-__template_id__ .sidebar-section [data-css=\"tve-u-172b84c4df1\"] { width: 1000px; }.tve-theme-__template_id__ .sidebar-section [data-css=\"tve-u-172b7e77368\"] img { filter: grayscale(0%) blur(0px) brightness(100%) sepia(0%) invert(100%) saturate(100%) contrast(100%) hue-rotate(0deg); opacity: 0.2; }.tve-theme-__template_id__ .sidebar-section [data-css=\"tve-u-172b8587465\"] { float: none; max-width: 124px; margin-left: auto !important; margin-right: auto !important; z-index: 8 !important; margin-bottom: 30px !important; }:not(#tve) .tve-theme-__template_id__ .sidebar-section :not(#tve) [data-css=\"tve-u-172b7e89de8\"]:hover input, :not(#tve) .tve-theme-__template_id__ .sidebar-section :not(#tve) [data-css=\"tve-u-172b7e89de8\"]:hover select, :not(#tve) .tve-theme-__template_id__ .sidebar-section :not(#tve) [data-css=\"tve-u-172b7e89de8\"]:hover textarea, :not(#tve) .tve-theme-__template_id__ .sidebar-section :not(#tve) [data-css=\"tve-u-172b7e89de8\"]:hover ::placeholder { color: var(--tve-color, var(--tcb-skin-color-3))  !important; --tcb-applied-color:var$(--tcb-skin-color-3)  !important; }:not(#tve) .tve-theme-__template_id__ .sidebar-section [data-css=\"tve-u-172b7e89de8\"]:hover { --tve-color:var(--tcb-skin-color-3)  !important; }.tve-theme-__template_id__ .sidebar-section [data-css=\"tve-u-172b8598fb7\"] .tcb-button-link { border-radius: 100px; overflow: hidden; letter-spacing: var(--tve-letter-spacing, 2px); background-color: var(--tcb-local-color-9bd08)  !important; padding: 16px !important; }:not(#tve) .tve-theme-__template_id__ .sidebar-section [data-css=\"tve-u-172b8598fb7\"] .tcb-button-link { font-size: var(--tve-font-size, 11px)  !important; }.tve-theme-__template_id__ .sidebar-section [data-css=\"tve-u-172b8598fb7\"] { --tve-font-size:11px; --tve-font-weight:var(--g-bold-weight, bold); --tve-letter-spacing:2px; --tcb-local-color-1bda9:rgb(19, 114, 211); --tve-color:rgb(255, 255, 255); float: none; --tve-text-transform:uppercase; --tcb-local-color-9bd08:var(--tcb-skin-color-0)  !important; margin: 0px auto !important; }:not(#tve) .tve-theme-__template_id__ .sidebar-section [data-css=\"tve-u-172b8598fb7\"] .tcb-button-link span { font-weight: var(--tve-font-weight, var(--g-bold-weight, bold)); color: var(--tve-color, rgb(255, 255, 255)); --tcb-applied-color:rgb(255, 255, 255); text-transform: var(--tve-text-transform, uppercase); }:not(#tve) .tve-theme-__template_id__ .sidebar-section [data-css=\"tve-u-172b8598fb7\"]:hover .tcb-button-link { background-color: var(--tcb-local-color-9bd08)  !important; background-image: linear-gradient(rgba(255, 255, 255, 0.06), rgba(255, 255, 255, 0.06)) !important; background-size: auto !important; background-position: 50% 50% !important; background-attachment: scroll !important; background-repeat: no-repeat !important; }.tve-theme-__template_id__ .sidebar-section [data-css=\"tve-u-1725bac5eae\"] > .tve-cb { justify-content: center; display: flex; flex-direction: column; }.tve-theme-__template_id__ .sidebar-section [data-css=\"tve-u-17300a709f7\"] { margin: 0px !important; }.tve-theme-__template_id__ .sidebar-section [data-css=\"tve-u-17300a72740\"] { margin: 0px !important; }.tve-theme-__template_id__ .sidebar-section [data-css=\"tve-u-17300a79b1e\"] { padding: 12px !important; margin-bottom: 8px !important; margin-top: 0px !important; }.tve-theme-__template_id__ .bottom-section .section-background { background-color: var(--tcb-skin-color-2)  !important; background-image: none !important; }.tve-theme-__template_id__ .bottom-section .section-content { justify-content: center; display: flex; flex-direction: column; min-height: 130px !important; padding: 20px !important; }.tve-theme-__template_id__ .bottom-section [data-css=\"tve-u-172f0121a55\"] { margin-left: -20px; padding: 0px !important; }.tve-theme-__template_id__ .bottom-section [data-css=\"tve-u-172f0121a57\"] { margin-top: 0px !important; margin-bottom: 0px !important; background-color: transparent !important; }.tve-theme-__template_id__ .bottom-section [data-css=\"tve-u-172f0121a5e\"] { max-width: 25.1%; }.tve-theme-__template_id__ .bottom-section [data-css=\"tve-u-172f0121a62\"] { max-width: 24.9%; }.tve-theme-__template_id__ .bottom-section [data-css=\"tve-u-172f02823f6\"] { max-width: 25%; }.tve-theme-__template_id__ .bottom-section [data-css=\"tve-u-172f0349550\"] { font-size: 34px; width: 34px; height: 34px; border-radius: 0px; overflow: hidden; border: none; padding: 1px !important; margin-top: 0px !important; margin-bottom: 0px !important; background-color: transparent !important; }:not(#tve) .tve-theme-__template_id__ .bottom-section [data-css=\"tve-u-172f0349550\"] > :first-child { color: var(--tcb-skin-color-0); }:not(#tve) .tve-theme-__template_id__ .bottom-section [data-css=\"tve-u-172f03d7ad8\"] { letter-spacing: 0px; padding-bottom: 0px !important; margin-bottom: 0px !important; text-transform: capitalize !important; font-size: 16px !important; color: var(--tcb-skin-color-4)  !important; --tcb-applied-color:var$(--tcb-skin-color-4)  !important; font-weight: var(--g-bold-weight, bold)  !important; line-height: 1.6em !important; }.tve-theme-__template_id__ .bottom-section [data-css=\"tve-u-172f03e133e\"] { position: relative !important; padding: 0px !important; }:not(#tve) .tve-theme-__template_id__ .bottom-section [data-css=\"tve-u-172f03e596c\"] { letter-spacing: 1px; padding-bottom: 0px !important; margin-bottom: 0px !important; text-transform: uppercase !important; font-size: 9px !important; color: rgba(0, 0, 0, 0.5) !important; --tcb-applied-color:rgba(0, 0, 0, 0.5)  !important; font-weight: var(--g-bold-weight, bold)  !important; line-height: 1.6em !important; }.tve-theme-__template_id__ .bottom-section [data-css=\"tve-u-172f0121a55\"] > .tcb-flex-col { padding-left: 20px; }.tve-theme-__template_id__ .bottom-section [data-css=\"tve-u-172f0448dd6\"] { max-width: 18.5%; }.tve-theme-__template_id__ .bottom-section [data-css=\"tve-u-172f0448e00\"] { max-width: 81.5%; }.tve-theme-__template_id__ .bottom-section [data-css=\"tve-u-172f044ae30\"] { padding: 0px !important; }.tve-theme-__template_id__ .bottom-section [data-css=\"tve-u-172f044b119\"] { margin: 0px !important; }.tve-theme-__template_id__ .bottom-section [data-css=\"tve-u-172f044ae30\"] > .tcb-flex-col > .tcb-col { justify-content: center; }.tve-theme-__template_id__ .bottom-section [data-css=\"tve-u-172f04a8abc\"] { font-size: 34px; width: 34px; height: 34px; border-radius: 0px; overflow: hidden; border: none; padding: 1px !important; margin-top: 0px !important; margin-bottom: 0px !important; background-color: transparent !important; }:not(#tve) .tve-theme-__template_id__ .bottom-section [data-css=\"tve-u-172f04a8abc\"] > :first-child { color: var(--tcb-skin-color-0); }.tve-theme-__template_id__ .bottom-section [data-css=\"tve-u-172f04bd161\"] { font-size: 34px; width: 34px; height: 34px; border-radius: 0px; overflow: hidden; border: none; padding: 1px !important; margin-top: 0px !important; margin-bottom: 0px !important; background-color: transparent !important; }:not(#tve) .tve-theme-__template_id__ .bottom-section [data-css=\"tve-u-172f04bd161\"] > :first-child { color: var(--tcb-skin-color-0); }:not(#tve) .tve-theme-__template_id__ .bottom-section [data-css=\"tve-u-172f04c2dbf\"] { letter-spacing: 0px; padding-bottom: 0px !important; margin-bottom: 0px !important; text-transform: capitalize !important; font-size: 16px !important; color: var(--tcb-skin-color-4)  !important; --tcb-applied-color:var$(--tcb-skin-color-4)  !important; font-weight: var(--g-bold-weight, bold)  !important; line-height: 1.6em !important; }:not(#tve) .tve-theme-__template_id__ .bottom-section [data-css=\"tve-u-172f04c38b5\"] { letter-spacing: 0px; padding-bottom: 0px !important; margin-bottom: 0px !important; text-transform: capitalize !important; font-size: 16px !important; color: var(--tcb-skin-color-4)  !important; --tcb-applied-color:var$(--tcb-skin-color-4)  !important; font-weight: var(--g-bold-weight, bold)  !important; line-height: 1.6em !important; }.tve-theme-__template_id__ .bottom-section [data-css=\"tve-u-172f04c6682\"] { padding: 1px !important; margin-top: 0px !important; margin-bottom: 0px !important; }.tve-theme-__template_id__ .bottom-section [data-css=\"tve-u-172f04d338e\"] { padding: 1px !important; margin-top: 0px !important; margin-bottom: 0px !important; }.tve-theme-__template_id__ .bottom-section [data-css=\"tve-u-172f04d4a7b\"] { padding: 1px !important; margin-top: 0px !important; margin-bottom: 0px !important; }.tve-theme-__template_id__ .bottom-section [data-css=\"tve-u-172f04e38b8\"] { padding: 0px !important; }.tve-theme-__template_id__ .bottom-section [data-css=\"tve-u-172f04e38b8\"] > .tcb-flex-col > .tcb-col { justify-content: center; }.tve-theme-__template_id__ .bottom-section [data-css=\"tve-u-172f04f7b91\"] { padding: 0px !important; }.tve-theme-__template_id__ .bottom-section [data-css=\"tve-u-172f04f7b91\"] > .tcb-flex-col > .tcb-col { justify-content: center; }.tve-theme-__template_id__ .bottom-section [data-css=\"tve-u-172f051dfbb\"] { max-width: 25%; }.tve-theme-__template_id__ .top-section .section-background { background-color: var(--tcb-skin-color-2)  !important; background-image: none !important; }.tve-theme-__template_id__ .top-section .section-content { display: flex; flex-direction: column; min-height: 1px !important; padding: 0px !important; }.tve-theme-__template_id__ .top-section [data-css=\"tve-u-172c77d3f76\"] { padding: 12px 20px !important; }.tve-theme-__template_id__ .top-section [data-css=\"tve-u-172c77d3f77\"] { max-width: 1080px; margin-top: 0px !important; margin-bottom: 0px !important; background-color: transparent !important; }:not(#tve) .tve-theme-__template_id__ .top-section [data-css=\"tve-u-172c77d3f78\"] { letter-spacing: 2px; padding-bottom: 2px !important; margin-bottom: 0px !important; text-transform: uppercase !important; font-size: 11px !important; color: var(--tcb-skin-color-4)  !important; --tcb-applied-color:var$(--tcb-skin-color-4)  !important; font-weight: var(--g-bold-weight, bold)  !important; line-height: 1.3em !important; }.tve-theme-__template_id__ .top-section [data-css=\"tve-u-172c77d3f79\"] { padding: 1px !important; margin: 0px !important; }.tve-theme-__template_id__ .top-section [data-css=\"tve-u-172c77d3f7b\"] { margin-left: -20px; padding: 1px !important; }.tve-theme-__template_id__ .top-section [data-css=\"tve-u-172c77d3f7d\"] { margin-top: 0px !important; margin-bottom: 0px !important; }.tve-theme-__template_id__ .top-section [data-css=\"tve-u-172c77d3f7b\"] > .tcb-flex-col > .tcb-col { justify-content: center; }.tve-theme-__template_id__ .top-section [data-css=\"tve-u-172c77d3f7b\"] > .tcb-flex-col { padding-left: 20px; }.tve-theme-__template_id__ .top-section [data-css=\"tve-u-172c77d3f7e\"] { max-width: 28.7%; }.tve-theme-__template_id__ .top-section [data-css=\"tve-u-172c77d3f7f\"] { max-width: 71.3%; }:not(#tve) .tve-theme-__template_id__ .top-section [data-css=\"tve-u-172c77d3f80\"] { color: inherit !important; text-decoration-line: none !important; --eff:none  !important; text-decoration-color: var(--eff-color, currentColor)  !important; }:not(#tve) .tve-theme-__template_id__ .top-section [data-css=\"tve-u-172c77d3f80\"]:hover { text-decoration-line: none !important; --eff:none  !important; text-decoration-color: var(--eff-color, currentColor)  !important; color: rgb(112, 112, 112) !important; }.tve-theme-__template_id__ .top-section [data-css=\"tve-u-172c77d3f82\"] { padding: 1px !important; margin-top: 0px !important; margin-bottom: 0px !important; }.tve-theme-__template_id__ .top-section [data-css=\"tve-u-172c77d3f83\"] { padding: 1px !important; margin-top: 0px !important; margin-bottom: 0px !important; }.tve-theme-__template_id__ .top-section [data-css=\"tve-u-172c77d3f84\"] { max-width: 49.9%; }.tve-theme-__template_id__ .top-section [data-css=\"tve-u-172c77d3f85\"] { max-width: 50.1%; }.tve-theme-__template_id__ .top-section [data-css=\"tve-u-172c77d3f86\"]::after { clear: both; }.tve-theme-__template_id__ .top-section [data-css=\"tve-u-172c77d3f87\"] { margin-left: -21px; padding: 1px !important; }.tve-theme-__template_id__ .top-section [data-css=\"tve-u-172c77d3f87\"] > .tcb-flex-col > .tcb-col { justify-content: center; }.tve-theme-__template_id__ .top-section [data-css=\"tve-u-172c77d3f87\"] > .tcb-flex-col { padding-left: 21px; }.tve-theme-__template_id__ .top-section [data-css=\"tve-u-172c77d3f88\"] { max-width: 39.3%; }.tve-theme-__template_id__ .top-section [data-css=\"tve-u-172c77d3f8a\"] { max-width: 60.7%; }.tve-theme-__template_id__ .top-section [data-css=\"tve-u-172c77d3f8b\"]::after { clear: both; }.tve-theme-__template_id__ .top-section [data-css=\"tve-u-172c77d3f8c\"] { margin-left: -20px; padding: 1px !important; }.tve-theme-__template_id__ .top-section [data-css=\"tve-u-172c77d3f8c\"] > .tcb-flex-col > .tcb-col { justify-content: center; }.tve-theme-__template_id__ .top-section [data-css=\"tve-u-172c77d3f8c\"] > .tcb-flex-col { padding-left: 20px; }.tve-theme-__template_id__ .top-section [data-css=\"tve-u-172c77d3f8d\"] { float: left; z-index: 3; position: relative; min-width: 251px; padding: 1px !important; margin: 0px !important; }.tve-theme-__template_id__ .top-section [data-css=\"tve-u-172c77d3f8e\"] { margin-top: 0px !important; margin-bottom: 0px !important; }.tve-theme-__template_id__ .top-section [data-css=\"tve-u-172c77d3f8f\"] { font-size: 20px; width: 20px; height: 20px; border-radius: 100px; overflow: hidden; border: 1px solid rgba(0, 0, 0, 0.08); float: right; z-index: 3; position: relative; padding: 16px !important; margin-top: 0px !important; margin-bottom: 0px !important; background-color: transparent !important; }:not(#tve) .tve-theme-__template_id__ .top-section [data-css=\"tve-u-172c77d3f8f\"] > :first-child { color: var(--tcb-skin-color-4); }.tve-theme-__template_id__ .top-section [data-css=\"tve-u-172c77d3f90\"]::after { clear: both; }.tve-theme-__template_id__ .top-section [data-css=\"tve-u-172c77d3f91\"] { font-size: 16px; margin-left: auto; margin-right: auto; width: 16px; height: 16px; border-radius: 100px; overflow: hidden; float: right; z-index: 3; position: relative; border: 1px solid rgba(0, 0, 0, 0.08); padding: 16px !important; margin-top: 0px !important; margin-bottom: 0px !important; background-color: transparent !important; }:not(#tve) .tve-theme-__template_id__ .top-section [data-css=\"tve-u-172c77d3f91\"] > :first-child { color: var(--tcb-skin-color-4); }.tve-theme-__template_id__ .top-section [data-css=\"tve-u-172c77d3f94\"] { font-size: 16px; margin-left: auto; margin-right: auto; width: 16px; height: 16px; border-radius: 100px; overflow: hidden; float: right; z-index: 3; position: relative; border: 1px solid rgba(0, 0, 0, 0.08); padding: 16px !important; margin-top: 0px !important; margin-bottom: 0px !important; background-color: transparent !important; }:not(#tve) .tve-theme-__template_id__ .top-section [data-css=\"tve-u-172c77d3f94\"] > :first-child { color: var(--tcb-skin-color-4); }:not(#tve) .tve-theme-__template_id__ .top-section [data-css=\"tve-u-172c77fc740\"] { letter-spacing: 2px; padding-bottom: 2px !important; margin-bottom: 0px !important; text-transform: uppercase !important; font-size: 11px !important; color: var(--tcb-skin-color-4)  !important; --tcb-applied-color:var$(--tcb-skin-color-4)  !important; font-weight: var(--g-bold-weight, bold)  !important; line-height: 1.3em !important; }:not(#tve) .tve-theme-__template_id__ .top-section [data-css=\"tve-u-172c78228f4\"] { letter-spacing: 2px; padding-bottom: 2px !important; margin-bottom: 0px !important; text-transform: uppercase !important; font-size: 11px !important; color: var(--tcb-skin-color-4)  !important; --tcb-applied-color:var$(--tcb-skin-color-4)  !important; font-weight: var(--g-bold-weight, bold)  !important; line-height: 1.3em !important; }.tve-theme-__template_id__ .top-section [data-css=\"tve-u-172c783ce2c\"] { background-color: rgb(255, 255, 255) !important; border-bottom: 1px solid rgb(243, 243, 243) !important; border-top: none !important; }:not(#tve) .tve-theme-__template_id__ .top-section [data-css=\"tve-u-172c784d60c\"] { letter-spacing: 4px; padding-bottom: 0px !important; margin-bottom: 0px !important; font-size: 9px !important; color: var(--tcb-skin-color-4)  !important; --tcb-applied-color:var$(--tcb-skin-color-4)  !important; font-weight: var(--g-regular-weight, normal)  !important; }.tve-theme-__template_id__ .top-section [data-css=\"tve-u-172c784f28f\"] { --tve-text-transform:uppercase; }.tve-theme-__template_id__ .top-section [data-css=\"tve-u-172c785027f\"] { padding: 0px !important; margin: 0px !important; }:not(#tve) .tve-theme-__template_id__ .top-section [data-css=\"tve-u-172c784f28f\"] p, :not(#tve) .tve-theme-__template_id__ .top-section [data-css=\"tve-u-172c784f28f\"] li, :not(#tve) .tve-theme-__template_id__ .top-section [data-css=\"tve-u-172c784f28f\"] blockquote, :not(#tve) .tve-theme-__template_id__ .top-section [data-css=\"tve-u-172c784f28f\"] address, :not(#tve) .tve-theme-__template_id__ .top-section [data-css=\"tve-u-172c784f28f\"] .tcb-plain-text, :not(#tve) .tve-theme-__template_id__ .top-section [data-css=\"tve-u-172c784f28f\"] label, :not(#tve) .tve-theme-__template_id__ .top-section [data-css=\"tve-u-172c784f28f\"] h1, :not(#tve) .tve-theme-__template_id__ .top-section [data-css=\"tve-u-172c784f28f\"] h2, :not(#tve) .tve-theme-__template_id__ .top-section [data-css=\"tve-u-172c784f28f\"] h3, :not(#tve) .tve-theme-__template_id__ .top-section [data-css=\"tve-u-172c784f28f\"] h4, :not(#tve) .tve-theme-__template_id__ .top-section [data-css=\"tve-u-172c784f28f\"] h5, :not(#tve) .tve-theme-__template_id__ .top-section [data-css=\"tve-u-172c784f28f\"] h6 { text-transform: var(--tve-text-transform, uppercase); }.tve-theme-__template_id__ .top-section [data-css=\"tve-u-172c79788aa\"] { padding: 0px !important; }:not(#tve) .tve-theme-__template_id__ .top-section [data-css=\"tve-u-172c79b367e\"] { letter-spacing: 1px; padding-bottom: 0px !important; margin-bottom: 0px !important; text-transform: none !important; font-size: 10px !important; color: rgba(0, 0, 0, 0.65) !important; --tcb-applied-color:rgba(0, 0, 0, 0.65)  !important; font-weight: var(--g-regular-weight, normal)  !important; line-height: 1.3em !important; }:not(#tve) .tve-theme-__template_id__ .top-section [data-css=\"tve-u-172c79b62ea\"] { letter-spacing: 1px; padding-bottom: 0px !important; margin-bottom: 0px !important; text-transform: none !important; font-size: 10px !important; color: rgba(0, 0, 0, 0.65) !important; --tcb-applied-color:rgba(0, 0, 0, 0.65)  !important; font-weight: var(--g-regular-weight, normal)  !important; line-height: 1.3em !important; }.tve-theme-__template_id__ .top-section [data-css=\"tve-u-172c79ec22c\"] { color: var(--tcb-skin-color-0)  !important; }.tve-theme-__template_id__ .top-section [data-css=\"tve-u-172c7a0f768\"] { padding: 10px 20px !important; }.tve-theme-__template_id__ .top-section [data-css=\"tve-u-172c7a0fd5e\"] { float: none; margin: 0px auto !important; }.tve-theme-__template_id__ .top-section [data-css=\"tve-u-172c7a25fdd\"] { margin-left: 0px !important; }.tve-theme-__template_id__ .top-section [data-css=\"tve-u-172c7a2fc1d\"] { padding: 0px !important; }:not(#tve) .tve-theme-__template_id__ .top-section [data-css=\"tve-u-172c7a3cc19\"] { letter-spacing: 4px; padding-bottom: 0px !important; margin-bottom: 0px !important; font-size: 9px !important; color: var(--tcb-skin-color-4)  !important; --tcb-applied-color:var$(--tcb-skin-color-4)  !important; font-weight: var(--g-bold-weight, bold)  !important; }.tve-theme-__template_id__ .top-section [data-css=\"tve-u-172c7a51825\"]::after { clear: both; }.tve-theme-__template_id__ .top-section [data-css=\"tve-u-172c7a6d171\"] { text-align: right; }.tve-theme-__template_id__ .top-section [data-css=\"tve-u-172c7aa3ee4\"] { margin-top: 0px !important; margin-bottom: 0px !important; }:not(#tve) .tve-theme-__template_id__ .top-section [data-css=\"tve-u-172c7ab049a\"] { letter-spacing: 1px; padding-bottom: 0px !important; margin-bottom: 0px !important; text-transform: none !important; font-size: 10px !important; color: rgba(0, 0, 0, 0.65) !important; --tcb-applied-color:rgba(0, 0, 0, 0.65)  !important; font-weight: var(--g-regular-weight, normal)  !important; line-height: 1.3em !important; }.tve-theme-__template_id__ .top-section [data-css=\"tve-u-172c7a0f768\"] > .tcb-flex-col > .tcb-col { max-height: 1080px; }","(max-width: 1023px)":".tve-theme-__template_id__ .content-section .section-content { padding: 10px !important; }.tve-theme-__template_id__ .main-container { padding-left: 20px !important; padding-right: 20px !important; }.tve-theme-__template_id__ .sidebar-section .section-content { padding: 20px 10px !important; }.tve-theme-__template_id__ .sidebar-section { margin: 0px !important; }.tve-theme-__template_id__ .sidebar-section [data-css=\"tve-u-17299e48a73\"] { padding: 14px !important; margin-bottom: 20px !important; }.tve-theme-__template_id__ .sidebar-section [data-css=\"tve-u-17299e35340\"] { min-height: 214px !important; }:not(#tve) .tve-theme-__template_id__ .sidebar-section [data-css=\"tve-u-172b7671fb8\"] { line-height: 1.4em !important; font-size: 13px !important; }:not(#tve) .tve-theme-__template_id__ .sidebar-section [data-css=\"tve-u-172b76497d1\"] { font-size: 18px !important; }:not(#tve) .tve-theme-__template_id__ .sidebar-section [data-css=\"tve-u-172b76407f7\"] { font-size: 13px !important; }.tve-theme-__template_id__ .sidebar-section [data-css=\"tve-u-172b7ca12b5\"] { font-size: 14px; width: 14px; height: 14px; padding: 1px !important; margin-bottom: 0px !important; }.tve-theme-__template_id__ .sidebar-section [data-css=\"tve-u-172b80e7163\"] { font-size: 14px; width: 14px; height: 14px; float: none; padding: 1px !important; margin: 0px auto !important; }.tve-theme-__template_id__ .sidebar-section [data-css=\"tve-u-172b80e7ca1\"] { font-size: 14px; width: 14px; height: 14px; padding: 1px !important; margin-bottom: 0px !important; }.tve-theme-__template_id__ .sidebar-section [data-css=\"tve-u-172b80e88dd\"] { font-size: 14px; width: 14px; height: 14px; padding: 1px !important; margin-bottom: 0px !important; }:not(#tve) .tve-theme-__template_id__ .sidebar-section [data-css=\"tve-u-172b7e67c6b\"] { font-size: 29px !important; }:not(#tve) .tve-theme-__template_id__ .sidebar-section [data-css=\"tve-u-172b7e61433\"] { font-size: 15px !important; }.tve-theme-__template_id__ .sidebar-section [data-css=\"tve-u-17300a709f7\"] { float: none; max-width: 300px; margin-left: auto !important; margin-right: auto !important; }.tve-theme-__template_id__ .sidebar-section [data-css=\"tve-u-17300a72740\"] { float: none; max-width: 300px; margin-left: auto !important; margin-right: auto !important; }.tve-theme-__template_id__ .sidebar-section [data-css=\"tve-u-172b7f47fad\"] { float: none; max-width: 300px; margin-left: auto !important; margin-right: auto !important; }.tve-theme-__template_id__ .sidebar-section [data-css=\"tve-u-172b80eb868\"] { float: none; max-width: 300px; margin-left: auto !important; margin-right: auto !important; }.tve-theme-__template_id__ .sidebar-section [data-css=\"tve-u-1725ba26717\"] { min-height: 236px !important; }.tve-theme-__template_id__ .sidebar-section [data-css=\"tve-u-172b7e77368\"] { top: 49px; left: 93px; width: 50px; }:not(#tve) .tve-theme-__template_id__ .sidebar-section [data-css=\"tve-u-172b82ea868\"] { font-size: 18px !important; }.tve-theme-__template_id__ .sidebar-section [data-css=\"tve-u-172b82d4946\"] { font-size: 14px; width: 14px; height: 14px; padding: 14px !important; }.tve-theme-__template_id__ .sidebar-section [data-css=\"tve-u-172b8587465\"] { margin-bottom: 20px !important; }.tve-theme-__template_id__ .sidebar-section [data-css=\"tve-u-1725bac5eae\"] { padding: 14px !important; margin-bottom: 20px !important; margin-top: 20px !important; }:not(#tve) .tve-theme-__template_id__ .sidebar-section [data-css=\"tve-u-172b7e89de8\"] input, :not(#tve) .tve-theme-__template_id__ .sidebar-section [data-css=\"tve-u-172b7e89de8\"] select, :not(#tve) .tve-theme-__template_id__ .sidebar-section [data-css=\"tve-u-172b7e89de8\"] textarea, :not(#tve) .tve-theme-__template_id__ .sidebar-section [data-css=\"tve-u-172b7e89de8\"] ::placeholder { font-size: var(--tve-font-size, 9px); letter-spacing: var(--tve-letter-spacing, 1px); }.tve-theme-__template_id__ .sidebar-section [data-css=\"tve-u-172b7e89de8\"] { --tve-font-size:9px; --tve-letter-spacing:1px; }:not(#tve) .tve-theme-__template_id__ .sidebar-section [data-css=\"tve-u-172b8598fb7\"] .tcb-button-link { font-size: var(--tve-font-size, 9px)  !important; }.tve-theme-__template_id__ .sidebar-section [data-css=\"tve-u-172b8598fb7\"] { --tve-font-size:9px; }:not(#tve) .tve-theme-__template_id__ .sidebar-section [data-css=\"tve-u-172b82c3483\"] .tcb-button-link { font-size: var(--tve-font-size, 12px)  !important; }.tve-theme-__template_id__ .sidebar-section [data-css=\"tve-u-172b82c3483\"] { --tve-font-size:12px; }.tve-theme-__template_id__ .sidebar-section [data-css=\"tve-u-172b82c3483\"] .tcb-button-link { padding: 12px 14px !important; }.tve-theme-__template_id__ .bottom-section [data-css=\"tve-u-172f0121a55\"] { flex-wrap: wrap !important; }.tve-theme-__template_id__ .bottom-section [data-css=\"tve-u-172f0121a57\"] { width: 100%; }.tve-theme-__template_id__ .bottom-section [data-css=\"tve-u-172f0121a55\"] > .tcb-flex-col { flex-basis: 250px !important; }.tve-theme-__template_id__ .bottom-section .section-content { padding-left: 40px !important; padding-right: 40px !important; }.tve-theme-__template_id__ .bottom-section [data-css=\"tve-u-172f0349550\"] { margin-right: 10px !important; }:not(#tve) .tve-theme-__template_id__ .bottom-section [data-css=\"tve-u-172f03d7ad8\"] { font-size: 12px !important; }:not(#tve) .tve-theme-__template_id__ .bottom-section [data-css=\"tve-u-172f03e596c\"] { font-size: 9px !important; }.tve-theme-__template_id__ .bottom-section [data-css=\"tve-u-172f04a8abc\"] { margin-right: 10px !important; }.tve-theme-__template_id__ .bottom-section [data-css=\"tve-u-172f04bd161\"] { margin-right: 10px !important; }:not(#tve) .tve-theme-__template_id__ .bottom-section [data-css=\"tve-u-172f04c2dbf\"] { font-size: 12px !important; }:not(#tve) .tve-theme-__template_id__ .bottom-section [data-css=\"tve-u-172f04c38b5\"] { font-size: 12px !important; }.tve-theme-__template_id__ .bottom-section [data-css=\"tve-u-172f04d4a7b\"] { margin-bottom: 14px !important; }.tve-theme-__template_id__ .bottom-section [data-css=\"tve-u-172f04e38b8\"] > .tcb-flex-col { padding-left: 15px; }.tve-theme-__template_id__ .bottom-section [data-css=\"tve-u-172f04e38b8\"] { margin-left: -15px; }.tve-theme-__template_id__ .top-section [data-css=\"tve-u-172c77d3f76\"] { flex-wrap: nowrap !important; padding: 8px 40px !important; }.tve-theme-__template_id__ .top-section [data-css=\"tve-u-172c77d3f77\"] { width: 100%; }.tve-theme-__template_id__ .top-section [data-css=\"tve-u-172c7a0fd5e\"] { max-width: 100%; }.tve-theme-__template_id__ .top-section [data-css=\"tve-u-172c784f28f\"] p, .tve-theme-__template_id__ .top-section [data-css=\"tve-u-172c784f28f\"] li, .tve-theme-__template_id__ .top-section [data-css=\"tve-u-172c784f28f\"] blockquote, .tve-theme-__template_id__ .top-section [data-css=\"tve-u-172c784f28f\"] address, .tve-theme-__template_id__ .top-section [data-css=\"tve-u-172c784f28f\"] .tcb-plain-text, .tve-theme-__template_id__ .top-section [data-css=\"tve-u-172c784f28f\"] label { letter-spacing: var(--tve-letter-spacing, 2px); }.tve-theme-__template_id__ .top-section [data-css=\"tve-u-172c784f28f\"] { --tve-letter-spacing:2px; }.tve-theme-__template_id__ .top-section [data-css=\"tve-u-172c77d3f84\"] { max-width: 105px; }.tve-theme-__template_id__ .top-section [data-css=\"tve-u-172c77d3f85\"] { max-width: 56.8%; }.tve-theme-__template_id__ .top-section [data-css=\"tve-u-172c7a77494\"] { max-width: 33.3333%; }.tve-theme-__template_id__ .top-section [data-css=\"tve-u-172c7a774cb\"] { max-width: 33.5%; }.tve-theme-__template_id__ .top-section [data-css=\"tve-u-172c7a77500\"] { max-width: 33.2%; }.tve-theme-__template_id__ .top-section [data-css=\"tve-u-172c77d3f8d\"] { min-width: 240px; }:not(#tve) .tve-theme-__template_id__ .top-section [data-css=\"tve-u-172c784d60c\"] { letter-spacing: 2px; }:not(#tve) .tve-theme-__template_id__ .top-section [data-css=\"tve-u-172c7a3cc19\"] { letter-spacing: 2px; }.tve-theme-__template_id__ .top-section [data-css=\"tve-u-172c77d3f8f\"] { padding: 14px !important; }.tve-theme-__template_id__ .top-section [data-css=\"tve-u-172c77d3f91\"] { padding: 14px !important; }.tve-theme-__template_id__ .top-section [data-css=\"tve-u-172c77d3f94\"] { padding: 14px !important; }.tve-theme-__template_id__ .top-section [data-css=\"tve-u-172c7a0f768\"] { padding: 8px 40px !important; }","(max-width: 767px)":".tve-theme-__template_id__ .main-container { padding-left: 10px !important; padding-right: 10px !important; }.tve-theme-__template_id__ .content-section .section-content { padding-left: 10px !important; padding-right: 10px !important; }.tve-theme-__template_id__ .sidebar-section .section-content { padding: 20px 10px !important; }.tve-theme-__template_id__ .sidebar-section { margin-left: 0px !important; margin-right: 0px !important; margin-bottom: 0px !important; }.tve-theme-__template_id__ .sidebar-section [data-css=\"tve-u-17299e35340\"] { min-height: 370px !important; }.tve-theme-__template_id__ .sidebar-section [data-css=\"tve-u-172b7ca12b5\"] { float: none; z-index: 3; position: relative; font-size: 18px; width: 18px; height: 18px; padding: 1px !important; margin-left: auto !important; margin-right: auto !important; }.tve-theme-__template_id__ .sidebar-section [data-css=\"tve-u-172b80e7163\"] { float: none; z-index: 3; position: relative; font-size: 18px; width: 18px; height: 18px; padding: 1px !important; margin-left: auto !important; margin-right: auto !important; }.tve-theme-__template_id__ .sidebar-section [data-css=\"tve-u-172b80e7ca1\"] { float: none; z-index: 3; position: relative; font-size: 18px; width: 18px; height: 18px; padding: 1px !important; margin-left: auto !important; margin-right: auto !important; }.tve-theme-__template_id__ .sidebar-section [data-css=\"tve-u-172b80e88dd\"] { float: none; z-index: 3; position: relative; font-size: 18px; width: 18px; height: 18px; padding: 1px !important; margin-left: auto !important; margin-right: auto !important; }:not(#tve) .tve-theme-__template_id__ .sidebar-section [data-css=\"tve-u-172b7e67c6b\"] { font-size: 44px !important; }.tve-theme-__template_id__ .sidebar-section [data-css=\"tve-u-172b811e07d\"] { flex-wrap: nowrap !important; }.tve-theme-__template_id__ .sidebar-section [data-css=\"tve-u-172b811fbfb\"] { flex-wrap: nowrap !important; }.tve-theme-__template_id__ .sidebar-section [data-css=\"tve-u-172b8121103\"] { flex-wrap: nowrap !important; }.tve-theme-__template_id__ .sidebar-section [data-css=\"tve-u-172b7f47c1c\"] { flex-wrap: nowrap !important; }.tve-theme-__template_id__ .sidebar-section [data-css=\"tve-u-172b7e77368\"] { top: 25px; left: 173px; }:not(#tve) .tve-theme-__template_id__ .sidebar-section [data-css=\"tve-u-172b82ea868\"] { font-size: 20px !important; }.tve-theme-__template_id__ .sidebar-section [data-css=\"tve-u-172b82c3483\"] .tcb-button-link { padding: 16px 18px !important; }.tve-theme-__template_id__ .bottom-section [data-css=\"tve-u-172f0121a55\"] { margin-left: -15px; flex-wrap: wrap !important; padding-top: 0px !important; padding-bottom: 0px !important; }.tve-theme-__template_id__ .bottom-section [data-css=\"tve-u-172f0121a55\"] > .tcb-flex-col { padding-left: 15px; flex-basis: 121px !important; }.tve-theme-__template_id__ .bottom-section [data-css=\"tve-u-172f0121a57\"] { text-align: left; }.tve-theme-__template_id__ .bottom-section .section-content { padding-left: 20px !important; padding-right: 20px !important; }.tve-theme-__template_id__ .bottom-section [data-css=\"tve-u-172f0349550\"] { z-index: 3; position: relative; font-size: 24px; width: 24px; height: 24px; float: left; padding: 2px !important; margin-left: auto !important; margin-right: 0px !important; margin-bottom: 0px !important; }:not(#tve) .tve-theme-__template_id__ .bottom-section [data-css=\"tve-u-172f03d7ad8\"] { letter-spacing: 1px; font-size: 11px !important; }:not(#tve) .tve-theme-__template_id__ .bottom-section [data-css=\"tve-u-172f03e596c\"] { letter-spacing: 1px; font-size: 9px !important; }.tve-theme-__template_id__ .bottom-section [data-css=\"tve-u-172f04a8abc\"] { z-index: 3; position: relative; font-size: 24px; width: 24px; height: 24px; float: left; padding: 2px !important; margin-left: auto !important; margin-right: 0px !important; margin-bottom: 0px !important; }.tve-theme-__template_id__ .bottom-section [data-css=\"tve-u-172f04bd161\"] { z-index: 3; position: relative; font-size: 24px; width: 24px; height: 24px; float: left; padding: 2px !important; margin-left: auto !important; margin-right: 0px !important; margin-bottom: 0px !important; }:not(#tve) .tve-theme-__template_id__ .bottom-section [data-css=\"tve-u-172f04c2dbf\"] { letter-spacing: 1px; font-size: 11px !important; }:not(#tve) .tve-theme-__template_id__ .bottom-section [data-css=\"tve-u-172f04c38b5\"] { letter-spacing: 1px; font-size: 11px !important; }.tve-theme-__template_id__ .bottom-section [data-css=\"tve-u-172f04c6682\"] { min-width: 100%; margin-bottom: 12px !important; }.tve-theme-__template_id__ .bottom-section [data-css=\"tve-u-172f04d338e\"] { min-width: 100%; margin-bottom: 12px !important; }.tve-theme-__template_id__ .bottom-section [data-css=\"tve-u-172f04d4a7b\"] { min-width: 100%; margin-bottom: 12px !important; }.tve-theme-__template_id__ .bottom-section [data-css=\"tve-u-172f04f7b91\"] { flex-wrap: wrap !important; }.tve-theme-__template_id__ .bottom-section [data-css=\"tve-u-172f04f7b91\"] > .tcb-flex-col { flex-basis: 390px !important; }.tve-theme-__template_id__ .bottom-section [data-css=\"tve-u-172f050034d\"]::after { clear: both; }.tve-theme-__template_id__ .bottom-section [data-css=\"tve-u-172f0502711\"]::after { clear: both; }.tve-theme-__template_id__ .bottom-section [data-css=\"tve-u-172f050323b\"]::after { clear: both; }.tve-theme-__template_id__ .top-section [data-css=\"tve-u-172c77d3f7b\"] { flex-wrap: wrap !important; }.tve-theme-__template_id__ .top-section [data-css=\"tve-u-172c77d3f8c\"] { flex-wrap: wrap !important; }.tve-theme-__template_id__ .top-section [data-css=\"tve-u-172c77d3f87\"] { flex-wrap: wrap !important; }.tve-theme-__template_id__ .top-section [data-css=\"tve-u-172c77d3f86\"]::after { clear: both; }.tve-theme-__template_id__ .top-section [data-css=\"tve-u-172c77d3f84\"] { max-width: 102px; }.tve-theme-__template_id__ .top-section [data-css=\"tve-u-172c77d3f85\"] { max-width: 67.9%; }.tve-theme-__template_id__ .top-section [data-css=\"tve-u-172c77d3f8b\"]::after { clear: both; }.tve-theme-__template_id__ .top-section [data-css=\"tve-u-172c77d3f83\"] { width: 100%; margin-left: 0px !important; margin-right: 0px !important; }.tve-theme-__template_id__ .top-section [data-css=\"tve-u-172c77d3f7e\"] { max-width: 101px; }.tve-theme-__template_id__ .top-section [data-css=\"tve-u-172c77d3f7f\"] { max-width: 68.1%; }.tve-theme-__template_id__ .top-section [data-css=\"tve-u-172c77d3f8d\"] { min-width: 100%; margin-bottom: 0px !important; }.tve-theme-__template_id__ .top-section [data-css=\"tve-u-172c77d3f8e\"] { margin-bottom: 15px !important; }.tve-theme-__template_id__ .top-section [data-css=\"tve-u-172c77d3f76\"] { flex-wrap: nowrap !important; padding: 8px 20px !important; }.tve-theme-__template_id__ .top-section [data-css=\"tve-u-172c77d3f88\"] { max-width: 101px; }.tve-theme-__template_id__ .top-section [data-css=\"tve-u-172c77d3f8a\"] { max-width: 67.9%; }.tve-theme-__template_id__ .top-section [data-css=\"tve-u-172c77d3f8f\"] { float: none; z-index: 3; position: relative; font-size: 16px; width: 16px; height: 16px; padding: 12px !important; margin-left: auto !important; margin-right: auto !important; margin-bottom: 8px !important; }.tve-theme-__template_id__ .top-section [data-css=\"tve-u-172c77d3f90\"]::after { clear: both; }.tve-theme-__template_id__ .top-section [data-css=\"tve-u-172c77d3f91\"] { float: none; z-index: 3; position: relative; font-size: 14px; width: 14px; height: 14px; padding: 12px !important; margin-left: auto !important; margin-right: auto !important; margin-bottom: 8px !important; }.tve-theme-__template_id__ .top-section [data-css=\"tve-u-172c77d3f94\"] { float: none; z-index: 3; position: relative; font-size: 14px; width: 14px; height: 14px; padding: 12px !important; margin-left: auto !important; margin-right: auto !important; margin-bottom: 8px !important; }.tve-theme-__template_id__ .top-section [data-css=\"tve-u-172c7a0fd5e\"] { --tve-letter-spacing:1px; text-align: center; }.tve-theme-__template_id__ .top-section [data-css=\"tve-u-172c7a0fd5e\"] p, .tve-theme-__template_id__ .top-section [data-css=\"tve-u-172c7a0fd5e\"] li, .tve-theme-__template_id__ .top-section [data-css=\"tve-u-172c7a0fd5e\"] blockquote, .tve-theme-__template_id__ .top-section [data-css=\"tve-u-172c7a0fd5e\"] address, .tve-theme-__template_id__ .top-section [data-css=\"tve-u-172c7a0fd5e\"] .tcb-plain-text, .tve-theme-__template_id__ .top-section [data-css=\"tve-u-172c7a0fd5e\"] label { letter-spacing: var(--tve-letter-spacing, 1px); }.tve-theme-__template_id__ .top-section [data-css=\"tve-u-172c7a0f768\"] { flex-wrap: wrap !important; padding: 8px 20px !important; }.tve-theme-__template_id__ .top-section [data-css=\"tve-u-172c7a0f768\"] > .tcb-flex-col { flex-basis: 390px !important; }:not(#tve) .tve-theme-__template_id__ .top-section [data-css=\"tve-u-172c784d60c\"] { letter-spacing: 1px; }:not(#tve) .tve-theme-__template_id__ .top-section [data-css=\"tve-u-172c7a3cc19\"] { letter-spacing: 1px; }.tve-theme-__template_id__ .top-section [data-css=\"tve-u-172c77d3f7b\"] > .tcb-flex-col { flex-basis: 390px !important; }.tve-theme-__template_id__ .top-section [data-css=\"tve-u-172c77d3f8c\"] > .tcb-flex-col { flex-basis: 390px !important; }.tve-theme-__template_id__ .top-section [data-css=\"tve-u-172c77d3f87\"] > .tcb-flex-col { flex-basis: 390px !important; }.tve-theme-__template_id__ .top-section [data-css=\"tve-u-172c7aa3ee4\"] { text-align: center; }.tve-theme-__template_id__ .top-section [data-css=\"tve-u-172c7aa5270\"] { text-align: center; }.tve-theme-__template_id__ .top-section [data-css=\"tve-u-172c7aa5edf\"] { text-align: center; }:not(#tve) .tve-theme-__template_id__ .top-section [data-css=\"tve-u-172c77fc740\"] { letter-spacing: 1px; font-size: 9px !important; }:not(#tve) .tve-theme-__template_id__ .top-section [data-css=\"tve-u-172c78228f4\"] { letter-spacing: 1px; font-size: 9px !important; }:not(#tve) .tve-theme-__template_id__ .top-section [data-css=\"tve-u-172c79b367e\"] { font-size: 9px !important; }:not(#tve) .tve-theme-__template_id__ .top-section [data-css=\"tve-u-172c7ab049a\"] { font-size: 9px !important; }:not(#tve) .tve-theme-__template_id__ .top-section [data-css=\"tve-u-172c77d3f78\"] { letter-spacing: 1px; font-size: 9px !important; }:not(#tve) .tve-theme-__template_id__ .top-section [data-css=\"tve-u-172c79b62ea\"] { font-size: 9px !important; }.tve-theme-__template_id__ .top-section [data-css=\"tve-u-172c7a6d171\"] { text-align: center; }.tve-theme-__template_id__ .top-section [data-css=\"tve-u-172c79788aa\"] { margin-bottom: 4px !important; }"},"fonts":[],"dynamic":[]},"format":"standard","tag":"5ec629cfdde23","no_search_results":"","primary_template":"singular","secondary_template":"product","variable_template":""},"post_status":"publish"}]