{"4ea06fbc83cdd0a06020c35d50e1e89a":{"name":"770.png","folder":"symbols","h":23,"w":600,"custom_subdir":1},"9fd81843ad7f202f26c1a174c7357585":{"name":"297.png","folder":"symbols","h":112,"w":600,"custom_subdir":1},"99d2f9aef447e0aff4f9aa8c6288b4fb":{"name":"online_course_smart_image_18-1.jpg"},"37b236e9bd74fc5c00327d524fa67a0f":{"name":"arrow_hero.png"},"fc5e6e9d7b4e127f22fb44fe643b9c09":{"name":"Woocommerce_toptexture12.jpg"},"1badea3f0643da4d7f70c60ad7cb2e63":{"name":"hoodie_3_front.jpg"},"c527601f9454555cb914fec91805adab":{"name":"WooCommerce-Sidebar-texture02.jpg"},"58155fc7f528a19b9fc3599b65047290":{"name":"5142.png","folder":"thrive-theme\/preview","h":300,"w":300,"custom_subdir":1}}