[{"ID":5142,"post_title":"Product Page 03","post_type":"thrive_template","meta_input":{"default":"0","layout":"20f07591c6fcb220ffe637cda29bb3f6","layout_data":[],"structure":"[thrive_template_section type=\"top\" ][thrive_template_content]\n[thrive_main_container]\n[thrive_template_section type=\"sidebar\" ]\n[thrive_template_section type=\"content\" ]\n[\/thrive_main_container]\n[\/thrive_template_content][thrive_template_section type=\"bottom\" ]","sidebar-type":"","sticky-sidebar":"","off-screen-sidebar":"","tve_globals":{"js_sdk":[],"fb_comment_admins":""},"comments":{"labels":[],"icons":[]},"sections":{"top":{"id":0,"content":"<div class=\"thrv_wrapper thrv_text_element\" data-css=\"tve-u-172cc786824\" style=\"\"><h1 class=\"\" style=\"\" data-css=\"tve-u-172cc80d9b0\"><span class=\"thrive-shortcode-content\" data-attr-link=\"0\" data-attr-rel=\"0\" data-attr-target=\"0\" data-css=\"tve-u-172cc6d6ddc\" data-extra_key=\"\" data-option-inline=\"1\" data-shortcode=\"tcb_post_title\" data-shortcode-name=\"Post title\" style=\"\">[tcb_post_title link='0' rel='0' target='0' inline='1']<\/span>&nbsp;<\/h1><\/div>","decoration":[],"comments":[],"attr":{"class":""},"hide":0},"sidebar":{"id":0,"content":"\n<div class=\"thrv_wrapper tve_image_caption\" data-css=\"tve-u-172cc148d37\" style=\"\"><span class=\"tve_image_frame\" style=\"\"><img class=\"tve_image wp-image-4277\" alt=\"\" data-id=\"4277\" width=\"259\" data-init-width=\"1000\" height=\"336\" data-init-height=\"1296\" title=\"online_course_smart_image_18 (1)\" loading=\"lazy\" src=\"{{img=99d2f9aef447e0aff4f9aa8c6288b4fb}}\" data-width=\"259\" data-height=\"336\" style=\"\" mt-d=\"-102\" data-css=\"tve-u-172cc152202\" center-v-d=\"false\" mt-t=\"-91\" center-v-t=\"false\" mt-m=\"-157\" center-v-m=\"false\"><\/span><\/div><div class=\"thrv_wrapper thrv_contentbox_shortcode thrv-content-box tve-elem-default-pad\" data-css=\"tve-u-172cc12e8b3\" style=\"\">\n<div class=\"tve-content-box-background\" style=\"\" data-css=\"tve-u-172cc039f53\"><\/div>\n<div class=\"tve-cb\" data-css=\"tve-u-172cc09f34f\" style=\"\"><div class=\"thrv_wrapper thrv_text_element\" style=\"\" data-css=\"tve-u-172cc11848d\"><p class=\"tcb-global-text-\" data-css=\"tve-u-172cc309e5b\">Your Brand Values<\/p><\/div><div class=\"thrv_wrapper thrv-divider\" data-style-d=\"tve_sep-1\" data-thickness-d=\"3\" data-color-d=\"rgb(255, 255, 255)\" data-css=\"tve-u-172cc30d8c4\" style=\"\">\n<hr class=\"tve_sep tve_sep-1\" style=\"\">\n<\/div><div class=\"thrv_wrapper thrv_text_element\"><p class=\"tcb-global-text-\" data-css=\"tve-u-172cc0d5dbb\">Here you want to write a short paragraph that quickly explains exactly <em>what<\/em> your brand is about and how it\u2019s the perfect solution to the problems your client might have.&nbsp;<\/p><\/div><\/div>\n<\/div><div class=\"thrv_wrapper thrv_contentbox_shortcode thrv-content-box tve-elem-default-pad\" data-css=\"tve-u-172b807f08b\" style=\"\">\n<div class=\"tve-content-box-background\" style=\"\" data-css=\"tve-u-172b844d989\"><\/div>\n<div class=\"tve-cb\" style=\"\" data-css=\"tve-u-172b846ec4c\"><div class=\"thrv_wrapper thrv-columns\" data-css=\"tve-u-172b7f47fad\" style=\"\"><div class=\"tcb-flex-row v-2 tcb--cols--2 tcb-resized tcb-mobile-no-wrap m-edit\" data-css=\"tve-u-172b811fbfb\" style=\"\"><div class=\"tcb-flex-col\" data-css=\"tve-u-172b7f46a9b\" style=\"\"><div class=\"tcb-col\" style=\"\"><div class=\"thrv_wrapper thrv_icon tcb-icon-display\" data-css=\"tve-u-172b80e88dd\" style=\"\"><svg class=\"tcb-icon\" viewBox=\"0 0 640 512\" data-id=\"icon-hands-heart-light\" data-name=\"\" style=\"\">\n<path d=\"M436 17.6C421.6 5.1 405.4 0 389.6 0 366.8 0 345 10.7 331 25.3L320 37l-11.1-11.6C295.2 11 273.3 0 250.2 0c-15.7 0-31.8 5.1-46.3 17.6-35.3 30.6-37.2 85.6-5.6 118.7l108.9 114.1c7 7.4 18.4 7.4 25.5 0l108.9-114.1c31.6-33.1 29.8-88.1-5.6-118.7zm-17 96.5l-99 103.8-99-103.8c-16.7-17.5-20.4-51.6 3.4-72.1 8.2-7.1 17.3-9.9 26.3-9.9 13.9 0 27.3 6.9 35.6 15.6L320 82.9l33.7-35.3C361.9 39 375.4 32 389.3 32c8.9 0 18.1 2.8 26.2 9.9 23.9 20.7 20.2 54.6 3.5 72.2zM220 248.8c-14-19.2-49.1-31.4-74.5-3.9-15.6 16.8-15.9 42.8-2.5 61.3l28.6 39.3c6.5 8.9-6.5 19.1-13.6 10.7l-62-73.3V145.8c0-26-21.2-49.3-47.2-49.7C21.9 95.6 0 117.2 0 144v170.4c0 10.9 3.7 21.5 10.5 30l107 133.7c5.4 6.8 8.9 17.5 10.1 27 .5 4 4 6.9 8 6.9h16c4.8 0 8.5-3.9 8-8.7-1.6-16-7.5-33.3-17.1-45.2l-107-133.7c-2.3-2.8-3.5-6.4-3.5-10V144c0-21 32-21.6 32 .7v149.7l64.6 77.5c36.9 44.2 96.8-2.7 70.8-42.4-.2-.3-.4-.5-.5-.8l-30.6-42.2c-4.7-6.5-4.2-16.7 3.5-22.3 7-5.1 17.1-3.8 22.4 3.5l42.4 58.4c12.7 16.9 19.5 37.4 19.5 58v120c0 4.4 3.6 8 8 8h16c4.4 0 8-3.6 8-8v-120c0-27.7-9-54.6-25.6-76.8L220 248.8zM640 144c0-26.8-21.9-48.4-48.8-48-26 .4-47.2 23.7-47.2 49.7v137.1l-62 73.3c-7.1 8.4-20.1-1.7-13.6-10.7l28.6-39.3c13.4-18.5 13.1-44.6-2.5-61.3-25.5-27.4-60.6-15.3-74.5 3.9l-42.4 58.4C361 329.3 352 356.3 352 384v120c0 4.4 3.6 8 8 8h16c4.4 0 8-3.6 8-8V384c0-20.6 6.8-41.1 19.5-58l42.4-58.4c5.3-7.3 15.3-8.7 22.4-3.5 7.8 5.6 8.3 15.8 3.5 22.3l-30.6 42.2c-.2.3-.4.5-.5.8-26.1 39.7 33.9 86.7 70.8 42.4l64.6-77.5V144.6c0-22.3 32-21.7 32-.7v170.4c0 3.6-1.2 7.2-3.5 10L497.6 458c-9.5 11.9-15.5 29.2-17.1 45.2-.5 4.8 3.2 8.7 8 8.7h16c4 0 7.5-2.9 8-6.9 1.2-9.6 4.6-20.2 10.1-27l107-133.7c6.8-8.5 10.5-19.1 10.5-30L640 144z\"><\/path>\n<\/svg><\/div><\/div><\/div><div class=\"tcb-flex-col\" data-css=\"tve-u-172b7f46ae4\" style=\"\"><div class=\"tcb-col\" style=\"\"><div class=\"thrv_wrapper thrv_text_element\"><p class=\"tcb-global-text-\" data-css=\"tve-u-172b7ae0f29\">Easy Tutorials<\/p><\/div><\/div><\/div><\/div><\/div><\/div>\n<\/div><div class=\"thrv_wrapper thrv_contentbox_shortcode thrv-content-box tve-elem-default-pad\" data-css=\"tve-u-17300ab1917\" style=\"\">\n<div class=\"tve-content-box-background\" style=\"\" data-css=\"tve-u-172b846645f\"><\/div>\n<div class=\"tve-cb\" style=\"\" data-css=\"tve-u-172b796cc0a\"><div class=\"thrv_wrapper thrv-columns\" data-css=\"tve-u-172b7f47fad\" style=\"\"><div class=\"tcb-flex-row v-2 tcb--cols--2 tcb-resized tcb-mobile-no-wrap m-edit\" data-css=\"tve-u-172b8121103\" style=\"\"><div class=\"tcb-flex-col\" data-css=\"tve-u-172b80ec7d4\" style=\"\"><div class=\"tcb-col\" style=\"\"><div class=\"thrv_wrapper thrv_icon tcb-icon-display\" data-css=\"tve-u-172b80e7163\" style=\"\"><svg class=\"tcb-icon\" viewBox=\"0 0 512 512\" data-id=\"icon-chart-scatter-light\" data-name=\"\" style=\"\">\n<path d=\"M504 416H32V72a8 8 0 0 0-8-8H8a8 8 0 0 0-8 8v360a16 16 0 0 0 16 16h488a8 8 0 0 0 8-8v-16a8 8 0 0 0-8-8zM160 312a24 24 0 1 0-24-24 24 24 0 0 0 24 24zm256-160a24 24 0 1 0-24-24 24 24 0 0 0 24 24zm-224 0a24 24 0 1 0-24-24 24 24 0 0 0 24 24zm192 160a24 24 0 1 0-24-24 24 24 0 0 0 24 24zm-96-64a24 24 0 1 0-24-24 24 24 0 0 0 24 24z\"><\/path>\n<\/svg><\/div><\/div><\/div><div class=\"tcb-flex-col\" data-css=\"tve-u-172b80ec7d8\" style=\"\"><div class=\"tcb-col\" style=\"\"><div class=\"thrv_wrapper thrv_text_element\"><p class=\"tcb-global-text-\" data-css=\"tve-u-172b7ae0f29\">Detailed Charts<\/p><\/div><\/div><\/div><\/div><\/div><\/div>\n<\/div><div class=\"thrv_wrapper thrv_contentbox_shortcode thrv-content-box tve-elem-default-pad\" data-css=\"tve-u-17300ab341f\" style=\"\">\n<div class=\"tve-content-box-background\" style=\"\" data-css=\"tve-u-172cc246070\"><\/div>\n<div class=\"tve-cb\" style=\"\" data-css=\"tve-u-172b796cc0a\"><div class=\"thrv_wrapper thrv-columns\" data-css=\"tve-u-172b80eb868\" style=\"\"><div class=\"tcb-flex-row v-2 tcb--cols--2 tcb-resized tcb-mobile-no-wrap m-edit\" data-css=\"tve-u-172b7f47c1c\" style=\"\"><div class=\"tcb-flex-col\" data-css=\"tve-u-172b80eb02b\" style=\"\"><div class=\"tcb-col\" style=\"\"><div class=\"thrv_wrapper thrv_icon tcb-icon-display\" data-css=\"tve-u-172cc31ed9d\" style=\"\"><svg class=\"tcb-icon\" viewBox=\"0 0 512 512\" data-id=\"icon-exchange-light\" data-name=\"\" style=\"\">\n<path d=\"M508.485 184.485l-92.485 92c-4.687 4.686-12.284 4.686-16.97 0l-7.071-7.07c-4.687-4.686-4.687-12.284 0-16.971L452.893 192H12c-6.627 0-12-5.373-12-12v-8c0-6.627 5.373-12 12-12h440.905l-60.946-60.444c-4.687-4.686-4.687-12.284 0-16.971l7.07-7.07c4.687-4.686 12.284-4.686 16.971 0l92.485 92c4.687 4.686 4.686 12.284 0 16.97zm-504.97 160l92.485 92c4.687 4.686 12.284 4.686 16.971 0l7.07-7.07c4.687-4.686 4.687-12.284 0-16.971L59.095 352H500c6.627 0 12-5.373 12-12v-8c0-6.627-5.373-12-12-12H59.107l60.934-60.444c4.687-4.686 4.687-12.284 0-16.971l-7.071-7.07c-4.686-4.686-12.284-4.687-16.97 0l-92.485 92c-4.686 4.686-4.687 12.284 0 16.97z\"><\/path>\n<\/svg><\/div><\/div><\/div><div class=\"tcb-flex-col\" data-css=\"tve-u-172b80eb02e\" style=\"\"><div class=\"tcb-col\" style=\"\"><div class=\"thrv_wrapper thrv_text_element\"><p class=\"tcb-global-text-\" data-css=\"tve-u-172b7ae0f29\">Personalised Feedback<\/p><\/div><\/div><\/div><\/div><\/div><\/div>\n<\/div><div class=\"thrv_wrapper thrv_contentbox_shortcode thrv-content-box tve-elem-default-pad\" data-css=\"tve-u-172b795acfa\" style=\"\">\n<div class=\"tve-content-box-background\" style=\"\" data-css=\"tve-u-172b796bfd4\"><\/div>\n<div class=\"tve-cb\" style=\"\" data-css=\"tve-u-172b796cc0a\"><div class=\"thrv_wrapper thrv-columns\" data-css=\"tve-u-172b80eb868\" style=\"\"><div class=\"tcb-flex-row v-2 tcb--cols--2 tcb-resized tcb-mobile-no-wrap m-edit\" data-css=\"tve-u-172b7f47c1c\" style=\"\"><div class=\"tcb-flex-col\" data-css=\"tve-u-172b80eb02b\" style=\"\"><div class=\"tcb-col\" style=\"\"><div class=\"thrv_wrapper thrv_icon tcb-icon-display\" data-css=\"tve-u-172b80e7ca1\" style=\"\"><svg class=\"tcb-icon\" viewBox=\"0 0 512 512\" data-id=\"icon-badge-dollar-light\" data-name=\"\">\n<path d=\"M289.94 249.05l-59.06-16.86c-8.75-2.52-14.88-10.61-14.88-19.7 0-11.3 9.19-20.48 20.47-20.48h36.91c8.24 0 16.08 2.56 22.63 7.32 2.99 2.17 7.22 1.46 9.84-1.16l11.42-11.42c3.5-3.5 2.94-9.22-.99-12.23-12.26-9.41-27.18-14.51-42.9-14.51H272v-24c0-4.42-3.58-8-8-8h-16c-4.42 0-8 3.58-8 8v24h-3.53c-30.59 0-55.13 26.3-52.24 57.48 2.06 22.16 19.06 40.12 40.45 46.22l56.44 16.11c8.75 2.52 14.88 10.61 14.88 19.7 0 11.3-9.19 20.48-20.47 20.48h-36.91c-8.24 0-16.08-2.56-22.63-7.32-2.99-2.17-7.22-1.46-9.84 1.16l-11.42 11.42c-3.5 3.5-2.94 9.21.99 12.23 12.26 9.41 27.18 14.51 42.9 14.51H240v24c0 4.42 3.58 8 8 8h16c4.42 0 8-3.58 8-8v-24h1.36c22.81 0 44.33-13.59 51.72-35.17 10.15-29.65-7.28-59.8-35.14-67.78zM512 256c0-35.5-19.4-68.2-49.6-85.5 9.1-33.6-.3-70.4-25.4-95.5s-61.9-34.5-95.5-25.4C324.2 19.4 291.5 0 256 0s-68.2 19.4-85.5 49.6c-33.6-9.1-70.4.3-95.5 25.4s-34.5 61.9-25.4 95.5C19.4 187.8 0 220.5 0 256s19.4 68.2 49.6 85.5c-9.1 33.6.3 70.4 25.4 95.5 26.5 26.5 63.4 34.1 95.5 25.4 17.4 30.2 50 49.6 85.5 49.6s68.1-19.4 85.5-49.6c32.7 8.9 69.4.7 95.5-25.4 25.1-25.1 34.5-61.9 25.4-95.5 30.2-17.3 49.6-50 49.6-85.5zm-91.1 68.3c5.3 11.8 29.5 54.1-6.5 90.1-28.9 28.9-57.5 21.3-90.1 6.5C319.7 433 307 480 256 480c-52.1 0-64.7-49.5-68.3-59.1-32.6 14.8-61.3 22.2-90.1-6.5-36.8-36.7-10.9-80.5-6.5-90.1C79 319.7 32 307 32 256c0-52.1 49.5-64.7 59.1-68.3-5.3-11.8-29.5-54.1 6.5-90.1 36.8-36.9 80.8-10.7 90.1-6.5C192.3 79 205 32 256 32c52.1 0 64.7 49.5 68.3 59.1 11.8-5.3 54.1-29.5 90.1 6.5 36.8 36.7 10.9 80.5 6.5 90.1C433 192.3 480 205 480 256c0 52.1-49.5 64.7-59.1 68.3z\"><\/path>\n<\/svg><\/div><\/div><\/div><div class=\"tcb-flex-col\" data-css=\"tve-u-172b80eb02e\" style=\"\"><div class=\"tcb-col\" style=\"\"><div class=\"thrv_wrapper thrv_text_element\"><p class=\"tcb-global-text-\" data-css=\"tve-u-172b7ae0f29\">30 Days Money- Back Guarantee<\/p><\/div><\/div><\/div><\/div><\/div><\/div>\n<\/div><div class=\"thrv_wrapper thrv_contentbox_shortcode thrv-content-box tve-elem-default-pad\" data-css=\"tve-u-1725bac5eae\" style=\"\" data-class=\"\">\n<div class=\"tve-content-box-background\" data-css=\"tve-u-1725ba1e54e\" style=\"\"><\/div>\n<div class=\"tve-cb\" style=\"\" data-css=\"tve-u-1725ba26717\"><div class=\"thrv_wrapper thrv_text_element\" data-css=\"tve-u-172b8587465\" style=\"\"><h3 class=\"\" style=\"text-align: center;\" data-css=\"tve-u-172cc3260e3\">10%<\/h3><p class=\"tcb-global-text-\" data-css=\"tve-u-172b7e61433\" style=\"text-align: center;\">Discount<\/p><\/div><div class=\"thrv_wrapper tve_image_caption\" data-css=\"tve-u-172b7e77368\" style=\"\"><span class=\"tve_image_frame\"><img class=\"tve_image wp-image-3848\" alt=\"\" data-id=\"3848\" width=\"73\" data-init-width=\"500\" height=\"73\" data-init-height=\"500\" title=\"arrow_hero\" loading=\"lazy\" src=\"{{img=37b236e9bd74fc5c00327d524fa67a0f}}\" data-width=\"73\" data-height=\"73\" data-css=\"tve-u-173057aa447\" style=\"\"><\/span><\/div><div class=\"thrv_wrapper thrv_lead_generation tve-lead-generation-template tcb-local-vars-root tve-color-set tcb-file-style-applied\" data-connection=\"api\" id=\"lg-ketz9wm4\" data-templateconfig=\"{&quot;checkbox&quot;:{&quot;option&quot;:{&quot;data-value&quot;:&quot;default&quot;},&quot;data-columns&quot;:&quot;1&quot;},&quot;radio&quot;:{&quot;option&quot;:{&quot;data-value&quot;:&quot;style-1&quot;},&quot;data-columns&quot;:&quot;1&quot;},&quot;select&quot;:{&quot;_class&quot;:&quot;&quot;,&quot;data-show-placeholder&quot;:&quot;1&quot;,&quot;data-style&quot;:&quot;style-2&quot;,&quot;data-icon&quot;:&quot;style_1&quot;}}\" data-css=\"tve-u-1746ddc845d\" tcb-template-name=\"Opt-in Form 03\" tcb-template-id=\"61288\" data-keep-css_id=\"1\" style=\"\" data-element-name=\"Form\" data-f-id=\"5543\"><div class=\"thrive-colors-palette-config\" style=\"display: none !important\">__CONFIG_colors_palette__{\"active_palette\":0,\"config\":{\"colors\":{\"0f48e\":{\"name\":\"Main Accent\",\"parent\":-1}},\"gradients\":[]},\"palettes\":[{\"name\":\"Main Accent\",\"value\":{\"colors\":{\"0f48e\":{\"val\":\"var(--tcb-skin-color-0)\",\"hsl\":{\"h\":210,\"s\":0.78,\"l\":0.01,\"a\":1}}},\"gradients\":[]},\"original\":{\"colors\":{\"0f48e\":{\"val\":\"rgb(47, 138, 229)\",\"hsl\":{\"h\":210,\"s\":0.77,\"l\":0.54,\"a\":1}}},\"gradients\":[]}}]}__CONFIG_colors_palette__<\/div><input type=\"hidden\" class=\"tve-lg-err-msg\" value=\"{&quot;email&quot;:&quot;Email address invalid&quot;,&quot;phone&quot;:&quot;Phone number invalid&quot;,&quot;password&quot;:&quot;Password invalid&quot;,&quot;passwordmismatch&quot;:&quot;Password mismatch error&quot;,&quot;required&quot;:&quot;Required field missing&quot;}\">\n<div class=\"thrv_lead_generation_container tve_clearfix\">\n<form action=\"#\" method=\"post\" novalidate=\"novalidate\">\n<div class=\"tve_lead_generated_inputs_container tve_clearfix\">\n<div class=\"tve_lg_input_container tve_lg_input tve_lg_regular_input tcb-plain-text tcb-no-clone tcb-no-delete\" data-css=\"tve-u-1746ddc83fb\" style=\"\" data-tcb_hover_state_parent=\"\" data-label=\"tve-lg-1732f63dca4\">\n<input class=\"tcb-plain-text\" type=\"email\" data-field=\"email\" data-required=\"1\" data-validation=\"email\" name=\"email\" placeholder=\"Your Email\" data-placeholder=\"Your Email\" style=\"border-radius: 0px; overflow: hidden;\">\n<\/div>\n<div class=\"thrv_wrapper tve-form-button tcb-local-vars-root tve-color-set\" data-tcb_hover_state_parent=\"\" data-button-style=\"btn-tpl-58447\" data-css=\"tve-u-1746ddc83fc\" style=\"\"><div class=\"thrive-colors-palette-config\" style=\"display: none !important\">__CONFIG_colors_palette__{\"active_palette\":0,\"config\":{\"colors\":{\"9bd08\":{\"name\":\"Main Accent\",\"parent\":-1}},\"gradients\":[]},\"palettes\":[{\"name\":\"Default Palette\",\"value\":{\"colors\":{\"9bd08\":{\"val\":\"var(--tcb-local-color-0f48e)\",\"hsl\":{\"h\":210,\"s\":0.78,\"l\":0.01}}},\"gradients\":[]},\"original\":{\"colors\":{\"9bd08\":{\"val\":\"rgb(19, 114, 211)\",\"hsl\":{\"h\":210,\"s\":0.83,\"l\":0.45}}},\"gradients\":[]}}]}__CONFIG_colors_palette__<\/div>\n<a href=\"#\" class=\"tcb-button-link tve-form-button-submit tcb-plain-text\" style=\"\">\n<span class=\"tcb-button-texts\" style=\"\"><span class=\"tcb-button-text thrv-inline-text\" style=\"\">Sign Up<\/span><\/span>\n<\/a>\n<input type=\"submit\" style=\"display: none !important;\">\n<\/div>\n<\/div>\n<input id=\"_submit_option\" type=\"hidden\" name=\"_submit_option\" value=\"redirect\">\n<input id=\"_sendParams\" type=\"hidden\" name=\"_sendParams\" value=\"1\">\n<input id=\"_back_url\" type=\"hidden\" name=\"_back_url\" value=\"#\">\n<input type=\"hidden\" id=\"tve_mapping\" name=\"tve_mapping\" value=\"YTowOnt9\"><input type=\"hidden\" id=\"tve_labels\" name=\"tve_labels\" value=\"YToxOntzOjU6ImVtYWlsIjtzOjEwOiJZb3VyIEVtYWlsIjt9\"><\/form>\n<\/div>\n<\/div><\/div>\n<\/div>\n","decoration":[],"comments":[],"attr":{"class":""},"hide":0},"content":{"id":0,"content":"[thrive_breadcrumbs css='tve-u-1730a098f49' enable-truncate-chars='1' separator-type='character' leaf-chars-d='80' leaf-chars-t='25' leaf-chars-m='25'][thrive_product_template upsells-align-items='center' related-align-items='center' hide-magnifier='0' ct='product-template' ct-name='Original Product' hide-upsells='0' hide-related='0' related-columns='4' upsells-posts_per_page='4' upsells-columns='4' related-posts_per_page='4' hide-title='1' gallery-columns='4' hide-price='0']","decoration":[],"comments":{"labels":{"no_comments":"","reply_icon_flip":"","reply_label":""},"icons":{"submit_button":""}},"attr":{"class":""},"hide":0},"bottom":{"id":0,"content":"<div class=\"thrv_wrapper thrv-columns\" data-css=\"tve-u-17299791c13\" style=\"\"><div class=\"tcb-flex-row v-2 tcb-medium-no-wrap m-edit tcb-mobile-wrap tcb--cols--2\" data-css=\"tve-u-17299791844\" style=\"\"><div class=\"tcb-flex-col\" data-css=\"tve-u-1729ed50302\" style=\"\"><div class=\"tcb-col\" data-css=\"tve-u-1729ee20f38\" style=\"\"><div class=\"thrv_wrapper thrv_text_element\" style=\"\" data-css=\"tve-u-17298d7b5c5\"><p class=\"tcb-global-text-\" data-css=\"tve-u-172cc51d20d\" style=\"\"><span data-css=\"tve-u-172cc4b9e4c\" style=\"color: var(--tcb-skin-color-3);\">20%discount on new arrivals<\/span><\/p><\/div><\/div><\/div><div class=\"tcb-flex-col\" style=\"\" data-css=\"tve-u-1729eb91604\"><div class=\"tcb-col\" style=\"\" data-css=\"tve-u-172997a0646\"><div class=\"thrv_wrapper thrv_text_element\" style=\"\" data-css=\"tve-u-17298d7b5c5\"><p class=\"tcb-global-text-\" data-css=\"tve-u-1729ed2a2b0\"><span data-css=\"tve-u-172cc4df90a\" style=\"color: var(--tcb-skin-color-3);\">Code: <\/span><span data-css=\"tve-u-172cc4de5ea\" style=\"color: rgb(255, 255, 255);\"><span data-css=\"tve-u-172cc4de5ee\" style=\"background-color: var(--tcb-skin-color-0);\">Spring20<\/span><\/span><\/p><\/div><\/div><\/div><\/div><\/div>","decoration":[],"comments":[],"attr":{"class":""},"hide":0},"header":{"id":"4ea06fbc83cdd0a06020c35d50e1e89a","hide":0},"footer":{"id":"9fd81843ad7f202f26c1a174c7357585","hide":0}},"icons":[],"style":{"css":{"(min-width: 300px)":".tve-theme-__template_id__ #wrapper { --header-background-width:100%; --footer-background-width:100%; --top-background-width:100%; --bottom-background-width:100%; }.tve-theme-__template_id__ .content-section .section-content { padding: 0px 10px !important; }.tve-theme-__template_id__ .main-container { padding: 10px !important; }:not(#layout) .tve-theme-__template_id__ .main-container { --sidebar-size:28.01%; --separator-size:15px; }.tve-theme-__template_id__ .content-section .product-template-wrapper { --tve-woo-gallery-width:284px; }.tve-theme-__template_id__ .bottom-section .section-background { background-color: rgb(255, 255, 255) !important; background-image: linear-gradient(var(--tcb-skin-color-20), var(--tcb-skin-color-20)), url(\"{{img=fc5e6e9d7b4e127f22fb44fe643b9c09}}\")  !important; background-size: auto, cover !important; background-position: 50% 50%, 50% 50% !important; background-attachment: scroll, scroll !important; background-repeat: no-repeat, no-repeat !important; }.tve-theme-__template_id__ .bottom-section .section-content { display: flex; flex-direction: column; --tve-color:var(--tcb-skin-color-3); min-height: 1px !important; padding: 20px !important; }.tve-theme-__template_id__ .bottom-section [data-css=\"tve-u-17298d7b5c5\"] { padding: 0px !important; margin-top: 0px !important; margin-bottom: 0px !important; }.tve-theme-__template_id__ .bottom-section [data-css=\"tve-u-17299791844\"] { margin-left: -4px; padding: 0px !important; }.tve-theme-__template_id__ .bottom-section [data-css=\"tve-u-17299791c13\"] { margin: 0px !important; }.tve-theme-__template_id__ .bottom-section [data-css=\"tve-u-17299791844\"] > .tcb-flex-col > .tcb-col { justify-content: center; }.tve-theme-__template_id__ .bottom-section [data-css=\"tve-u-17299791844\"] > .tcb-flex-col { padding-left: 4px; }.tve-theme-__template_id__ .bottom-section .section-content p, .tve-theme-__template_id__ .bottom-section .section-content li, .tve-theme-__template_id__ .bottom-section .section-content label, .tve-theme-__template_id__ .bottom-section .section-content .tcb-plain-text { color: var(--tve-color, var(--tcb-skin-color-3)); --tcb-applied-color:var$(--tcb-skin-color-3); }:not(#tve) .tve-theme-__template_id__ .bottom-section [data-css=\"tve-u-1729ed2a2b0\"] { letter-spacing: 8px; padding-bottom: 0px !important; margin-bottom: 0px !important; text-transform: uppercase !important; font-size: 11px !important; font-weight: var(--g-bold-weight, bold)  !important; background-color: transparent !important; }.tve-theme-__template_id__ .bottom-section [data-css=\"tve-u-172997a0646\"] { text-align: right; padding-top: 0px !important; padding-bottom: 0px !important; }.tve-theme-__template_id__ .bottom-section [data-css=\"tve-u-1729ee20f38\"] { padding-top: 0px !important; padding-bottom: 0px !important; }.tve-theme-__template_id__ .bottom-section [data-css=\"tve-u-172cc4b9e4c\"] { color: var(--tcb-skin-color-3)  !important; }.tve-theme-__template_id__ .bottom-section [data-css=\"tve-u-172cc4de5ea\"] { color: rgb(255, 255, 255) !important; }.tve-theme-__template_id__ .bottom-section [data-css=\"tve-u-172cc4de5ee\"] { background-color: var(--tcb-skin-color-0)  !important; }.tve-theme-__template_id__ .bottom-section [data-css=\"tve-u-172cc4df90a\"] { color: var(--tcb-skin-color-3)  !important; }:not(#tve) .tve-theme-__template_id__ .bottom-section [data-css=\"tve-u-172cc51d20d\"] { letter-spacing: 8px; padding-bottom: 0px !important; margin-bottom: 0px !important; text-transform: uppercase !important; font-size: 11px !important; font-weight: var(--g-bold-weight, bold)  !important; background-color: transparent !important; }.tve-theme-__template_id__ .top-section .section-background { background-color: rgb(255, 255, 255) !important; background-size: auto, cover !important; background-position: 50% 50%, 50% 50% !important; background-attachment: scroll, scroll !important; background-repeat: no-repeat, no-repeat !important; background-image: linear-gradient(rgba(0, 0, 0, 0.4), rgba(0, 0, 0, 0.4)), url(\"{{img=1badea3f0643da4d7f70c60ad7cb2e63}}?dynamic_featured=1&size=full\") !important; }.tve-theme-__template_id__ .top-section .section-content { justify-content: center; display: flex; flex-direction: column; --tve-color:rgb(255, 255, 255); --tve-font-size:22px; text-align: left; min-height: 180px !important; padding: 20px !important; }:not(#tve) .tve-theme-__template_id__ .top-section [data-css=\"tve-u-172cc6d6ddc\"] { color: rgb(255, 255, 255) !important; --tcb-applied-color:rgb(255, 255, 255)  !important; }.tve-theme-__template_id__ .top-section [data-css=\"tve-u-172cc786824\"] { padding: 0px !important; border: none !important; margin-bottom: 6px !important; }:not(#tve) .tve-theme-__template_id__ .top-section [data-css=\"tve-u-172cc80d9b0\"] { padding-bottom: 0px !important; margin-bottom: 0px !important; }.tve-theme-__template_id__ .content-section [data-css=\"tve-u-1730a098f49\"] .thrive-breadcrumb-separator { font-size: 11px; width: 11px; height: 11px; }.tve-theme-__template_id__ .content-section [data-css=\"tve-u-1730a098f49\"] .thrive-breadcrumb-path { font-size: 11px; --tve-text-transform:uppercase; --tve-letter-spacing:2px; }.tve-theme-__template_id__ .content-section [data-css=\"tve-u-1730a098f49\"] .thrive-breadcrumb-leaf { font-size: 11px; --tve-letter-spacing:2px; --tve-text-transform:uppercase; }.tve-theme-__template_id__ .content-section [data-css=\"tve-u-1730a098f49\"] { padding-bottom: 0px !important; }.tve-theme-__template_id__ .content-section [data-css=\"tve-u-1730a098f49\"] .thrive-breadcrumb-path a { text-transform: var(--tve-text-transform, uppercase)  !important; letter-spacing: var(--tve-letter-spacing, 2px)  !important; }.tve-theme-__template_id__ .content-section [data-css=\"tve-u-1730a098f49\"] .thrive-breadcrumb-leaf span { letter-spacing: var(--tve-letter-spacing, 2px)  !important; text-transform: var(--tve-text-transform, uppercase)  !important; }.tve-theme-__template_id__ .sidebar-section .section-background { border: medium none; background-color: rgb(255, 255, 255) !important; background-image: none !important; }.tve-theme-__template_id__ .sidebar-section .section-content { padding: 20px 10px !important; }.tve-theme-__template_id__ .sidebar-section { margin: 0px !important; }.tve-theme-__template_id__ .sidebar-section [data-css=\"tve-u-1725ba1e54e\"] { border-radius: 0px; overflow: hidden; background-color: var(--tcb-skin-color-0)  !important; background-image: linear-gradient(rgba(255, 255, 255, 0.65), rgba(255, 255, 255, 0.65)), url(\"{{img=c527601f9454555cb914fec91805adab}}\") !important; border: none !important; background-size: auto, cover !important; background-position: 50% 50%, 50% 50% !important; background-attachment: scroll, scroll !important; background-repeat: no-repeat, no-repeat !important; }.tve-theme-__template_id__ .sidebar-section [data-css=\"tve-u-1725ba26717\"] { min-height: 280px !important; }.tve-theme-__template_id__ .sidebar-section [data-css=\"tve-u-1725bac5eae\"] { padding: 20px !important; margin-bottom: 0px !important; margin-top: 40px !important; }.tve-theme-__template_id__ .sidebar-section [data-css=\"tve-u-172b795acfa\"] { padding: 12px !important; margin-bottom: 8px !important; margin-top: 0px !important; }.tve-theme-__template_id__ .sidebar-section [data-css=\"tve-u-172b796bfd4\"] { background-color: transparent !important; border: none !important; background-image: none !important; }:not(#tve) .tve-theme-__template_id__ .sidebar-section .thrv-content-box [data-css=\"tve-u-172b796cc0a\"] p, :not(#tve) .tve-theme-__template_id__ .sidebar-section .thrv-content-box [data-css=\"tve-u-172b796cc0a\"] li, :not(#tve) .tve-theme-__template_id__ .sidebar-section .thrv-content-box [data-css=\"tve-u-172b796cc0a\"] blockquote, :not(#tve) .tve-theme-__template_id__ .sidebar-section .thrv-content-box [data-css=\"tve-u-172b796cc0a\"] address, :not(#tve) .tve-theme-__template_id__ .sidebar-section .thrv-content-box [data-css=\"tve-u-172b796cc0a\"] .tcb-plain-text, :not(#tve) .tve-theme-__template_id__ .sidebar-section .thrv-content-box [data-css=\"tve-u-172b796cc0a\"] label, :not(#tve) .tve-theme-__template_id__ .sidebar-section .thrv-content-box [data-css=\"tve-u-172b796cc0a\"] h1, :not(#tve) .tve-theme-__template_id__ .sidebar-section .thrv-content-box [data-css=\"tve-u-172b796cc0a\"] h2, :not(#tve) .tve-theme-__template_id__ .sidebar-section .thrv-content-box [data-css=\"tve-u-172b796cc0a\"] h3, :not(#tve) .tve-theme-__template_id__ .sidebar-section .thrv-content-box [data-css=\"tve-u-172b796cc0a\"] h4, :not(#tve) .tve-theme-__template_id__ .sidebar-section .thrv-content-box [data-css=\"tve-u-172b796cc0a\"] h5, :not(#tve) .tve-theme-__template_id__ .sidebar-section .thrv-content-box [data-css=\"tve-u-172b796cc0a\"] h6 { color: var(--tve-color, var(--tcb-skin-color-3)); --tcb-applied-color:var$(--tcb-skin-color-3); }.tve-theme-__template_id__ .sidebar-section [data-css=\"tve-u-172b796cc0a\"] { --tve-color:var(--tcb-skin-color-3); --tve-font-size:11px; --tve-line-height:1.4em; text-align: left; }:not(#tve) .tve-theme-__template_id__ .sidebar-section .thrv-content-box [data-css=\"tve-u-172b796cc0a\"] p, :not(#tve) .tve-theme-__template_id__ .sidebar-section .thrv-content-box [data-css=\"tve-u-172b796cc0a\"] li, :not(#tve) .tve-theme-__template_id__ .sidebar-section .thrv-content-box [data-css=\"tve-u-172b796cc0a\"] blockquote, :not(#tve) .tve-theme-__template_id__ .sidebar-section .thrv-content-box [data-css=\"tve-u-172b796cc0a\"] address, :not(#tve) .tve-theme-__template_id__ .sidebar-section .thrv-content-box [data-css=\"tve-u-172b796cc0a\"] .tcb-plain-text, :not(#tve) .tve-theme-__template_id__ .sidebar-section .thrv-content-box [data-css=\"tve-u-172b796cc0a\"] label { font-size: var(--tve-font-size, 11px); line-height: var(--tve-line-height, 1.4em); }:not(#tve) .tve-theme-__template_id__ .sidebar-section [data-css=\"tve-u-172b7ae0f29\"] { letter-spacing: 1px; padding-bottom: 0px !important; margin-bottom: 0px !important; font-size: 11px !important; text-transform: capitalize !important; font-weight: var(--g-bold-weight, bold)  !important; line-height: 1.4em !important; }:not(#tve) .tve-theme-__template_id__ .sidebar-section [data-css=\"tve-u-172b7e61433\"] { letter-spacing: 3px; padding-bottom: 0px !important; margin-bottom: 0px !important; font-size: 10px !important; }.tve-theme-__template_id__ .sidebar-section [data-css=\"tve-u-172b7e77368\"] { width: 73px; position: absolute; top: 37px; right: 0px; margin-top: 0px !important; margin-bottom: 0px !important; }.tve-theme-__template_id__ .sidebar-section [data-css=\"tve-u-172b7f46a9b\"] { max-width: 22.1%; }.tve-theme-__template_id__ .sidebar-section [data-css=\"tve-u-172b7f46ae4\"] { max-width: 77.9%; }.tve-theme-__template_id__ .sidebar-section [data-css=\"tve-u-172b7f47c1c\"] { padding: 0px !important; }.tve-theme-__template_id__ .sidebar-section [data-css=\"tve-u-172b7f47fad\"] { margin: 0px !important; }.tve-theme-__template_id__ .sidebar-section [data-css=\"tve-u-172b7f47c1c\"] > .tcb-flex-col > .tcb-col { justify-content: center; }.tve-theme-__template_id__ .sidebar-section [data-css=\"tve-u-172b807f08b\"] { padding: 12px !important; margin-bottom: 8px !important; margin-top: 0px !important; }.tve-theme-__template_id__ .sidebar-section [data-css=\"tve-u-172b80e7163\"] { font-size: 20px; width: 20px; height: 20px; border-radius: 0px; overflow: hidden; border: none; float: none; z-index: 3; position: relative; padding: 1px !important; margin: 0px auto 4px !important; background-color: transparent !important; }:not(#tve) .tve-theme-__template_id__ .sidebar-section [data-css=\"tve-u-172b80e7163\"] > :first-child { color: var(--tcb-skin-color-13); }.tve-theme-__template_id__ .sidebar-section [data-css=\"tve-u-172b80e7ca1\"] { font-size: 20px; width: 20px; height: 20px; border-radius: 0px; overflow: hidden; border: none; float: none; z-index: 3; position: relative; padding: 1px !important; margin: 0px auto 4px !important; background-color: transparent !important; }:not(#tve) .tve-theme-__template_id__ .sidebar-section [data-css=\"tve-u-172b80e7ca1\"] > :first-child { color: var(--tcb-skin-color-13); }.tve-theme-__template_id__ .sidebar-section [data-css=\"tve-u-172b80e88dd\"] { font-size: 22px; width: 22px; height: 22px; border-radius: 0px; overflow: hidden; border: none; float: none; z-index: 3; position: relative; padding: 1px !important; margin: 0px auto 4px !important; background-color: transparent !important; }:not(#tve) .tve-theme-__template_id__ .sidebar-section [data-css=\"tve-u-172b80e88dd\"] > :first-child { color: var(--tcb-skin-color-13); }.tve-theme-__template_id__ .sidebar-section [data-css=\"tve-u-172b80eb02b\"] { max-width: 22.3%; }.tve-theme-__template_id__ .sidebar-section [data-css=\"tve-u-172b80eb02e\"] { max-width: 77.7%; }.tve-theme-__template_id__ .sidebar-section [data-css=\"tve-u-172b80eb868\"] { margin-top: 0px !important; margin-bottom: 0px !important; }.tve-theme-__template_id__ .sidebar-section [data-css=\"tve-u-172b80ec7d4\"] { max-width: 22.1%; }.tve-theme-__template_id__ .sidebar-section [data-css=\"tve-u-172b80ec7d8\"] { max-width: 77.9%; }.tve-theme-__template_id__ .sidebar-section [data-css=\"tve-u-172b811fbfb\"] { padding: 0px !important; }.tve-theme-__template_id__ .sidebar-section [data-css=\"tve-u-172b811fbfb\"] > .tcb-flex-col > .tcb-col { justify-content: center; }.tve-theme-__template_id__ .sidebar-section [data-css=\"tve-u-172b8121103\"] { padding: 0px !important; }.tve-theme-__template_id__ .sidebar-section [data-css=\"tve-u-172b8121103\"] > .tcb-flex-col > .tcb-col { justify-content: center; }.tve-theme-__template_id__ .sidebar-section [data-css=\"tve-u-172b844d989\"] { background-color: transparent !important; border: none !important; background-image: none !important; }.tve-theme-__template_id__ .sidebar-section [data-css=\"tve-u-172b846645f\"] { background-color: transparent !important; border: none !important; background-image: none !important; }:not(#tve) .tve-theme-__template_id__ .sidebar-section .thrv-content-box [data-css=\"tve-u-172b846ec4c\"] p, :not(#tve) .tve-theme-__template_id__ .sidebar-section .thrv-content-box [data-css=\"tve-u-172b846ec4c\"] li, :not(#tve) .tve-theme-__template_id__ .sidebar-section .thrv-content-box [data-css=\"tve-u-172b846ec4c\"] blockquote, :not(#tve) .tve-theme-__template_id__ .sidebar-section .thrv-content-box [data-css=\"tve-u-172b846ec4c\"] address, :not(#tve) .tve-theme-__template_id__ .sidebar-section .thrv-content-box [data-css=\"tve-u-172b846ec4c\"] .tcb-plain-text, :not(#tve) .tve-theme-__template_id__ .sidebar-section .thrv-content-box [data-css=\"tve-u-172b846ec4c\"] label, :not(#tve) .tve-theme-__template_id__ .sidebar-section .thrv-content-box [data-css=\"tve-u-172b846ec4c\"] h1, :not(#tve) .tve-theme-__template_id__ .sidebar-section .thrv-content-box [data-css=\"tve-u-172b846ec4c\"] h2, :not(#tve) .tve-theme-__template_id__ .sidebar-section .thrv-content-box [data-css=\"tve-u-172b846ec4c\"] h3, :not(#tve) .tve-theme-__template_id__ .sidebar-section .thrv-content-box [data-css=\"tve-u-172b846ec4c\"] h4, :not(#tve) .tve-theme-__template_id__ .sidebar-section .thrv-content-box [data-css=\"tve-u-172b846ec4c\"] h5, :not(#tve) .tve-theme-__template_id__ .sidebar-section .thrv-content-box [data-css=\"tve-u-172b846ec4c\"] h6 { color: var(--tve-color, var(--tcb-skin-color-3)); --tcb-applied-color:var$(--tcb-skin-color-3); }.tve-theme-__template_id__ .sidebar-section [data-css=\"tve-u-172b846ec4c\"] { --tve-color:var(--tcb-skin-color-3); --tve-font-size:11px; --tve-line-height:1.4em; text-align: left; --tve-text-transform:uppercase; }:not(#tve) .tve-theme-__template_id__ .sidebar-section .thrv-content-box [data-css=\"tve-u-172b846ec4c\"] p, :not(#tve) .tve-theme-__template_id__ .sidebar-section .thrv-content-box [data-css=\"tve-u-172b846ec4c\"] li, :not(#tve) .tve-theme-__template_id__ .sidebar-section .thrv-content-box [data-css=\"tve-u-172b846ec4c\"] blockquote, :not(#tve) .tve-theme-__template_id__ .sidebar-section .thrv-content-box [data-css=\"tve-u-172b846ec4c\"] address, :not(#tve) .tve-theme-__template_id__ .sidebar-section .thrv-content-box [data-css=\"tve-u-172b846ec4c\"] .tcb-plain-text, :not(#tve) .tve-theme-__template_id__ .sidebar-section .thrv-content-box [data-css=\"tve-u-172b846ec4c\"] label { font-size: var(--tve-font-size, 11px); line-height: var(--tve-line-height, 1.4em); }:not(#tve) .tve-theme-__template_id__ .sidebar-section [data-css=\"tve-u-172b846ec4c\"] p, :not(#tve) .tve-theme-__template_id__ .sidebar-section [data-css=\"tve-u-172b846ec4c\"] li, :not(#tve) .tve-theme-__template_id__ .sidebar-section [data-css=\"tve-u-172b846ec4c\"] blockquote, :not(#tve) .tve-theme-__template_id__ .sidebar-section [data-css=\"tve-u-172b846ec4c\"] address, :not(#tve) .tve-theme-__template_id__ .sidebar-section [data-css=\"tve-u-172b846ec4c\"] .tcb-plain-text, :not(#tve) .tve-theme-__template_id__ .sidebar-section [data-css=\"tve-u-172b846ec4c\"] label, :not(#tve) .tve-theme-__template_id__ .sidebar-section [data-css=\"tve-u-172b846ec4c\"] h1, :not(#tve) .tve-theme-__template_id__ .sidebar-section [data-css=\"tve-u-172b846ec4c\"] h2, :not(#tve) .tve-theme-__template_id__ .sidebar-section [data-css=\"tve-u-172b846ec4c\"] h3, :not(#tve) .tve-theme-__template_id__ .sidebar-section [data-css=\"tve-u-172b846ec4c\"] h4, :not(#tve) .tve-theme-__template_id__ .sidebar-section [data-css=\"tve-u-172b846ec4c\"] h5, :not(#tve) .tve-theme-__template_id__ .sidebar-section [data-css=\"tve-u-172b846ec4c\"] h6 { text-transform: var(--tve-text-transform, uppercase); }.tve-theme-__template_id__ .sidebar-section [data-css=\"tve-u-172b7e77368\"] img { filter: grayscale(0%) blur(0px) brightness(100%) sepia(0%) invert(100%) saturate(100%) contrast(100%) hue-rotate(0deg); opacity: 0.08; }.tve-theme-__template_id__ .sidebar-section [data-css=\"tve-u-172b8587465\"] { float: none; max-width: 124px; margin-left: auto !important; margin-right: auto !important; z-index: 8 !important; margin-bottom: 30px !important; }.tve-theme-__template_id__ .sidebar-section [data-css=\"tve-u-1725bac5eae\"] > .tve-cb { justify-content: center; display: flex; flex-direction: column; }.tve-theme-__template_id__ .sidebar-section [data-css=\"tve-u-172cc039f53\"] { background-color: var(--tcb-skin-color-0)  !important; border: none !important; }.tve-theme-__template_id__ .sidebar-section [data-css=\"tve-u-172cc09f34f\"] { --tve-font-size:13px; --tve-color:rgb(255, 255, 255); text-align: center; }:not(#tve) .tve-theme-__template_id__ .sidebar-section .thrv-content-box [data-css=\"tve-u-172cc09f34f\"] p, :not(#tve) .tve-theme-__template_id__ .sidebar-section .thrv-content-box [data-css=\"tve-u-172cc09f34f\"] li, :not(#tve) .tve-theme-__template_id__ .sidebar-section .thrv-content-box [data-css=\"tve-u-172cc09f34f\"] blockquote, :not(#tve) .tve-theme-__template_id__ .sidebar-section .thrv-content-box [data-css=\"tve-u-172cc09f34f\"] address, :not(#tve) .tve-theme-__template_id__ .sidebar-section .thrv-content-box [data-css=\"tve-u-172cc09f34f\"] .tcb-plain-text, :not(#tve) .tve-theme-__template_id__ .sidebar-section .thrv-content-box [data-css=\"tve-u-172cc09f34f\"] label { font-size: var(--tve-font-size, 13px); }:not(#tve) .tve-theme-__template_id__ .sidebar-section [data-css=\"tve-u-172cc0d5dbb\"] { letter-spacing: 1px; padding-bottom: 0px !important; margin-bottom: 0px !important; text-transform: none !important; font-size: 11px !important; }:not(#tve) .tve-theme-__template_id__ .sidebar-section .thrv-content-box [data-css=\"tve-u-172cc09f34f\"] p, :not(#tve) .tve-theme-__template_id__ .sidebar-section .thrv-content-box [data-css=\"tve-u-172cc09f34f\"] li, :not(#tve) .tve-theme-__template_id__ .sidebar-section .thrv-content-box [data-css=\"tve-u-172cc09f34f\"] blockquote, :not(#tve) .tve-theme-__template_id__ .sidebar-section .thrv-content-box [data-css=\"tve-u-172cc09f34f\"] address, :not(#tve) .tve-theme-__template_id__ .sidebar-section .thrv-content-box [data-css=\"tve-u-172cc09f34f\"] .tcb-plain-text, :not(#tve) .tve-theme-__template_id__ .sidebar-section .thrv-content-box [data-css=\"tve-u-172cc09f34f\"] label, :not(#tve) .tve-theme-__template_id__ .sidebar-section .thrv-content-box [data-css=\"tve-u-172cc09f34f\"] h1, :not(#tve) .tve-theme-__template_id__ .sidebar-section .thrv-content-box [data-css=\"tve-u-172cc09f34f\"] h2, :not(#tve) .tve-theme-__template_id__ .sidebar-section .thrv-content-box [data-css=\"tve-u-172cc09f34f\"] h3, :not(#tve) .tve-theme-__template_id__ .sidebar-section .thrv-content-box [data-css=\"tve-u-172cc09f34f\"] h4, :not(#tve) .tve-theme-__template_id__ .sidebar-section .thrv-content-box [data-css=\"tve-u-172cc09f34f\"] h5, :not(#tve) .tve-theme-__template_id__ .sidebar-section .thrv-content-box [data-css=\"tve-u-172cc09f34f\"] h6 { color: var(--tve-color, rgb(255, 255, 255)); --tcb-applied-color:rgb(255, 255, 255); }.tve-theme-__template_id__ .sidebar-section [data-css=\"tve-u-172cc11848d\"] { margin-bottom: 0px !important; padding: 0px !important; }.tve-theme-__template_id__ .sidebar-section [data-css=\"tve-u-172cc12e8b3\"] { margin-top: 0px !important; padding: 20px !important; }.tve-theme-__template_id__ .sidebar-section [data-css=\"tve-u-172cc148d37\"] { width: 500px; margin-bottom: 0px !important; margin-top: 0px !important; }.tve-theme-__template_id__ .sidebar-section [data-css=\"tve-u-172cc148d37\"] .tve_image_frame { height: 216px; }.tve-theme-__template_id__ .sidebar-section [data-css=\"tve-u-172cc152202\"] { margin-top: -102px; width: 100% !important; max-width: none !important; }.tve-theme-__template_id__ .sidebar-section [data-css=\"tve-u-172cc246070\"] { background-color: transparent !important; border: none !important; background-image: none !important; }:not(#tve) .tve-theme-__template_id__ .sidebar-section [data-css=\"tve-u-172cc309e5b\"] { letter-spacing: 3px; text-transform: uppercase !important; padding-bottom: 0px !important; margin-bottom: 0px !important; font-size: 11px !important; font-weight: var(--g-bold-weight, bold)  !important; }.tve-theme-__template_id__ .sidebar-section .thrv-divider[data-css=\"tve-u-172cc30d8c4\"] .tve_sep { border-width: 3px !important; border-color: rgb(255, 255, 255) !important; }.tve-theme-__template_id__ .sidebar-section [data-css=\"tve-u-172cc30d8c4\"] { float: none; width: 35px; padding-top: 15px !important; padding-bottom: 15px !important; margin-left: auto !important; margin-right: auto !important; margin-bottom: 0px !important; }.tve-theme-__template_id__ .sidebar-section [data-css=\"tve-u-172cc31ed9d\"] { font-size: 20px; width: 20px; height: 20px; border-radius: 0px; overflow: hidden; border: none; float: none; z-index: 3; position: relative; padding: 1px !important; margin: 0px auto 4px !important; background-color: transparent !important; }:not(#tve) .tve-theme-__template_id__ .sidebar-section [data-css=\"tve-u-172cc31ed9d\"] > :first-child { color: var(--tcb-skin-color-13); }:not(#tve) .tve-theme-__template_id__ .sidebar-section [data-css=\"tve-u-172cc3260e3\"] { font-size: 42px !important; padding-bottom: 0px !important; margin-bottom: 0px !important; color: var(--tcb-skin-color-13)  !important; --tcb-applied-color:var$(--tcb-skin-color-13)  !important; }.tve-theme-__template_id__ .sidebar-section [data-css=\"tve-u-17300ab1917\"] { padding: 12px !important; margin-bottom: 8px !important; margin-top: 0px !important; }.tve-theme-__template_id__ .sidebar-section [data-css=\"tve-u-17300ab341f\"] { padding: 12px !important; margin-bottom: 8px !important; margin-top: 0px !important; }.tve-theme-__template_id__ .sidebar-section [data-css=\"tve-u-1746ddc83fc\"] .tcb-button-link { border-radius: 100px; overflow: hidden; letter-spacing: var(--tve-letter-spacing, 2px); background-color: var(--tcb-local-color-9bd08)  !important; padding: 18px 22px !important; }:not(#tve) .tve-theme-__template_id__ .sidebar-section [data-css=\"tve-u-1746ddc83fc\"] .tcb-button-link { font-size: var(--tve-font-size, 16px)  !important; }.tve-theme-__template_id__ .sidebar-section [data-css=\"tve-u-1746ddc83fc\"] { --tve-font-size:16px; --tve-font-weight:var(--g-bold-weight, bold); --tve-letter-spacing:2px; --tcb-local-color-1bda9:rgb(19, 114, 211); --tve-color:rgb(255, 255, 255); --tcb-local-color-9bd08:rgb(19, 114, 211); }:not(#tve) .tve-theme-__template_id__ .sidebar-section [data-css=\"tve-u-1746ddc83fc\"] .tcb-button-link span { font-weight: var(--tve-font-weight, var(--g-bold-weight, bold)); color: var(--tve-color, rgb(255, 255, 255)); --tcb-applied-color:rgb(255, 255, 255); }:not(#tve) .tve-theme-__template_id__ .sidebar-section [data-css=\"tve-u-1746ddc83fc\"]:hover .tcb-button-link { background-color: var(--tcb-local-color-9bd08)  !important; background-image: linear-gradient(rgba(255, 255, 255, 0.06), rgba(255, 255, 255, 0.06)) !important; background-size: auto !important; background-position: 50% 50% !important; background-attachment: scroll !important; background-repeat: no-repeat !important; }.tve-theme-__template_id__ .sidebar-section [data-css=\"tve-u-1746ddc845d\"] { --tcb-local-color-bcd13:var(--tcb-local-color-0f48e); --form-color:--tcb-skin-color-0; float: none; --tcb-local-color-0f48e:var(--tcb-skin-color-0); margin-left: auto !important; margin-right: auto !important; }.tve-theme-__template_id__ .sidebar-section #lg-ketz9wm4 .tve-form-button.tve-color-set { --tcb-local-color-3e1f8:rgb(26, 109, 188); --tcb-local-color-9bd08:var(--tcb-local-color-0f48e); }.tve-theme-__template_id__ .sidebar-section #lg-ketz9wm4 .tve-form-button { --tcb-local-color-3e1f8:rgb(47, 138, 229); float: none; --tve-font-size:11px; --tve-color:rgb(255, 255, 255); --tve-applied---tve-color:rgb(255, 255, 255); --tve-text-transform:uppercase; margin-left: auto !important; margin-right: auto !important; margin-bottom: 0px !important; }:not(#tve) .tve-theme-__template_id__ .sidebar-section #lg-ketz9wm4 .tve_lg_regular_input:not(.tcb-excluded-from-group-item) input, :not(#tve) .tve-theme-__template_id__ .sidebar-section #lg-ketz9wm4 .tve_lg_regular_input:not(.tcb-excluded-from-group-item) textarea { border-top: none; border-right: none; border-bottom: 1px solid var(--tcb-skin-color-1); border-left: none; border-image: initial; --tve-applied-border:none; background-color: transparent !important; --tve-applied-background-color:transparent  !important; padding: 6px 0px !important; }:not(#tve) .tve-theme-__template_id__ .sidebar-section #lg-ketz9wm4 .tve_lg_regular_input:not(.tcb-excluded-from-group-item) input, :not(#tve) .tve-theme-__template_id__ .sidebar-section #lg-ketz9wm4 .tve_lg_regular_input:not(.tcb-excluded-from-group-item) textarea, :not(#tve) .tve-theme-__template_id__ .sidebar-section #lg-ketz9wm4 .tve_lg_regular_input:not(.tcb-excluded-from-group-item) ::placeholder { font-size: var(--tve-font-size, 14px); text-align: center; --tcb-applied-color:rgba(0, 0, 0, 0.7); font-weight: var(--tve-font-weight, var(--g-regular-weight, normal)); font-family: var(--tve-font-family, Arial,Helvetica,sans-serif); letter-spacing: var(--tve-letter-spacing, 1px); color: var(--tve-color, rgba(0, 0, 0, 0.7))  !important; --tve-applied-color:var$(--tve-color, rgba(0, 0, 0, 0.7))  !important; }.tve-theme-__template_id__ .sidebar-section #lg-ketz9wm4 .tve_lg_regular_input:not(.tcb-excluded-from-group-item) { --tve-font-size:14px; --tve-color:rgba(0, 0, 0, 0.7); --tve-applied---tve-color:rgba(0, 0, 0, 0.7); --tve-font-weight:var(--g-regular-weight, normal); --tve-font-family:Arial,Helvetica,sans-serif; --tve-letter-spacing:1px; }:not(#tve) .tve-theme-__template_id__ .sidebar-section #lg-ketz9wm4 .tve_lg_regular_input:not(.tcb-excluded-from-group-item):hover input, :not(#tve) .tve-theme-__template_id__ .sidebar-section #lg-ketz9wm4 .tve_lg_regular_input:not(.tcb-excluded-from-group-item):hover textarea { border-bottom: 1px solid var(--tcb-local-color-0f48e)  !important; }:not(#tve) .tve-theme-__template_id__ .sidebar-section #lg-ketz9wm4 .tve_lg_regular_input:not(.tcb-excluded-from-group-item):hover input, :not(#tve) .tve-theme-__template_id__ .sidebar-section #lg-ketz9wm4 .tve_lg_regular_input:not(.tcb-excluded-from-group-item):hover textarea, :not(#tve) .tve-theme-__template_id__ .sidebar-section #lg-ketz9wm4 .tve_lg_regular_input:not(.tcb-excluded-from-group-item):hover ::placeholder { color: var(--tve-color, rgb(17, 17, 17))  !important; --tve-applied-color:var$(--tve-color, rgb(17, 17, 17))  !important; --tcb-applied-color:rgb(17, 17, 17)  !important; }:not(#tve) .tve-theme-__template_id__ .sidebar-section #lg-ketz9wm4 .tve_lg_regular_input:not(.tcb-excluded-from-group-item):hover { --tve-color:rgb(17, 17, 17)  !important; --tve-applied---tve-color:rgb(17, 17, 17)  !important; }:not(#tve) .tve-theme-__template_id__ .sidebar-section #lg-ketz9wm4 .tve_lg_regular_input:not(.tcb-excluded-from-group-item) { margin-bottom: 20px !important; }:not(#tve) .tve-theme-__template_id__ .sidebar-section #lg-ketz9wm4 .tve-form-button .tcb-button-link { font-size: var(--tve-font-size, 11px)  !important; }:not(#tve) .tve-theme-__template_id__ .sidebar-section #lg-ketz9wm4 .tve-form-button .tcb-button-link span { color: var(--tve-color, rgb(255, 255, 255)); --tve-applied-color:var$(--tve-color, rgb(255, 255, 255)); --tcb-applied-color:rgb(255, 255, 255); text-transform: var(--tve-text-transform, uppercase); }.tve-theme-__template_id__ .sidebar-section #lg-ketz9wm4 .tve-form-button .tcb-button-link { background-color: var(--tcb-local-color-0f48e)  !important; --tve-applied-background-color:var$(--tcb-local-color-0f48e)  !important; padding: 16px !important; }:not(#tve) .tve-theme-__template_id__ .sidebar-section #lg-ketz9wm4 .tve-form-button:hover .tcb-button-link { background-color: var(--tcb-local-color-0f48e)  !important; --tve-applied-background-color:var$(--tcb-local-color-0f48e)  !important; }:not(#tve) .tve-theme-__template_id__ .sidebar-section #lg-ketz9wm4 .tve-form-button:hover .tcb-button-link span { color: var(--tve-color, rgb(244, 244, 244))  !important; --tve-applied-color:var$(--tve-color, rgb(244, 244, 244))  !important; --tcb-applied-color:rgb(244, 244, 244)  !important; }:not(#tve) .tve-theme-__template_id__ .sidebar-section #lg-ketz9wm4 .tve-form-button:hover { --tve-color:rgb(244, 244, 244)  !important; --tve-applied---tve-color:rgb(244, 244, 244)  !important; }:not(#tve) .tve-theme-__template_id__ .sidebar-section :not(#tve) #lg-ketz9wm4 .tve_lg_regular_input:not(.tcb-excluded-from-group-item):hover input, :not(#tve) .tve-theme-__template_id__ .sidebar-section :not(#tve) #lg-ketz9wm4 .tve_lg_regular_input:not(.tcb-excluded-from-group-item):hover textarea { border-bottom: 1px solid var(--tcb-skin-color-18)  !important; }","(max-width: 1023px)":".tve-theme-__template_id__ .bottom-section [data-css=\"tve-u-17299791844\"] { flex-wrap: nowrap !important; }.tve-theme-__template_id__ .bottom-section .section-content { padding-left: 40px !important; padding-right: 40px !important; }:not(#tve) .tve-theme-__template_id__ .bottom-section [data-css=\"tve-u-1729ed2a2b0\"] { letter-spacing: 4px; }:not(#tve) .tve-theme-__template_id__ .bottom-section [data-css=\"tve-u-172cc51d20d\"] { letter-spacing: 4px; }.tve-theme-__template_id__ .content-section .section-content { padding: 0px 10px 10px !important; }.tve-theme-__template_id__ .main-container { padding: 20px !important; }:not(#layout) .tve-theme-__template_id__ .main-container { --sidebar-size:32.29%; }.tve-theme-__template_id__ .top-section .section-content { min-height: 130px !important; padding-left: 40px !important; padding-right: 40px !important; }.tve-theme-__template_id__ .sidebar-section .section-content { padding: 20px 10px !important; }.tve-theme-__template_id__ .sidebar-section { margin: 0px !important; }.tve-theme-__template_id__ .sidebar-section [data-css=\"tve-u-172b80e7163\"] { font-size: 20px; width: 20px; height: 20px; float: none; padding: 1px !important; margin: 0px auto !important; }.tve-theme-__template_id__ .sidebar-section [data-css=\"tve-u-172b80e7ca1\"] { font-size: 20px; width: 20px; height: 20px; padding: 1px !important; margin-bottom: 0px !important; }.tve-theme-__template_id__ .sidebar-section [data-css=\"tve-u-172b80e88dd\"] { font-size: 20px; width: 20px; height: 20px; padding: 1px !important; margin-bottom: 0px !important; }:not(#tve) .tve-theme-__template_id__ .sidebar-section [data-css=\"tve-u-172b7e61433\"] { font-size: 10px !important; }.tve-theme-__template_id__ .sidebar-section [data-css=\"tve-u-172cc31ed9d\"] { font-size: 20px; width: 20px; height: 20px; padding: 1px !important; margin-bottom: 0px !important; }.tve-theme-__template_id__ .sidebar-section [data-css=\"tve-u-172cc152202\"] { margin-left: 0px; margin-top: -91px; width: 100% !important; max-width: none !important; }.tve-theme-__template_id__ .sidebar-section [data-css=\"tve-u-172cc148d37\"] .tve_image_frame { height: 100%; }.tve-theme-__template_id__ .sidebar-section [data-css=\"tve-u-172cc148d37\"] { float: none; width: 300px; margin-left: auto !important; margin-right: auto !important; }.tve-theme-__template_id__ .sidebar-section [data-css=\"tve-u-172cc12e8b3\"] { float: none; max-width: 300px; margin-left: auto !important; margin-right: auto !important; }.tve-theme-__template_id__ .sidebar-section [data-css=\"tve-u-172b807f08b\"] { float: none; max-width: 300px; margin-left: auto !important; margin-right: auto !important; }.tve-theme-__template_id__ .sidebar-section [data-css=\"tve-u-17300ab1917\"] { float: none; max-width: 300px; margin-left: auto !important; margin-right: auto !important; }.tve-theme-__template_id__ .sidebar-section [data-css=\"tve-u-17300ab341f\"] { float: none; max-width: 300px; margin-left: auto !important; margin-right: auto !important; }.tve-theme-__template_id__ .sidebar-section [data-css=\"tve-u-172b795acfa\"] { float: none; max-width: 300px; margin-left: auto !important; margin-right: auto !important; }.tve-theme-__template_id__ .sidebar-section [data-css=\"tve-u-1725ba26717\"] { min-height: 244px !important; }.tve-theme-__template_id__ .sidebar-section [data-css=\"tve-u-1725bac5eae\"] { margin-top: 20px !important; margin-bottom: 20px !important; padding: 14px !important; }.tve-theme-__template_id__ .sidebar-section [data-css=\"tve-u-172b7e77368\"] { width: 37px; }:not(#tve) .tve-theme-__template_id__ .sidebar-section [data-css=\"tve-u-172cc3260e3\"] { font-size: 32px !important; }.tve-theme-__template_id__ .sidebar-section [data-css=\"tve-u-172b8587465\"] { margin-bottom: 20px !important; }.tve-theme-__template_id__ .sidebar-section [data-css=\"tve-u-1746ddc845d\"] { max-width: 100% !important; }","(max-width: 767px)":".tve-theme-__template_id__ .bottom-section [data-css=\"tve-u-17298d7b5c5\"] { margin-bottom: 0px !important; }.tve-theme-__template_id__ .bottom-section [data-css=\"tve-u-17299791844\"] { margin-left: -4px; flex-wrap: wrap !important; }.tve-theme-__template_id__ .bottom-section [data-css=\"tve-u-17299791844\"] > .tcb-flex-col { padding-left: 4px; flex-basis: 90px !important; }.tve-theme-__template_id__ .bottom-section [data-css=\"tve-u-17299791c13\"] { text-align: center; }.tve-theme-__template_id__ .bottom-section [data-css=\"tve-u-172997a0646\"] { padding: 0px !important; }.tve-theme-__template_id__ .bottom-section .section-content { padding: 8px 20px !important; }:not(#tve) .tve-theme-__template_id__ .bottom-section [data-css=\"tve-u-1729ed2a2b0\"] { letter-spacing: 1px; font-size: 9px !important; }.tve-theme-__template_id__ .bottom-section [data-css=\"tve-u-1729ee20f38\"] { --tve-font-size:7px; text-align: left; padding-left: 0px !important; padding-right: 0px !important; }:not(#tve) .tve-theme-__template_id__ .bottom-section [data-css=\"tve-u-1729ee20f38\"] p, :not(#tve) .tve-theme-__template_id__ .bottom-section [data-css=\"tve-u-1729ee20f38\"] li, :not(#tve) .tve-theme-__template_id__ .bottom-section [data-css=\"tve-u-1729ee20f38\"] blockquote, :not(#tve) .tve-theme-__template_id__ .bottom-section [data-css=\"tve-u-1729ee20f38\"] address, :not(#tve) .tve-theme-__template_id__ .bottom-section [data-css=\"tve-u-1729ee20f38\"] .tcb-plain-text, :not(#tve) .tve-theme-__template_id__ .bottom-section [data-css=\"tve-u-1729ee20f38\"] label { font-size: var(--tve-font-size, 7px); }:not(#tve) .tve-theme-__template_id__ .bottom-section [data-css=\"tve-u-172cc51d20d\"] { letter-spacing: 1px; font-size: 9px !important; }.tve-theme-__template_id__ .main-container { padding: 10px !important; }.tve-theme-__template_id__ .content-section .section-content { padding: 10px !important; }.tve-theme-__template_id__ .top-section .section-content { min-height: 90px !important; padding-left: 20px !important; padding-right: 20px !important; }.tve-theme-__template_id__ .sidebar-section .section-content { padding: 20px 10px !important; }.tve-theme-__template_id__ .sidebar-section { margin-left: 0px !important; margin-right: 0px !important; margin-bottom: 0px !important; }.tve-theme-__template_id__ .sidebar-section [data-css=\"tve-u-172b80e7163\"] { float: none; z-index: 3; position: relative; font-size: 18px; width: 18px; height: 18px; padding: 1px !important; margin-left: auto !important; margin-right: auto !important; }.tve-theme-__template_id__ .sidebar-section [data-css=\"tve-u-172b80e7ca1\"] { float: none; z-index: 3; position: relative; font-size: 18px; width: 18px; height: 18px; padding: 1px !important; margin-left: auto !important; margin-right: auto !important; }.tve-theme-__template_id__ .sidebar-section [data-css=\"tve-u-172b80e88dd\"] { float: none; z-index: 3; position: relative; font-size: 18px; width: 18px; height: 18px; padding: 1px !important; margin-left: auto !important; margin-right: auto !important; }.tve-theme-__template_id__ .sidebar-section [data-css=\"tve-u-172b811fbfb\"] { flex-wrap: nowrap !important; }.tve-theme-__template_id__ .sidebar-section [data-css=\"tve-u-172b8121103\"] { flex-wrap: nowrap !important; }.tve-theme-__template_id__ .sidebar-section [data-css=\"tve-u-172b7f47c1c\"] { flex-wrap: nowrap !important; }.tve-theme-__template_id__ .sidebar-section [data-css=\"tve-u-172cc31ed9d\"] { float: none; z-index: 3; position: relative; font-size: 18px; width: 18px; height: 18px; padding: 1px !important; margin-left: auto !important; margin-right: auto !important; }.tve-theme-__template_id__ .sidebar-section [data-css=\"tve-u-172cc148d37\"] .tve_image_frame { height: 220.08px; }.tve-theme-__template_id__ .sidebar-section [data-css=\"tve-u-172cc152202\"] { margin-top: -157px; width: 100% !important; max-width: none !important; }"},"fonts":[],"dynamic":{"(min-width: 300px)":".tve-theme-__template_id__ .top-section .section-background{background-image: linear-gradient(rgba(0, 0, 0, 0.4), rgba(0, 0, 0, 0.4)), url(\"[tcb_featured_image_url size=full]\") !important;}"}},"format":"standard","tag":"5ee793c8ce7b7","no_search_results":"","primary_template":"singular","secondary_template":"product","variable_template":""},"post_status":"publish"}]