[{"ID":4802,"post_title":"WooCommerce Checkout","post_type":"thrive_template","meta_input":{"default":"1","layout":"20f07591c6fcb220ffe637cda29bb3f6","layout_data":{"hide_sidebar":1},"structure":"[thrive_template_section type=\"top\" ][thrive_template_content]\n[thrive_main_container]\n[thrive_template_section type=\"sidebar\" ]\n[thrive_template_section type=\"content\" ]\n[\/thrive_main_container]\n[\/thrive_template_content][thrive_template_section type=\"bottom\" ]","sidebar-type":"","sticky-sidebar":"","off-screen-sidebar":"","tve_globals":{"js_sdk":[],"fb_comment_admins":""},"comments":{"labels":[],"icons":[]},"sections":{"top":{"id":0,"content":"<div class=\"thrv_wrapper thrv_text_element\" style=\"\" data-css=\"tve-u-1705cdb4152\"><p style=\"\" data-css=\"tve-u-17274963a21\">Checkout<\/p><\/div>","decoration":[],"comments":[],"attr":{"class":""},"hide":1},"sidebar":{"id":0,"content":"\n<div class=\"thrv_wrapper thrv_contentbox_shortcode thrv-content-box tve-elem-default-pad\" data-css=\"tve-u-17299dd7209\" style=\"\">\n<div class=\"tve-content-box-background\" style=\"\" data-css=\"tve-u-17299dc406f\"><\/div>\n<div class=\"tve-cb\"><div class=\"thrv_wrapper thrv-columns\" data-css=\"tve-u-17300cf515e\" style=\"\"><div class=\"tcb-flex-row v-2 tcb-resized tcb--cols--2 tcb-mobile-no-wrap m-edit\" data-css=\"tve-u-17299dac952\" style=\"\"><div class=\"tcb-flex-col c-33\" data-css=\"tve-u-17304aa5040\" style=\"\"><div class=\"tcb-col\" style=\"\"><div class=\"tcb-clear\" data-css=\"tve-u-17300cf1d4a\"><div class=\"thrv_wrapper thrv_icon tcb-icon-display\" data-css=\"tve-u-17299dac966\" style=\"\"><svg class=\"tcb-icon\" viewBox=\"0 0 640 512\" data-id=\"icon-truck-light\" data-name=\"\">\n<path d=\"M632 384h-24V275.9c0-16.8-6.8-33.3-18.8-45.2l-83.9-83.9c-11.8-12-28.3-18.8-45.2-18.8H416V78.6c0-25.7-22.2-46.6-49.4-46.6H49.4C22.2 32 0 52.9 0 78.6v290.8C0 395.1 22.2 416 49.4 416h16.2c-1.1 5.2-1.6 10.5-1.6 16 0 44.2 35.8 80 80 80s80-35.8 80-80c0-5.5-.6-10.8-1.6-16h195.2c-1.1 5.2-1.6 10.5-1.6 16 0 44.2 35.8 80 80 80s80-35.8 80-80c0-5.5-.6-10.8-1.6-16H632c4.4 0 8-3.6 8-8v-16c0-4.4-3.6-8-8-8zM460.1 160c8.4 0 16.7 3.4 22.6 9.4l83.9 83.9c.8.8 1.1 1.9 1.8 2.8H416v-96h44.1zM144 480c-26.5 0-48-21.5-48-48s21.5-48 48-48 48 21.5 48 48-21.5 48-48 48zm63.6-96C193 364.7 170 352 144 352s-49 12.7-63.6 32h-31c-9.6 0-17.4-6.5-17.4-14.6V78.6C32 70.5 39.8 64 49.4 64h317.2c9.6 0 17.4 6.5 17.4 14.6V384H207.6zM496 480c-26.5 0-48-21.5-48-48s21.5-48 48-48 48 21.5 48 48-21.5 48-48 48zm0-128c-26.1 0-49 12.7-63.6 32H416v-96h160v96h-16.4c-14.6-19.3-37.5-32-63.6-32z\"><\/path>\n<\/svg><\/div><\/div><\/div><\/div><div class=\"tcb-flex-col c-66\" data-css=\"tve-u-17304aa5042\" style=\"\"><div class=\"tcb-col\" style=\"\"><div class=\"thrv_wrapper thrv_text_element\"><p data-css=\"tve-u-17299dac94f\">free Shipping<\/p><\/div><div class=\"thrv_wrapper thrv_text_element\"><p data-css=\"tve-u-17299dac951\">On Orders over $99<\/p><\/div><\/div><\/div><\/div><\/div><\/div>\n<\/div><div class=\"thrv_wrapper thrv_contentbox_shortcode thrv-content-box tve-elem-default-pad\" data-css=\"tve-u-17299ddf06d\" style=\"\">\n<div class=\"tve-content-box-background\" style=\"\" data-css=\"tve-u-17299dc406f\"><\/div>\n<div class=\"tve-cb\"><div class=\"thrv_wrapper thrv-columns\" data-css=\"tve-u-17300cf6848\" style=\"\"><div class=\"tcb-flex-row v-2 tcb-resized tcb--cols--2 tcb-mobile-no-wrap m-edit\" data-css=\"tve-u-17299e9725b\" style=\"\"><div class=\"tcb-flex-col c-33\" data-css=\"tve-u-17304aa49a2\" style=\"\"><div class=\"tcb-col\" style=\"\"><div class=\"tcb-clear\" data-css=\"tve-u-17300cf2408\"><div class=\"thrv_wrapper thrv_icon tcb-icon-display\" data-css=\"tve-u-17299dec597\" style=\"\"><svg class=\"tcb-icon\" viewBox=\"0 0 448 512\" data-id=\"icon-box-heart-light\" data-name=\"\">\n<path d=\"M447.9 176c0-10.6-2.6-21-7.6-30.3l-49.1-91.9c-4.3-13-16.5-21.8-30.3-21.8H87.1c-13.8 0-26 8.8-30.4 21.9L7.6 145.8c-5 9.3-7.6 19.7-7.6 30.3C.1 236.6 0 448 0 448c0 17.7 14.3 32 32 32h384c17.7 0 32-14.3 32-32 0 0-.1-211.4-.1-272zM240 64h120.9l50.8 96H240V64zM87.1 64H208v96H36.3l50.8-96zM224 448H32s.1-181.1.1-256H416c0 74.9.1 256 .1 256H224zm90.2-210.8c-13.9-11.6-47.7-28.5-90.2 14.5-42.6-43-76.4-26.1-90.2-14.5-27.5 23-28.9 64.2-4.3 89.1l84.7 85.6c5.5 5.5 14.3 5.5 19.8 0l84.7-85.6c24.5-24.9 23-66.1-4.5-89.1zm-18.4 66.5L224 376.4l-71.8-72.6c-10.2-10.3-12.3-30 2.1-42 13.7-11.5 31.2-3.4 38.4 3.7l31.4 31.7 31.4-31.7c7.1-7.2 24.6-15.2 38.4-3.7 14.2 12 12.2 31.6 1.9 41.9z\"><\/path>\n<\/svg><\/div><\/div><\/div><\/div><div class=\"tcb-flex-col c-66\" data-css=\"tve-u-17304aa49a5\" style=\"\"><div class=\"tcb-col\" style=\"\"><div class=\"thrv_wrapper thrv_text_element\"><p data-css=\"tve-u-17299eab053\">Eco- Packaging<\/p><\/div><div class=\"thrv_wrapper thrv_text_element\"><p data-css=\"tve-u-172b8a1f92b\" style=\"\">more Here<\/p><\/div><\/div><\/div><\/div><\/div><\/div>\n<\/div><div class=\"thrv_wrapper thrv_contentbox_shortcode thrv-content-box tve-elem-default-pad\" data-css=\"tve-u-17299ec002b\" style=\"\">\n<div class=\"tve-content-box-background\" style=\"\" data-css=\"tve-u-17299dc406f\"><\/div>\n<div class=\"tve-cb\"><div class=\"thrv_wrapper thrv-columns\" data-css=\"tve-u-17300cf8049\" style=\"\"><div class=\"tcb-flex-row v-2 tcb-resized tcb--cols--2 tcb-mobile-no-wrap m-edit\" data-css=\"tve-u-17299e95f26\" style=\"\"><div class=\"tcb-flex-col c-33\" data-css=\"tve-u-17304aa32b5\" style=\"\"><div class=\"tcb-col\" style=\"\"><div class=\"tcb-clear\" data-css=\"tve-u-17300cf2b1e\"><div class=\"thrv_wrapper thrv_icon tcb-icon-display\" data-css=\"tve-u-17299deb6e1\" style=\"\"><svg class=\"tcb-icon\" viewBox=\"0 0 512 512\" data-id=\"icon-sync-light\" data-name=\"\">\n<path d=\"M492 8h-10c-6.627 0-12 5.373-12 12v110.627C426.929 57.261 347.224 8 256 8 123.228 8 14.824 112.338 8.31 243.493 7.971 250.311 13.475 256 20.301 256h10.016c6.353 0 11.646-4.949 11.977-11.293C48.157 132.216 141.097 42 256 42c82.862 0 154.737 47.077 190.289 116H332c-6.627 0-12 5.373-12 12v10c0 6.627 5.373 12 12 12h160c6.627 0 12-5.373 12-12V20c0-6.627-5.373-12-12-12zm-.301 248h-10.015c-6.352 0-11.647 4.949-11.977 11.293C463.841 380.158 370.546 470 256 470c-82.608 0-154.672-46.952-190.299-116H180c6.627 0 12-5.373 12-12v-10c0-6.627-5.373-12-12-12H20c-6.627 0-12 5.373-12 12v160c0 6.627 5.373 12 12 12h10c6.627 0 12-5.373 12-12V381.373C85.071 454.739 164.777 504 256 504c132.773 0 241.176-104.338 247.69-235.493.339-6.818-5.165-12.507-11.991-12.507z\"><\/path>\n<\/svg><\/div><\/div><\/div><\/div><div class=\"tcb-flex-col c-66\" data-css=\"tve-u-17304aa32b8\" style=\"\"><div class=\"tcb-col\" style=\"\"><div class=\"thrv_wrapper thrv_text_element\"><p data-css=\"tve-u-17299eaa4a7\">Easy returns<\/p><\/div><div class=\"thrv_wrapper thrv_text_element\"><p data-css=\"tve-u-17299dac951\">More Here<\/p><\/div><\/div><\/div><\/div><\/div><\/div>\n<\/div><div class=\"thrv_wrapper thrv_contentbox_shortcode thrv-content-box tve-elem-default-pad\" data-css=\"tve-u-17299dac964\" style=\"\">\n<div class=\"tve-content-box-background\" style=\"\" data-css=\"tve-u-17299dc406f\"><\/div>\n<div class=\"tve-cb\"><div class=\"thrv_wrapper thrv-columns\" data-css=\"tve-u-17299dac953\" style=\"\"><div class=\"tcb-flex-row v-2 tcb-resized tcb--cols--2 tcb-mobile-no-wrap m-edit\" data-css=\"tve-u-17299e9512b\" style=\"\"><div class=\"tcb-flex-col c-33\" data-css=\"tve-u-17299dac955\" style=\"\"><div class=\"tcb-col\" style=\"\"><div class=\"tcb-clear\" data-css=\"tve-u-17299dac967\"><div class=\"thrv_wrapper thrv_icon tcb-icon-display\" data-css=\"tve-u-17299e991f6\" style=\"\"><svg class=\"tcb-icon\" viewBox=\"0 0 576 512\" data-id=\"icon-hand-holding-usd-light\" data-name=\"\">\n<path d=\"M256.7 135.7l56.4 16.1c8.8 2.5 14.9 10.6 14.9 19.7 0 11.3-9.2 20.5-20.5 20.5h-36.9c-8.2 0-16.1-2.6-22.6-7.3-3-2.2-7.2-1.5-9.8 1.2l-11.4 11.4c-3.5 3.5-2.9 9.2 1 12.2 12.3 9.4 27.2 14.5 42.9 14.5h1.4v24c0 4.4 3.6 8 8 8h16c4.4 0 8-3.6 8-8v-24h1.4c22.8 0 44.3-13.6 51.7-35.2 10.1-29.6-7.3-59.8-35.1-67.8L263 104.1c-8.8-2.5-14.9-10.6-14.9-19.7 0-11.3 9.2-20.5 20.5-20.5h36.9c8.2 0 16.1 2.6 22.6 7.3 3 2.2 7.2 1.5 9.8-1.2l11.4-11.4c3.5-3.5 2.9-9.2-1-12.2C336 37.1 321.1 32 305.4 32H304V8c0-4.4-3.6-8-8-8h-16c-4.4 0-8 3.6-8 8v24h-3.5c-30.6 0-55.1 26.3-52.2 57.5 2 22.1 19 40.1 40.4 46.2zm301.6 197.9c-19.7-17.7-49.4-17.6-69.9-1.2l-61.6 49.3c-1.9 1.5-4.2 2.3-6.7 2.3h-41.6c4.6-9.6 6.5-20.7 4.8-32.3-4-27.9-29.6-47.7-57.8-47.7H181.3c-20.8 0-41 6.7-57.6 19.2L85.3 352H8c-4.4 0-8 3.6-8 8v16c0 4.4 3.6 8 8 8h88l46.9-35.2c11.1-8.3 24.6-12.8 38.4-12.8H328c13.3 0 24 10.7 24 24s-10.7 24-24 24h-88c-8.8 0-16 7.2-16 16s7.2 16 16 16h180.2c9.7 0 19.1-3.3 26.7-9.3l61.6-49.2c7.7-6.1 20-7.6 28.4 0 10.1 9.1 9.3 24.5-.9 32.6l-100.8 80.7c-7.6 6.1-17 9.3-26.7 9.3H8c-4.4 0-8 3.6-8 8v16c0 4.4 3.6 8 8 8h400.5c17 0 33.4-5.8 46.6-16.4L556 415c12.2-9.8 19.5-24.4 20-40s-6-30.8-17.7-41.4z\"><\/path>\n<\/svg><\/div><\/div><\/div><\/div><div class=\"tcb-flex-col c-66\" data-css=\"tve-u-17299dac956\" style=\"\"><div class=\"tcb-col\" style=\"\"><div class=\"thrv_wrapper thrv_text_element\"><p data-css=\"tve-u-17299ea959f\">30-day money- back<\/p><\/div><div class=\"thrv_wrapper thrv_text_element\"><p data-css=\"tve-u-17299dac951\">More Here<\/p><\/div><\/div><\/div><\/div><\/div><\/div>\n<\/div><div class=\"thrv_wrapper thrv_contentbox_shortcode thrv-content-box tve-elem-default-pad\" data-css=\"tve-u-1725bac5eae\" style=\"\" data-class=\"\">\n<div class=\"tve-content-box-background\" data-css=\"tve-u-1725ba1e54e\" style=\"\"><\/div>\n<div class=\"tve-cb\" style=\"\" data-css=\"tve-u-1725ba26717\"><div class=\"thrv_wrapper thrv_text_element\" style=\"\" data-css=\"tve-u-17299ca265f\"><p data-css=\"tve-u-17299d3b4c7\">-20%<\/p><\/div><div class=\"thrv_wrapper thrv_text_element\" style=\"\" data-css=\"tve-u-17299451e08\"><p data-css=\"tve-u-17299cd57a8\" style=\"\">All Summer Collection<\/p><\/div><div class=\"thrv_wrapper thrv-button thrv-button-v2 tcb-local-vars-root tve_ea_thrive_animation tve_anim_bob\" data-button-style=\"btn-tpl-58341\" data-css=\"tve-u-17299d28974\" style=\"\"><div class=\"thrive-colors-palette-config\" style=\"display: none !important\">__CONFIG_colors_palette__{\"active_palette\":0,\"config\":{\"colors\":{\"1d30b\":{\"name\":\"Main Accent\",\"parent\":-1},\"3d2c0\":{\"name\":\"Main Accent Low Opacity\",\"parent\":\"1d30b\",\"lock\":{\"saturation\":1,\"lightness\":1}}},\"gradients\":[]},\"palettes\":[{\"name\":\"Default Palette\",\"value\":{\"colors\":{\"1d30b\":{\"val\":\"var(--tcb-skin-color-0)\"},\"3d2c0\":{\"val\":\"rgba(20, 115, 210, 0.2)\",\"hsl_parent_dependency\":{\"h\":210,\"l\":0.45,\"s\":0.83}}},\"gradients\":[]},\"original\":{\"colors\":{\"1d30b\":{\"val\":\"rgb(19, 114, 211)\",\"hsl\":{\"h\":210,\"s\":0.83,\"l\":0.45}},\"3d2c0\":{\"val\":\"rgba(19, 114, 211, 0.2)\",\"hsl_parent_dependency\":{\"h\":210,\"s\":0.83,\"l\":0.45}}},\"gradients\":[]}}]}__CONFIG_colors_palette__<\/div>\n<a href=\"#\" class=\"tcb-button-link tve_evt_manager_listen tve_et_mouseover\" data-tcb-events=\"__TCB_EVENT_[{&quot;t&quot;:&quot;mouseover&quot;,&quot;config&quot;:{&quot;anim&quot;:&quot;bob&quot;,&quot;loop&quot;:1},&quot;a&quot;:&quot;thrive_animation&quot;}]_TNEVE_BCT__\">\n<span class=\"tcb-button-texts\" style=\"\"><span class=\"tcb-button-text thrv-inline-text\" style=\"\">Buy Now<\/span><span class=\"tcb-secondary-text thrv-inline-text tve-froala fr-box\" style=\"\"><\/span><\/span>\n<\/a>\n<\/div><\/div>\n<\/div><div class=\"thrv_wrapper thrv_widget thrv_woocommerce_products\"><div class=\"widget-config\" style=\"display: none;\">__CONFIG_thrive_widget__{\"title\":\"On Sale Now\",\"number\":\"4\",\"show\":\"onsale\",\"orderby\":\"date\",\"order\":\"desc\",\"hide_free\":\"0\",\"show_hidden\":\"0\",\"type\":\"widget_woocommerce_products\",\"tve_shortcode_rendered\":0}__CONFIG_thrive_widget__<\/div><\/div><div class=\"thrv_wrapper thrv_widget thrv_woocommerce_recently_viewed_products\"><div class=\"widget-config\" style=\"display: none;\">__CONFIG_thrive_widget__{\"title\":\"Recently Viewed Products\",\"number\":\"10\",\"type\":\"widget_woocommerce_recently_viewed_products\",\"tve_shortcode_rendered\":0}__CONFIG_thrive_widget__<\/div><\/div><div class=\"thrv_wrapper thrv_widget thrv_woocommerce_widget_cart\"><div class=\"widget-config\" style=\"display: none;\">__CONFIG_thrive_widget__{\"title\":\"Cart\",\"hide_if_empty\":\"0\",\"type\":\"widget_woocommerce_widget_cart\",\"tve_shortcode_rendered\":0}__CONFIG_thrive_widget__<\/div>\n\n\n<\/div>\n","decoration":[],"comments":[],"attr":{"class":""},"hide":1},"content":{"id":0,"content":"[thrive_checkout_template]","decoration":[],"comments":[],"attr":{"class":""},"hide":0},"bottom":{"id":0,"content":"<div class=\"thrv_wrapper thrv_contentbox_shortcode thrv-content-box\" data-css=\"tve-u-17304551d6a\" data-ct-name=\"Minimal Style 3\" data-ct=\"testimonial-8614\" data-element-name=\"Testimonial\" style=\"\">\n<div class=\"tve-content-box-background\"><\/div>\n<div class=\"tve-cb tve_empty_dropzone\" data-css=\"tve-u-17304551d6b\" style=\"\"><div class=\"thrv_wrapper thrv_contentbox_shortcode thrv-content-box\" data-css=\"tve-u-17304551d6c\" style=\"\">\n<div class=\"tve-content-box-background\" data-css=\"tve-u-17304551d6d\" style=\"\"><\/div>\n<div class=\"tve-cb tve_empty_dropzone\" style=\"\" data-css=\"tve-u-1730456739a\"><div class=\"thrv_wrapper thrv-columns\" data-css=\"tve-u-17304551d6e\" style=\"\"><div class=\"tcb-flex-row tcb--cols--3 tcb-resized v-2\" data-css=\"tve-u-17304551d6f\"><div class=\"tcb-flex-col\" data-css=\"tve-u-17304551d70\" style=\"\"><div class=\"tcb-col tve_empty_dropzone\" data-css=\"tve-u-17304551d71\" style=\"\"><div class=\"tcb-clear\" data-css=\"tve-u-1730457a26b\"><div class=\"thrv_wrapper tve_image_caption\" data-css=\"tve-u-17304551d72\" style=\"\"><span class=\"tve_image_frame\" style=\"width: 100%;\"><img loading=\"lazy\" class=\"tve_image wp-image-6372\" alt=\"\" width=\"68\" height=\"68\" title=\"bright-author-guy-200\" data-id=\"6372\" src=\"{{img=d173a3b8298f3f44594f56e9823de00b}}\" style=\"\" data-width=\"68\" data-height=\"68\" data-init-width=\"200\" data-init-height=\"200\" data-css=\"tve-u-1730457f99a\"><\/span><\/div><\/div><\/div><\/div><div class=\"tcb-flex-col\" data-css=\"tve-u-17304551d73\" style=\"\"><div class=\"tcb-col tve_empty_dropzone\" style=\"\"><div class=\"thrv_wrapper thrv_text_element tve_empty_dropzone\" data-css=\"tve-u-17304551d74\"><p style=\"\">John Doe<\/p><\/div><div class=\"thrv_wrapper thrv_text_element tve_empty_dropzone\" data-css=\"tve-u-17304551d76\"><p style=\"\">UI\/UX Designer<\/p><\/div><\/div><\/div><div class=\"tcb-flex-col\" data-css=\"tve-u-173045693f0\" style=\"\"><div class=\"tcb-col\" style=\"\"><div class=\"thrv_wrapper thrv_text_element tve_empty_dropzone\" data-css=\"tve-u-17304551d78\" style=\"\"><p style=\"\"><span data-css=\"tve-u-17304563b89\" style=\"font-size: 27px;\">\u275d <\/span>Lorem ipsum dolor sit amet, consectetur adipisicing elit, sed do eiusmod tempor incididunt ut labore et dolore magna aliqua. Ut enim ad minim veniam, quis nostrud exercitation ullamco laboris nisi ut aliquip ex ea commodo consequat. Duis aute irure dolor in reprehenderit in voluptate velit esse cillum dolore eu fugiat nulla pariatur.<\/p><\/div><\/div><\/div><\/div><\/div><\/div>\n<\/div><\/div>\n<\/div><div class=\"thrv_wrapper thrv-columns\" data-css=\"tve-u-172f0121a57\" style=\"\"><div class=\"tcb-flex-row v-2 m-edit tcb-mobile-wrap tcb-medium-wrap tcb-resized tcb--cols--4\" data-css=\"tve-u-172f0121a55\" style=\"\"><div class=\"tcb-flex-col\" data-css=\"tve-u-172f0121a5e\" style=\"\"><div class=\"tcb-col\"><div class=\"thrv_wrapper thrv_contentbox_shortcode thrv-content-box tve-elem-default-pad\" data-css=\"tve-u-172f04d4a7b\" style=\"\">\n<div class=\"tve-content-box-background\"><\/div>\n<div class=\"tve-cb\"><div class=\"thrv_wrapper thrv-columns\" data-css=\"tve-u-172f044b119\" style=\"\"><div class=\"tcb-flex-row v-2 tcb--cols--2 tcb-resized m-edit tcb-mobile-wrap\" data-css=\"tve-u-172f04f7b91\" style=\"\"><div class=\"tcb-flex-col c-33\" data-css=\"tve-u-172f0448dd6\" style=\"\"><div class=\"tcb-col\" style=\"\"><div class=\"tcb-clear\" data-css=\"tve-u-172f050034d\"><div class=\"thrv_wrapper thrv_icon tcb-icon-display\" data-css=\"tve-u-172f04a8abc\" style=\"\"><svg class=\"tcb-icon\" viewBox=\"0 0 640 512\" data-id=\"icon-shipping-fast-solid\" data-name=\"\">\n<path d=\"M624 352h-16V243.9c0-12.7-5.1-24.9-14.1-33.9L494 110.1c-9-9-21.2-14.1-33.9-14.1H416V48c0-26.5-21.5-48-48-48H112C85.5 0 64 21.5 64 48v48H8c-4.4 0-8 3.6-8 8v16c0 4.4 3.6 8 8 8h272c4.4 0 8 3.6 8 8v16c0 4.4-3.6 8-8 8H40c-4.4 0-8 3.6-8 8v16c0 4.4 3.6 8 8 8h208c4.4 0 8 3.6 8 8v16c0 4.4-3.6 8-8 8H8c-4.4 0-8 3.6-8 8v16c0 4.4 3.6 8 8 8h208c4.4 0 8 3.6 8 8v16c0 4.4-3.6 8-8 8H64v128c0 53 43 96 96 96s96-43 96-96h128c0 53 43 96 96 96s96-43 96-96h48c8.8 0 16-7.2 16-16v-32c0-8.8-7.2-16-16-16zM160 464c-26.5 0-48-21.5-48-48s21.5-48 48-48 48 21.5 48 48-21.5 48-48 48zm320 0c-26.5 0-48-21.5-48-48s21.5-48 48-48 48 21.5 48 48-21.5 48-48 48zm80-208H416V144h44.1l99.9 99.9V256z\"><\/path>\n<\/svg><\/div><\/div><\/div><\/div><div class=\"tcb-flex-col c-66\" data-css=\"tve-u-172f0448e00\" style=\"\"><div class=\"tcb-col\" style=\"\"><div class=\"thrv_wrapper thrv_text_element\" data-css=\"tve-u-172f03e133e\" style=\"\"><p class=\"tcb-global-text-\" data-css=\"tve-u-172f04c2dbf\" style=\"\">Free Next Day Delivery<\/p><\/div><div class=\"thrv_wrapper thrv_text_element\" data-css=\"tve-u-172f03e133e\"><p class=\"tcb-global-text-\" data-css=\"tve-u-172f03e596c\" style=\"\">7 days\/week<\/p><\/div><\/div><\/div><\/div><\/div><\/div>\n<\/div><\/div><\/div><div class=\"tcb-flex-col\" data-css=\"tve-u-172f0121a62\" style=\"\"><div class=\"tcb-col\"><div class=\"thrv_wrapper thrv_contentbox_shortcode thrv-content-box tve-elem-default-pad\" data-css=\"tve-u-172f04d4a7b\" style=\"\">\n<div class=\"tve-content-box-background\"><\/div>\n<div class=\"tve-cb\"><div class=\"thrv_wrapper thrv-columns\" data-css=\"tve-u-172f044b119\" style=\"\"><div class=\"tcb-flex-row v-2 tcb--cols--2 tcb-resized m-edit tcb-mobile-wrap\" data-css=\"tve-u-172f04f7b91\" style=\"\"><div class=\"tcb-flex-col c-33\" data-css=\"tve-u-172f0448dd6\" style=\"\"><div class=\"tcb-col\" style=\"\"><div class=\"tcb-clear\" data-css=\"tve-u-172f050034d\"><div class=\"thrv_wrapper thrv_icon tcb-icon-display\" data-css=\"tve-u-172f04a8abc\" style=\"\"><svg class=\"tcb-icon\" viewBox=\"0 0 512 512\" data-id=\"icon-medal-solid\" data-name=\"\">\n<path d=\"M223.75 130.75L154.62 15.54A31.997 31.997 0 0 0 127.18 0H16.03C3.08 0-4.5 14.57 2.92 25.18l111.27 158.96c29.72-27.77 67.52-46.83 109.56-53.39zM495.97 0H384.82c-11.24 0-21.66 5.9-27.44 15.54l-69.13 115.21c42.04 6.56 79.84 25.62 109.56 53.38L509.08 25.18C516.5 14.57 508.92 0 495.97 0zM256 160c-97.2 0-176 78.8-176 176s78.8 176 176 176 176-78.8 176-176-78.8-176-176-176zm92.52 157.26l-37.93 36.96 8.97 52.22c1.6 9.36-8.26 16.51-16.65 12.09L256 393.88l-46.9 24.65c-8.4 4.45-18.25-2.74-16.65-12.09l8.97-52.22-37.93-36.96c-6.82-6.64-3.05-18.23 6.35-19.59l52.43-7.64 23.43-47.52c2.11-4.28 6.19-6.39 10.28-6.39 4.11 0 8.22 2.14 10.33 6.39l23.43 47.52 52.43 7.64c9.4 1.36 13.17 12.95 6.35 19.59z\"><\/path>\n<\/svg><\/div><\/div><\/div><\/div><div class=\"tcb-flex-col c-66\" data-css=\"tve-u-172f0448e00\" style=\"\"><div class=\"tcb-col\" style=\"\"><div class=\"thrv_wrapper thrv_text_element\" data-css=\"tve-u-172f03e133e\" style=\"\"><p class=\"tcb-global-text-\" data-css=\"tve-u-172f04c2dbf\" style=\"\">14 years of experience<\/p><\/div><div class=\"thrv_wrapper thrv_text_element\" data-css=\"tve-u-172f03e133e\"><p class=\"tcb-global-text-\" data-css=\"tve-u-172f03e596c\" style=\"\">over 400000 customers<\/p><\/div><\/div><\/div><\/div><\/div><\/div>\n<\/div><\/div><\/div><div class=\"tcb-flex-col\" data-css=\"tve-u-172f02823f6\" style=\"\"><div class=\"tcb-col\"><div class=\"thrv_wrapper thrv_contentbox_shortcode thrv-content-box tve-elem-default-pad\" data-css=\"tve-u-172f04d338e\" style=\"\">\n<div class=\"tve-content-box-background\"><\/div>\n<div class=\"tve-cb\"><div class=\"thrv_wrapper thrv-columns\" data-css=\"tve-u-172f044b119\" style=\"\"><div class=\"tcb-flex-row v-2 tcb--cols--2 tcb-resized\" data-css=\"tve-u-172f04e38b8\" style=\"\"><div class=\"tcb-flex-col c-33\" data-css=\"tve-u-172f0448dd6\" style=\"\"><div class=\"tcb-col\" style=\"\"><div class=\"tcb-clear\" data-css=\"tve-u-172f0502711\"><div class=\"thrv_wrapper thrv_icon tcb-icon-display\" data-css=\"tve-u-172f04bd161\" style=\"\"><svg class=\"tcb-icon\" viewBox=\"0 0 512 512\" data-id=\"icon-shield-check-solid\" data-name=\"\">\n<path d=\"M466.5 83.7l-192-80a48.15 48.15 0 0 0-36.9 0l-192 80C27.7 91.1 16 108.6 16 128c0 198.5 114.5 335.7 221.5 380.3 11.8 4.9 25.1 4.9 36.9 0C360.1 472.6 496 349.3 496 128c0-19.4-11.7-36.9-29.5-44.3zm-47.2 114.2l-184 184c-6.2 6.2-16.4 6.2-22.6 0l-104-104c-6.2-6.2-6.2-16.4 0-22.6l22.6-22.6c6.2-6.2 16.4-6.2 22.6 0l70.1 70.1 150.1-150.1c6.2-6.2 16.4-6.2 22.6 0l22.6 22.6c6.3 6.3 6.3 16.4 0 22.6z\"><\/path>\n<\/svg><\/div><\/div><\/div><\/div><div class=\"tcb-flex-col c-66\" data-css=\"tve-u-172f0448e00\" style=\"\"><div class=\"tcb-col\" style=\"\"><div class=\"thrv_wrapper thrv_text_element\" data-css=\"tve-u-172f03e133e\" style=\"\"><p class=\"tcb-global-text-\" data-css=\"tve-u-172f04c38b5\" style=\"\">100% secure checkout<\/p><\/div><div class=\"thrv_wrapper thrv_text_element\" data-css=\"tve-u-172f03e133e\"><p class=\"tcb-global-text-\" data-css=\"tve-u-172f03e596c\" style=\"\">over 400000 customers<\/p><\/div><\/div><\/div><\/div><\/div><\/div>\n<\/div><\/div><\/div><div class=\"tcb-flex-col\" style=\"\" data-css=\"tve-u-172f051dfbb\"><div class=\"tcb-col\"><div class=\"thrv_wrapper thrv_contentbox_shortcode thrv-content-box tve-elem-default-pad\" data-css=\"tve-u-172f04c6682\" style=\"\">\n<div class=\"tve-content-box-background\"><\/div>\n<div class=\"tve-cb\"><div class=\"thrv_wrapper thrv-columns\" data-css=\"tve-u-172f044b119\" style=\"\"><div class=\"tcb-flex-row v-2 tcb--cols--2 tcb-resized\" data-css=\"tve-u-172f044ae30\" style=\"\"><div class=\"tcb-flex-col c-33\" data-css=\"tve-u-172f0448dd6\" style=\"\"><div class=\"tcb-col\" style=\"\"><div class=\"tcb-clear\" data-css=\"tve-u-172f050323b\"><div class=\"thrv_wrapper thrv_icon tcb-icon-display\" data-css=\"tve-u-172f0349550\" style=\"\"><svg class=\"tcb-icon\" viewBox=\"0 0 384 512\" data-id=\"icon-person-carry-solid\" data-name=\"\">\n<path d=\"M0 479.9c0 17.7 14.3 32 32 32s32-14.3 32-32v-74.5C48 391.7.6 350.8 0 350.3v129.6zM368 96H208c-8.8 0-16 7.2-16 16v112h-25.4l-33.3-61.8c-11.1-21.1-32.8-34.2-56.6-34.2H48c-26.5 0-48 21.5-48 48v103c0 18.7 8.2 36.4 22.4 48.6l76 65.1 14.1 92.5c1 5.7 10.1 30.7 36.8 26.3 17.4-2.9 29.2-19.4 26.3-36.8l-14.1-92.5c-2.5-14.8-10.1-28.3-21.5-38.1l-44-37.7v-78.3l32 59.9h240c8.8 0 16-7.2 16-16V112c0-8.9-7.2-16-16-16zM80 96c26.5 0 48-21.5 48-48S106.5 0 80 0 32 21.5 32 48s21.5 48 48 48z\"><\/path>\n<\/svg><\/div><\/div><\/div><\/div><div class=\"tcb-flex-col c-66\" data-css=\"tve-u-172f0448e00\" style=\"\"><div class=\"tcb-col\" style=\"\"><div class=\"thrv_wrapper thrv_text_element\" data-css=\"tve-u-172f03e133e\" style=\"\"><p class=\"tcb-global-text-\" data-css=\"tve-u-172f03d7ad8\" style=\"\">Genuine local stock<\/p><\/div><div class=\"thrv_wrapper thrv_text_element\" data-css=\"tve-u-172f03e133e\"><p class=\"tcb-global-text-\" data-css=\"tve-u-172f03e596c\" style=\"\">verified sources<\/p><\/div><\/div><\/div><\/div><\/div><\/div>\n<\/div><\/div><\/div><\/div><\/div>","decoration":[],"comments":[],"attr":{"class":""},"hide":0},"header":{"id":"4ea06fbc83cdd0a06020c35d50e1e89a","hide":0},"footer":{"id":"9fd81843ad7f202f26c1a174c7357585","hide":0}},"icons":[],"style":{"css":{"(min-width: 300px)":".tve-theme-__template_id__ #wrapper { --header-background-width:100%; --footer-background-width:100%; --top-background-width:100%; --bottom-background-width:100%; }.tve-theme-__template_id__ .content-section .section-content { padding: 20px 10px !important; }.tve-theme-__template_id__ .main-container { padding: 20px 10px !important; }.tve-theme-__template_id__ .content-section .checkout-template-wrapper { margin-top: 0px !important; margin-bottom: 0px !important; padding: 0px !important; background-color: transparent !important; }.tve-theme-__template_id__ .top-section .section-background { border-top: 1px solid var(--tcb-skin-color-14); border-right: none; border-bottom: 1px solid var(--tcb-skin-color-14); border-left: none; border-image: initial; background-color: rgb(255, 255, 255) !important; background-image: linear-gradient(var(--tcb-skin-color-1), var(--tcb-skin-color-1))  !important; background-size: auto !important; background-position: 50% 50% !important; background-attachment: scroll !important; background-repeat: no-repeat !important; }.tve-theme-__template_id__ .top-section .section-content { display: flex; text-align: center; --tve-color:rgb(255, 255, 255); justify-content: flex-end; flex-direction: column; padding: 40px 20px !important; min-height: 1px !important; }.tve-theme-__template_id__ .top-section [data-css=\"tve-u-1705cdb4152\"] { padding: 0px !important; }:not(#tve) .tve-theme-__template_id__ .top-section [data-css=\"tve-u-17274963a21\"] { letter-spacing: 4px; padding-bottom: 0px !important; margin-bottom: 0px !important; font-size: 11px !important; text-transform: uppercase !important; color: rgb(255, 255, 255) !important; --tcb-applied-color:rgb(255, 255, 255)  !important; }.tve-theme-__template_id__ .bottom-section .section-background { background-color: var(--tcb-skin-color-2)  !important; background-image: none !important; }.tve-theme-__template_id__ .bottom-section .section-content { justify-content: center; display: flex; flex-direction: column; min-height: 130px !important; padding: 40px 20px !important; }.tve-theme-__template_id__ .bottom-section [data-css=\"tve-u-172f0121a55\"] { margin-left: -20px; padding: 0px !important; }.tve-theme-__template_id__ .bottom-section [data-css=\"tve-u-172f0121a57\"] { margin-top: 0px !important; margin-bottom: 0px !important; background-color: transparent !important; }.tve-theme-__template_id__ .bottom-section [data-css=\"tve-u-172f0121a5e\"] { max-width: 25.1%; }.tve-theme-__template_id__ .bottom-section [data-css=\"tve-u-172f0121a62\"] { max-width: 24.9%; }.tve-theme-__template_id__ .bottom-section [data-css=\"tve-u-172f02823f6\"] { max-width: 25%; }.tve-theme-__template_id__ .bottom-section [data-css=\"tve-u-172f0349550\"] { font-size: 34px; width: 34px; height: 34px; border-radius: 0px; overflow: hidden; border: none; padding: 1px !important; margin-top: 0px !important; margin-bottom: 0px !important; background-color: transparent !important; }:not(#tve) .tve-theme-__template_id__ .bottom-section [data-css=\"tve-u-172f0349550\"] > :first-child { color: var(--tcb-skin-color-0); }:not(#tve) .tve-theme-__template_id__ .bottom-section [data-css=\"tve-u-172f03d7ad8\"] { letter-spacing: 0px; padding-bottom: 0px !important; margin-bottom: 0px !important; text-transform: capitalize !important; font-size: 16px !important; color: var(--tcb-skin-color-4)  !important; --tcb-applied-color:var$(--tcb-skin-color-4)  !important; font-weight: var(--g-bold-weight, bold)  !important; line-height: 1.6em !important; }.tve-theme-__template_id__ .bottom-section [data-css=\"tve-u-172f03e133e\"] { position: relative !important; padding: 0px !important; }:not(#tve) .tve-theme-__template_id__ .bottom-section [data-css=\"tve-u-172f03e596c\"] { letter-spacing: 1px; padding-bottom: 0px !important; margin-bottom: 0px !important; text-transform: uppercase !important; font-size: 9px !important; color: rgba(0, 0, 0, 0.5) !important; --tcb-applied-color:rgba(0, 0, 0, 0.5)  !important; font-weight: var(--g-bold-weight, bold)  !important; line-height: 1.6em !important; }.tve-theme-__template_id__ .bottom-section [data-css=\"tve-u-172f0121a55\"] > .tcb-flex-col { padding-left: 20px; }.tve-theme-__template_id__ .bottom-section [data-css=\"tve-u-172f0448dd6\"] { max-width: 18.5%; }.tve-theme-__template_id__ .bottom-section [data-css=\"tve-u-172f0448e00\"] { max-width: 81.5%; }.tve-theme-__template_id__ .bottom-section [data-css=\"tve-u-172f044ae30\"] { padding: 0px !important; }.tve-theme-__template_id__ .bottom-section [data-css=\"tve-u-172f044b119\"] { margin: 0px !important; }.tve-theme-__template_id__ .bottom-section [data-css=\"tve-u-172f044ae30\"] > .tcb-flex-col > .tcb-col { justify-content: center; }.tve-theme-__template_id__ .bottom-section [data-css=\"tve-u-172f04a8abc\"] { font-size: 34px; width: 34px; height: 34px; border-radius: 0px; overflow: hidden; border: none; padding: 1px !important; margin-top: 0px !important; margin-bottom: 0px !important; background-color: transparent !important; }:not(#tve) .tve-theme-__template_id__ .bottom-section [data-css=\"tve-u-172f04a8abc\"] > :first-child { color: var(--tcb-skin-color-0); }.tve-theme-__template_id__ .bottom-section [data-css=\"tve-u-172f04bd161\"] { font-size: 34px; width: 34px; height: 34px; border-radius: 0px; overflow: hidden; border: none; padding: 1px !important; margin-top: 0px !important; margin-bottom: 0px !important; background-color: transparent !important; }:not(#tve) .tve-theme-__template_id__ .bottom-section [data-css=\"tve-u-172f04bd161\"] > :first-child { color: var(--tcb-skin-color-0); }:not(#tve) .tve-theme-__template_id__ .bottom-section [data-css=\"tve-u-172f04c2dbf\"] { letter-spacing: 0px; padding-bottom: 0px !important; margin-bottom: 0px !important; text-transform: capitalize !important; font-size: 16px !important; color: var(--tcb-skin-color-4)  !important; --tcb-applied-color:var$(--tcb-skin-color-4)  !important; font-weight: var(--g-bold-weight, bold)  !important; line-height: 1.6em !important; }:not(#tve) .tve-theme-__template_id__ .bottom-section [data-css=\"tve-u-172f04c38b5\"] { letter-spacing: 0px; padding-bottom: 0px !important; margin-bottom: 0px !important; text-transform: capitalize !important; font-size: 16px !important; color: var(--tcb-skin-color-4)  !important; --tcb-applied-color:var$(--tcb-skin-color-4)  !important; font-weight: var(--g-bold-weight, bold)  !important; line-height: 1.6em !important; }.tve-theme-__template_id__ .bottom-section [data-css=\"tve-u-172f04c6682\"] { padding: 1px !important; margin-top: 0px !important; margin-bottom: 0px !important; }.tve-theme-__template_id__ .bottom-section [data-css=\"tve-u-172f04d338e\"] { padding: 1px !important; margin-top: 0px !important; margin-bottom: 0px !important; }.tve-theme-__template_id__ .bottom-section [data-css=\"tve-u-172f04d4a7b\"] { padding: 1px !important; margin-top: 0px !important; margin-bottom: 0px !important; }.tve-theme-__template_id__ .bottom-section [data-css=\"tve-u-172f04e38b8\"] { padding: 0px !important; }.tve-theme-__template_id__ .bottom-section [data-css=\"tve-u-172f04e38b8\"] > .tcb-flex-col > .tcb-col { justify-content: center; }.tve-theme-__template_id__ .bottom-section [data-css=\"tve-u-172f04f7b91\"] { padding: 0px !important; }.tve-theme-__template_id__ .bottom-section [data-css=\"tve-u-172f04f7b91\"] > .tcb-flex-col > .tcb-col { justify-content: center; }.tve-theme-__template_id__ .bottom-section [data-css=\"tve-u-172f051dfbb\"] { max-width: 25%; }.tve-theme-__template_id__ .bottom-section [data-css=\"tve-u-17304551d71\"] { padding-left: 0px !important; }.tve-theme-__template_id__ .bottom-section [data-css=\"tve-u-17304551d6f\"] > .tcb-flex-col > .tcb-col { justify-content: center; }.tve-theme-__template_id__ .bottom-section [data-css=\"tve-u-17304551d6e\"] { z-index: 6; --tve-color:var(--tcb-skin-color-3); margin-top: 0px !important; margin-bottom: 0px !important; }.tve-theme-__template_id__ .bottom-section [data-css=\"tve-u-17304551d6f\"] { padding-bottom: 0px !important; padding-top: 0px !important; }.tve-theme-__template_id__ .bottom-section [data-css=\"tve-u-17304551d73\"] { max-width: 14.7%; }.tve-theme-__template_id__ .bottom-section [data-css=\"tve-u-17304551d70\"] { max-width: 10%; }.tve-theme-__template_id__ .bottom-section [data-css=\"tve-u-17304551d6a\"] { margin: 0px 0px 40px !important; padding: 1px !important; }.tve-theme-__template_id__ .bottom-section [data-css=\"tve-u-17304551d78\"] { margin-bottom: 10px !important; }.tve-theme-__template_id__ .bottom-section [data-css=\"tve-u-17304551d76\"] { padding: 0px !important; margin-bottom: 5px !important; }.tve-theme-__template_id__ .bottom-section [data-css=\"tve-u-17304551d74\"] { padding: 0px !important; }.tve-theme-__template_id__ .bottom-section [data-css=\"tve-u-17304551d6c\"] { z-index: 2; padding: 20px !important; margin: 0px !important; }.tve-theme-__template_id__ .bottom-section [data-css=\"tve-u-17304551d72\"] { float: none; width: 74px; z-index: 5; border: 3px solid var(--tcb-skin-color-1); border-radius: 60px; overflow: hidden; margin: 2px auto !important; padding-top: 1px !important; }.tve-theme-__template_id__ .bottom-section [data-css=\"tve-u-17304551d6d\"] { border: none !important; background-color: rgb(255, 255, 255) !important; }.tve-theme-__template_id__ .bottom-section [data-css=\"tve-u-17304551d6b\"] p { margin: 0px !important; padding: 0px !important; }:not(#tve) .tve-theme-__template_id__ .bottom-section [data-css=\"tve-u-17304551d6e\"] p, :not(#tve) .tve-theme-__template_id__ .bottom-section [data-css=\"tve-u-17304551d6e\"] li, :not(#tve) .tve-theme-__template_id__ .bottom-section [data-css=\"tve-u-17304551d6e\"] blockquote, :not(#tve) .tve-theme-__template_id__ .bottom-section [data-css=\"tve-u-17304551d6e\"] address, :not(#tve) .tve-theme-__template_id__ .bottom-section [data-css=\"tve-u-17304551d6e\"] .tcb-plain-text, :not(#tve) .tve-theme-__template_id__ .bottom-section [data-css=\"tve-u-17304551d6e\"] label, :not(#tve) .tve-theme-__template_id__ .bottom-section [data-css=\"tve-u-17304551d6e\"] h1, :not(#tve) .tve-theme-__template_id__ .bottom-section [data-css=\"tve-u-17304551d6e\"] h2, :not(#tve) .tve-theme-__template_id__ .bottom-section [data-css=\"tve-u-17304551d6e\"] h3, :not(#tve) .tve-theme-__template_id__ .bottom-section [data-css=\"tve-u-17304551d6e\"] h4, :not(#tve) .tve-theme-__template_id__ .bottom-section [data-css=\"tve-u-17304551d6e\"] h5, :not(#tve) .tve-theme-__template_id__ .bottom-section [data-css=\"tve-u-17304551d6e\"] h6 { color: var(--tve-color, var(--tcb-skin-color-3)); --tcb-applied-color:var$(--tcb-skin-color-3); }.tve-theme-__template_id__ .bottom-section [data-css=\"tve-u-17304563b89\"] { font-size: 27px !important; }:not(#tve) .tve-theme-__template_id__ .bottom-section .thrv-content-box [data-css=\"tve-u-1730456739a\"] p, :not(#tve) .tve-theme-__template_id__ .bottom-section .thrv-content-box [data-css=\"tve-u-1730456739a\"] li, :not(#tve) .tve-theme-__template_id__ .bottom-section .thrv-content-box [data-css=\"tve-u-1730456739a\"] blockquote, :not(#tve) .tve-theme-__template_id__ .bottom-section .thrv-content-box [data-css=\"tve-u-1730456739a\"] address, :not(#tve) .tve-theme-__template_id__ .bottom-section .thrv-content-box [data-css=\"tve-u-1730456739a\"] .tcb-plain-text, :not(#tve) .tve-theme-__template_id__ .bottom-section .thrv-content-box [data-css=\"tve-u-1730456739a\"] label { font-size: var(--tve-font-size, 14px); }.tve-theme-__template_id__ .bottom-section [data-css=\"tve-u-1730456739a\"] { --tve-font-size:14px; }.tve-theme-__template_id__ .bottom-section [data-css=\"tve-u-173045693f0\"] { max-width: 75.3%; }.tve-theme-__template_id__ .sidebar-section .section-background { border: medium none; background-color: transparent !important; }.tve-theme-__template_id__ .sidebar-section .section-content { padding: 20px 10px !important; }.tve-theme-__template_id__ .sidebar-section { margin: 0px !important; }.tve-theme-__template_id__ .sidebar-section [data-css=\"tve-u-1725ba1e54e\"] { border-radius: 4px; overflow: hidden; background-color: var(--tcb-skin-color-2)  !important; background-image: url(\"{{img=c527601f9454555cb914fec91805adab}}\") !important; border: none !important; background-size: cover !important; background-position: 50% 50% !important; background-attachment: scroll !important; background-repeat: no-repeat !important; }.tve-theme-__template_id__ .sidebar-section [data-css=\"tve-u-1725ba26717\"] { text-align: center; min-height: 185px !important; }.tve-theme-__template_id__ .sidebar-section [data-css=\"tve-u-1725bac5eae\"] { padding: 0px 20px 20px !important; margin-bottom: 40px !important; margin-top: 40px !important; }.tve-theme-__template_id__ .sidebar-section [data-css=\"tve-u-17299451e08\"] { float: none; padding: 0px !important; background-color: transparent !important; margin-left: auto !important; margin-right: auto !important; margin-bottom: 20px !important; }.tve-theme-__template_id__ .sidebar-section [data-css=\"tve-u-17299ca265f\"] { float: none; max-width: 99px; margin-bottom: 20px !important; margin-left: auto !important; margin-right: auto !important; background-color: rgb(255, 255, 255) !important; padding: 8px !important; background-image: none !important; }:not(#tve) .tve-theme-__template_id__ .sidebar-section [data-css=\"tve-u-17299cd57a8\"] { padding-bottom: 0px !important; margin-bottom: 0px !important; font-size: 20px !important; line-height: 1.3em !important; font-weight: var(--g-bold-weight, bold)  !important; color: var(--tcb-skin-color-3)  !important; --tcb-applied-color:var$(--tcb-skin-color-3)  !important; }.tve-theme-__template_id__ .sidebar-section [data-css=\"tve-u-17299d28974\"] .tcb-button-link { border-radius: 185px; overflow: hidden; letter-spacing: var(--tve-letter-spacing, 2px); box-shadow: 0px 4px 16px 0px var(--tcb-local-color-3d2c0); padding: 16px !important; background-color: var(--tcb-local-color-1d30b)  !important; }:not(#tve) .tve-theme-__template_id__ .sidebar-section [data-css=\"tve-u-17299d28974\"] .tcb-button-link { font-size: var(--tve-font-size, 11px)  !important; }.tve-theme-__template_id__ .sidebar-section [data-css=\"tve-u-17299d28974\"] { --tve-font-size:11px; --tve-letter-spacing:2px; --tve-font-weight:var(--g-bold-weight, bold); --tcb-local-color-48d06:rgb(19, 114, 211); --tcb-local-color-bd5e5:rgba(19, 114, 211, 0.2); --tcb-local-color-1d30b:var(--tcb-skin-color-0); --tcb-local-color-3d2c0:rgba(20, 115, 210, 0.2); float: none; --tve-text-transform:uppercase; --tve-color:rgb(255, 255, 255); --tve-applied---tve-color:rgb(255, 255, 255); margin: 0px auto !important; }:not(#tve) .tve-theme-__template_id__ .sidebar-section [data-css=\"tve-u-17299d28974\"] .tcb-button-link span { font-weight: var(--tve-font-weight, var(--g-bold-weight, bold)); text-transform: var(--tve-text-transform, uppercase); color: var(--tve-color, rgb(255, 255, 255)); --tve-applied-color:var$(--tve-color, rgb(255, 255, 255)); --tcb-applied-color:rgb(255, 255, 255); }:not(#tve) .tve-theme-__template_id__ .sidebar-section [data-css=\"tve-u-17299d28974\"]:hover .tcb-button-link { box-shadow: 0px 14px 40px 0px var(--tcb-local-color-3d2c0)  !important; background-color: var(--tcb-local-color-1d30b)  !important; }:not(#tve) .tve-theme-__template_id__ .sidebar-section [data-css=\"tve-u-17299d3b4c7\"] { padding-bottom: 0px !important; margin-bottom: 0px !important; font-size: 29px !important; color: var(--tcb-skin-color-13)  !important; --tcb-applied-color:var$(--tcb-skin-color-13)  !important; line-height: 1em !important; font-style: normal !important; }:not(#tve) .tve-theme-__template_id__ .sidebar-section [data-css=\"tve-u-17299dac94f\"] { letter-spacing: 1px; padding-bottom: 4px !important; margin-bottom: 0px !important; text-transform: uppercase !important; font-size: 13px !important; color: var(--tcb-skin-color-4)  !important; --tcb-applied-color:var$(--tcb-skin-color-4)  !important; font-weight: var(--g-bold-weight, bold)  !important; line-height: 1.3em !important; }:not(#tve) .tve-theme-__template_id__ .sidebar-section [data-css=\"tve-u-17299dac951\"] { letter-spacing: 1px; padding-bottom: 0px !important; margin-bottom: 0px !important; text-transform: none !important; font-size: 11px !important; color: rgba(0, 0, 0, 0.65) !important; --tcb-applied-color:rgba(0, 0, 0, 0.65)  !important; font-weight: var(--g-regular-weight, normal)  !important; line-height: 1.3em !important; }.tve-theme-__template_id__ .sidebar-section [data-css=\"tve-u-17299dac952\"] { margin-left: -12px; padding: 1px !important; }.tve-theme-__template_id__ .sidebar-section [data-css=\"tve-u-17299dac953\"] { margin-top: 0px !important; margin-bottom: 0px !important; }.tve-theme-__template_id__ .sidebar-section [data-css=\"tve-u-17299dac952\"] > .tcb-flex-col > .tcb-col { justify-content: center; }.tve-theme-__template_id__ .sidebar-section [data-css=\"tve-u-17299dac952\"] > .tcb-flex-col { padding-left: 12px; }.tve-theme-__template_id__ .sidebar-section [data-css=\"tve-u-17299dac955\"] { max-width: 36.8%; }.tve-theme-__template_id__ .sidebar-section [data-css=\"tve-u-17299dac956\"] { max-width: 63.2%; }.tve-theme-__template_id__ .sidebar-section [data-css=\"tve-u-17299dac964\"] { padding: 8px !important; margin: 0px !important; }.tve-theme-__template_id__ .sidebar-section [data-css=\"tve-u-17299dac966\"] { font-size: 18px; width: 18px; height: 18px; border-radius: 100px; overflow: hidden; border: 1px solid rgba(0, 0, 0, 0.16); padding: 17px !important; margin-top: 0px !important; margin-bottom: 0px !important; background-color: transparent !important; }:not(#tve) .tve-theme-__template_id__ .sidebar-section [data-css=\"tve-u-17299dac966\"] > :first-child { color: var(--tcb-skin-color-4); }.tve-theme-__template_id__ .sidebar-section [data-css=\"tve-u-17299dac967\"]::after { clear: both; }.tve-theme-__template_id__ .sidebar-section [data-css=\"tve-u-17299dc406f\"] { background-color: var(--tcb-skin-color-2)  !important; }.tve-theme-__template_id__ .sidebar-section [data-css=\"tve-u-17299dd7209\"] { padding: 8px !important; margin: 0px 0px 8px !important; }.tve-theme-__template_id__ .sidebar-section [data-css=\"tve-u-17299ddf06d\"] { padding: 8px !important; margin: 0px 0px 8px !important; }.tve-theme-__template_id__ .sidebar-section [data-css=\"tve-u-17299deb6e1\"] { font-size: 18px; width: 18px; height: 18px; border-radius: 100px; overflow: hidden; border: 1px solid rgba(0, 0, 0, 0.16); padding: 17px !important; margin-top: 0px !important; margin-bottom: 0px !important; background-color: transparent !important; }:not(#tve) .tve-theme-__template_id__ .sidebar-section [data-css=\"tve-u-17299deb6e1\"] > :first-child { color: var(--tcb-skin-color-4); }.tve-theme-__template_id__ .sidebar-section [data-css=\"tve-u-17299dec597\"] { font-size: 18px; width: 18px; height: 18px; border-radius: 100px; overflow: hidden; border: 1px solid rgba(0, 0, 0, 0.16); padding: 17px !important; margin-top: 0px !important; margin-bottom: 0px !important; background-color: transparent !important; }:not(#tve) .tve-theme-__template_id__ .sidebar-section [data-css=\"tve-u-17299dec597\"] > :first-child { color: var(--tcb-skin-color-4); }.tve-theme-__template_id__ .sidebar-section [data-css=\"tve-u-17299e9512b\"] { margin-left: -12px; padding: 1px !important; }.tve-theme-__template_id__ .sidebar-section [data-css=\"tve-u-17299e9512b\"] > .tcb-flex-col > .tcb-col { justify-content: center; }.tve-theme-__template_id__ .sidebar-section [data-css=\"tve-u-17299e9512b\"] > .tcb-flex-col { padding-left: 12px; }.tve-theme-__template_id__ .sidebar-section [data-css=\"tve-u-17299e95f26\"] { margin-left: -12px; padding: 1px !important; }.tve-theme-__template_id__ .sidebar-section [data-css=\"tve-u-17299e95f26\"] > .tcb-flex-col > .tcb-col { justify-content: center; }.tve-theme-__template_id__ .sidebar-section [data-css=\"tve-u-17299e95f26\"] > .tcb-flex-col { padding-left: 12px; }.tve-theme-__template_id__ .sidebar-section [data-css=\"tve-u-17299e9725b\"] { margin-left: -12px; padding: 1px !important; }.tve-theme-__template_id__ .sidebar-section [data-css=\"tve-u-17299e9725b\"] > .tcb-flex-col > .tcb-col { justify-content: center; }.tve-theme-__template_id__ .sidebar-section [data-css=\"tve-u-17299e9725b\"] > .tcb-flex-col { padding-left: 12px; }.tve-theme-__template_id__ .sidebar-section [data-css=\"tve-u-17299e991f6\"] { font-size: 18px; width: 18px; height: 18px; border-radius: 100px; overflow: hidden; border: 1px solid rgba(0, 0, 0, 0.16); padding: 17px !important; margin-top: 0px !important; margin-bottom: 0px !important; background-color: transparent !important; }:not(#tve) .tve-theme-__template_id__ .sidebar-section [data-css=\"tve-u-17299e991f6\"] > :first-child { color: var(--tcb-skin-color-4); }:not(#tve) .tve-theme-__template_id__ .sidebar-section [data-css=\"tve-u-17299ea959f\"] { letter-spacing: 1px; padding-bottom: 4px !important; margin-bottom: 0px !important; text-transform: uppercase !important; font-size: 13px !important; color: var(--tcb-skin-color-4)  !important; --tcb-applied-color:var$(--tcb-skin-color-4)  !important; font-weight: var(--g-bold-weight, bold)  !important; line-height: 1.3em !important; }:not(#tve) .tve-theme-__template_id__ .sidebar-section [data-css=\"tve-u-17299eaa4a7\"] { letter-spacing: 1px; padding-bottom: 4px !important; margin-bottom: 0px !important; text-transform: uppercase !important; font-size: 13px !important; color: var(--tcb-skin-color-4)  !important; --tcb-applied-color:var$(--tcb-skin-color-4)  !important; font-weight: var(--g-bold-weight, bold)  !important; line-height: 1.3em !important; }:not(#tve) .tve-theme-__template_id__ .sidebar-section [data-css=\"tve-u-17299eab053\"] { letter-spacing: 1px; padding-bottom: 4px !important; margin-bottom: 0px !important; text-transform: uppercase !important; font-size: 13px !important; color: var(--tcb-skin-color-4)  !important; --tcb-applied-color:var$(--tcb-skin-color-4)  !important; font-weight: var(--g-bold-weight, bold)  !important; line-height: 1.3em !important; }.tve-theme-__template_id__ .sidebar-section [data-css=\"tve-u-17299ec002b\"] { padding: 8px !important; margin: 0px 0px 8px !important; }:not(#tve) .tve-theme-__template_id__ .sidebar-section [data-css=\"tve-u-172b8a1f92b\"] { letter-spacing: 1px; padding-bottom: 0px !important; margin-bottom: 0px !important; text-transform: capitalize !important; font-size: 11px !important; color: rgba(0, 0, 0, 0.65) !important; --tcb-applied-color:rgba(0, 0, 0, 0.65)  !important; font-weight: var(--g-regular-weight, normal)  !important; line-height: 1.3em !important; }.tve-theme-__template_id__ .sidebar-section [data-css=\"tve-u-1725bac5eae\"] > .tve-cb { display: block; }.tve-theme-__template_id__ .sidebar-section [data-css=\"tve-u-17300cf1d4a\"]::after { clear: both; }.tve-theme-__template_id__ .sidebar-section [data-css=\"tve-u-17300cf2408\"]::after { clear: both; }.tve-theme-__template_id__ .sidebar-section [data-css=\"tve-u-17300cf2b1e\"]::after { clear: both; }.tve-theme-__template_id__ .sidebar-section [data-css=\"tve-u-17300cf515e\"] { margin-top: 0px !important; margin-bottom: 0px !important; }.tve-theme-__template_id__ .sidebar-section [data-css=\"tve-u-17300cf6848\"] { margin-top: 0px !important; margin-bottom: 0px !important; }.tve-theme-__template_id__ .sidebar-section [data-css=\"tve-u-17300cf8049\"] { margin-top: 0px !important; margin-bottom: 0px !important; }.tve-theme-__template_id__ .sidebar-section [data-css=\"tve-u-17304aa32b5\"] { max-width: 36.8%; }.tve-theme-__template_id__ .sidebar-section [data-css=\"tve-u-17304aa32b8\"] { max-width: 63.2%; }.tve-theme-__template_id__ .sidebar-section [data-css=\"tve-u-17304aa49a2\"] { max-width: 36.8%; }.tve-theme-__template_id__ .sidebar-section [data-css=\"tve-u-17304aa49a5\"] { max-width: 63.2%; }.tve-theme-__template_id__ .sidebar-section [data-css=\"tve-u-17304aa5040\"] { max-width: 36.8%; }.tve-theme-__template_id__ .sidebar-section [data-css=\"tve-u-17304aa5042\"] { max-width: 63.2%; }","(max-width: 1023px)":".tve-theme-__template_id__ .top-section .section-content { padding: 40px !important; }.tve-theme-__template_id__ .content-section .section-content { padding-left: 20px !important; padding-right: 20px !important; }.tve-theme-__template_id__ .main-container { padding: 20px !important; }.tve-theme-__template_id__ .bottom-section [data-css=\"tve-u-172f0121a55\"] { flex-wrap: wrap !important; }.tve-theme-__template_id__ .bottom-section [data-css=\"tve-u-172f0121a57\"] { width: 100%; }.tve-theme-__template_id__ .bottom-section [data-css=\"tve-u-172f0121a55\"] > .tcb-flex-col { flex-basis: 250px !important; }.tve-theme-__template_id__ .bottom-section .section-content { padding-left: 40px !important; padding-right: 40px !important; }.tve-theme-__template_id__ .bottom-section [data-css=\"tve-u-172f0349550\"] { margin-right: 10px !important; }:not(#tve) .tve-theme-__template_id__ .bottom-section [data-css=\"tve-u-172f03d7ad8\"] { font-size: 12px !important; }:not(#tve) .tve-theme-__template_id__ .bottom-section [data-css=\"tve-u-172f03e596c\"] { font-size: 9px !important; }.tve-theme-__template_id__ .bottom-section [data-css=\"tve-u-172f04a8abc\"] { margin-right: 10px !important; }.tve-theme-__template_id__ .bottom-section [data-css=\"tve-u-172f04bd161\"] { margin-right: 10px !important; }:not(#tve) .tve-theme-__template_id__ .bottom-section [data-css=\"tve-u-172f04c2dbf\"] { font-size: 12px !important; }:not(#tve) .tve-theme-__template_id__ .bottom-section [data-css=\"tve-u-172f04c38b5\"] { font-size: 12px !important; }.tve-theme-__template_id__ .bottom-section [data-css=\"tve-u-172f04d4a7b\"] { margin-bottom: 14px !important; }.tve-theme-__template_id__ .bottom-section [data-css=\"tve-u-172f04e38b8\"] > .tcb-flex-col { padding-left: 15px; }.tve-theme-__template_id__ .bottom-section [data-css=\"tve-u-172f04e38b8\"] { margin-left: -15px; }.tve-theme-__template_id__ .bottom-section [data-css=\"tve-u-17304551d72\"] { float: right; z-index: 3; position: relative; }.tve-theme-__template_id__ .bottom-section [data-css=\"tve-u-1730457a26b\"]::after { clear: both; }.tve-theme-__template_id__ .bottom-section [data-css=\"tve-u-17304551d6e\"] { margin-top: 0px !important; margin-bottom: 0px !important; }.tve-theme-__template_id__ .sidebar-section .section-content { padding: 20px 10px !important; }.tve-theme-__template_id__ .sidebar-section { margin: 0px !important; }.tve-theme-__template_id__ .sidebar-section [data-css=\"tve-u-1725ba26717\"] { min-height: 164px !important; }.tve-theme-__template_id__ .sidebar-section [data-css=\"tve-u-17299dac966\"] { float: right; z-index: 3; position: relative; }.tve-theme-__template_id__ .sidebar-section [data-css=\"tve-u-17300cf1d4a\"]::after { clear: both; }.tve-theme-__template_id__ .sidebar-section [data-css=\"tve-u-17299dec597\"] { float: right; z-index: 3; position: relative; }.tve-theme-__template_id__ .sidebar-section [data-css=\"tve-u-17300cf2408\"]::after { clear: both; }.tve-theme-__template_id__ .sidebar-section [data-css=\"tve-u-17299deb6e1\"] { float: right; z-index: 3; position: relative; }.tve-theme-__template_id__ .sidebar-section [data-css=\"tve-u-17300cf2b1e\"]::after { clear: both; }.tve-theme-__template_id__ .sidebar-section [data-css=\"tve-u-17299e991f6\"] { float: right; z-index: 3; position: relative; }.tve-theme-__template_id__ .sidebar-section [data-css=\"tve-u-17299dac967\"]::after { clear: both; }.tve-theme-__template_id__ .sidebar-section [data-css=\"tve-u-17300cf515e\"] { float: none; max-width: 300px; margin-left: auto !important; margin-right: auto !important; }.tve-theme-__template_id__ .sidebar-section [data-css=\"tve-u-17300cf6848\"] { float: none; max-width: 300px; margin-left: auto !important; margin-right: auto !important; }.tve-theme-__template_id__ .sidebar-section [data-css=\"tve-u-17300cf8049\"] { float: none; max-width: 300px; margin-left: auto !important; margin-right: auto !important; }.tve-theme-__template_id__ .sidebar-section [data-css=\"tve-u-17299dac953\"] { float: none; max-width: 300px; margin-left: auto !important; margin-right: auto !important; }","(max-width: 767px)":".tve-theme-__template_id__ .top-section .section-content { padding: 25px 20px !important; }.tve-theme-__template_id__ .main-container { padding: 10px !important; }.tve-theme-__template_id__ .content-section .section-content { padding-left: 10px !important; padding-right: 10px !important; }.tve-theme-__template_id__ .bottom-section [data-css=\"tve-u-172f0121a55\"] { margin-left: -15px; flex-wrap: wrap !important; padding-top: 0px !important; padding-bottom: 0px !important; }.tve-theme-__template_id__ .bottom-section [data-css=\"tve-u-172f0121a55\"] > .tcb-flex-col { padding-left: 15px; flex-basis: 121px !important; }.tve-theme-__template_id__ .bottom-section [data-css=\"tve-u-172f0121a57\"] { text-align: left; }.tve-theme-__template_id__ .bottom-section .section-content { padding-left: 20px !important; padding-right: 20px !important; }.tve-theme-__template_id__ .bottom-section [data-css=\"tve-u-172f0349550\"] { z-index: 3; position: relative; font-size: 24px; width: 24px; height: 24px; float: left; padding: 2px !important; margin-left: auto !important; margin-right: 0px !important; margin-bottom: 0px !important; }:not(#tve) .tve-theme-__template_id__ .bottom-section [data-css=\"tve-u-172f03d7ad8\"] { letter-spacing: 1px; font-size: 11px !important; }:not(#tve) .tve-theme-__template_id__ .bottom-section [data-css=\"tve-u-172f03e596c\"] { letter-spacing: 1px; font-size: 9px !important; }.tve-theme-__template_id__ .bottom-section [data-css=\"tve-u-172f04a8abc\"] { z-index: 3; position: relative; font-size: 24px; width: 24px; height: 24px; float: left; padding: 2px !important; margin-left: auto !important; margin-right: 0px !important; margin-bottom: 0px !important; }.tve-theme-__template_id__ .bottom-section [data-css=\"tve-u-172f04bd161\"] { z-index: 3; position: relative; font-size: 24px; width: 24px; height: 24px; float: left; padding: 2px !important; margin-left: auto !important; margin-right: 0px !important; margin-bottom: 0px !important; }:not(#tve) .tve-theme-__template_id__ .bottom-section [data-css=\"tve-u-172f04c2dbf\"] { letter-spacing: 1px; font-size: 11px !important; }:not(#tve) .tve-theme-__template_id__ .bottom-section [data-css=\"tve-u-172f04c38b5\"] { letter-spacing: 1px; font-size: 11px !important; }.tve-theme-__template_id__ .bottom-section [data-css=\"tve-u-172f04c6682\"] { min-width: 100%; margin-bottom: 12px !important; }.tve-theme-__template_id__ .bottom-section [data-css=\"tve-u-172f04d338e\"] { min-width: 100%; margin-bottom: 12px !important; }.tve-theme-__template_id__ .bottom-section [data-css=\"tve-u-172f04d4a7b\"] { min-width: 100%; margin-bottom: 12px !important; }.tve-theme-__template_id__ .bottom-section [data-css=\"tve-u-172f04f7b91\"] { flex-wrap: wrap !important; }.tve-theme-__template_id__ .bottom-section [data-css=\"tve-u-172f04f7b91\"] > .tcb-flex-col { flex-basis: 390px !important; }.tve-theme-__template_id__ .bottom-section [data-css=\"tve-u-172f050034d\"]::after { clear: both; }.tve-theme-__template_id__ .bottom-section [data-css=\"tve-u-172f0502711\"]::after { clear: both; }.tve-theme-__template_id__ .bottom-section [data-css=\"tve-u-172f050323b\"]::after { clear: both; }.tve-theme-__template_id__ .bottom-section [data-css=\"tve-u-17304551d76\"] { padding: 1px !important; }.tve-theme-__template_id__ .bottom-section [data-css=\"tve-u-17304551d74\"] { padding: 1px !important; }.tve-theme-__template_id__ .bottom-section [data-css=\"tve-u-17304551d72\"] { width: 71px; float: right; z-index: 3; position: relative; margin: 0px auto !important; padding: 0px !important; }.tve-theme-__template_id__ .bottom-section [data-css=\"tve-u-1730457a26b\"]::after { clear: both; }.tve-theme-__template_id__ .bottom-section [data-css=\"tve-u-17304551d6f\"] > .tcb-flex-col { flex-basis: 108px !important; }.tve-theme-__template_id__ .bottom-section [data-css=\"tve-u-17304551d78\"] { margin-bottom: 0px !important; padding: 0px !important; }.tve-theme-__template_id__ .bottom-section [data-css=\"tve-u-17304551d6b\"] { min-height: 1px; }.tve-theme-__template_id__ .bottom-section [data-css=\"tve-u-17304551d6c\"] { margin-bottom: 0px !important; }.tve-theme-__template_id__ .bottom-section [data-css=\"tve-u-17304551d6e\"] { margin-top: 0px !important; margin-bottom: 0px !important; }.tve-theme-__template_id__ .sidebar-section .section-content { padding: 20px 10px 10px !important; }.tve-theme-__template_id__ .sidebar-section { margin-left: 0px !important; margin-right: 0px !important; margin-bottom: 0px !important; }.tve-theme-__template_id__ .sidebar-section [data-css=\"tve-u-17299dac952\"] { flex-wrap: nowrap !important; }.tve-theme-__template_id__ .sidebar-section [data-css=\"tve-u-17299dac955\"] { max-width: 101px; }.tve-theme-__template_id__ .sidebar-section [data-css=\"tve-u-17299dac956\"] { max-width: 68.1%; }.tve-theme-__template_id__ .sidebar-section [data-css=\"tve-u-17299dac964\"] { margin-bottom: 15px !important; }.tve-theme-__template_id__ .sidebar-section [data-css=\"tve-u-17299dac966\"] { float: right; z-index: 3; position: relative; font-size: 18px; width: 18px; height: 18px; padding: 18px !important; }.tve-theme-__template_id__ .sidebar-section [data-css=\"tve-u-17299dac967\"]::after { clear: both; }.tve-theme-__template_id__ .sidebar-section [data-css=\"tve-u-17299dd7209\"] { margin-bottom: 15px !important; }.tve-theme-__template_id__ .sidebar-section [data-css=\"tve-u-17299ddf06d\"] { margin-bottom: 15px !important; }.tve-theme-__template_id__ .sidebar-section [data-css=\"tve-u-17299deb6e1\"] { float: right; z-index: 3; position: relative; font-size: 18px; width: 18px; height: 18px; padding: 18px !important; margin-left: auto !important; margin-right: auto !important; }.tve-theme-__template_id__ .sidebar-section [data-css=\"tve-u-17299dec597\"] { float: right; z-index: 3; position: relative; font-size: 18px; width: 18px; height: 18px; padding: 18px !important; }.tve-theme-__template_id__ .sidebar-section [data-css=\"tve-u-17299e9512b\"] { flex-wrap: nowrap !important; }.tve-theme-__template_id__ .sidebar-section [data-css=\"tve-u-17299e95f26\"] { flex-wrap: nowrap !important; }.tve-theme-__template_id__ .sidebar-section [data-css=\"tve-u-17299e9725b\"] { flex-wrap: nowrap !important; }.tve-theme-__template_id__ .sidebar-section [data-css=\"tve-u-17299e991f6\"] { float: right; z-index: 3; position: relative; font-size: 18px; width: 18px; height: 18px; padding: 18px !important; margin-left: auto !important; margin-right: auto !important; }.tve-theme-__template_id__ .sidebar-section [data-css=\"tve-u-17299ec002b\"] { margin-bottom: 15px !important; }.tve-theme-__template_id__ .sidebar-section [data-css=\"tve-u-17300cf1d4a\"]::after { clear: both; }.tve-theme-__template_id__ .sidebar-section [data-css=\"tve-u-17300cf2408\"]::after { clear: both; }.tve-theme-__template_id__ .sidebar-section [data-css=\"tve-u-17300cf2b1e\"]::after { clear: both; }.tve-theme-__template_id__ .sidebar-section [data-css=\"tve-u-17304aa32b5\"] { max-width: 33.7%; }.tve-theme-__template_id__ .sidebar-section [data-css=\"tve-u-17304aa32b8\"] { max-width: 66.3%; }.tve-theme-__template_id__ .sidebar-section [data-css=\"tve-u-17304aa49a2\"] { max-width: 33.7%; }.tve-theme-__template_id__ .sidebar-section [data-css=\"tve-u-17304aa49a5\"] { max-width: 66.3%; }.tve-theme-__template_id__ .sidebar-section [data-css=\"tve-u-17304aa5040\"] { max-width: 33.7%; }.tve-theme-__template_id__ .sidebar-section [data-css=\"tve-u-17304aa5042\"] { max-width: 66.3%; }"},"fonts":[],"dynamic":[]},"format":"standard","tag":"5ecbaae719627","no_search_results":"","primary_template":"singular","secondary_template":"checkout","variable_template":""},"post_status":"publish"}]