{"a49e9411d64ff53eccfdd09ad10a15b3":{"ID":"434","post_title":"Page Banner - Featured Image 01","post_type":"thrive_section","post_status":"publish","meta_input":{"skin_tag":"q1qj01","content":"<div class=\"thrv_wrapper thrv_text_element\" style=\"\" data-css=\"tve-u-16ed08ce675\"><h1 class=\"\" data-css=\"tve-u-16f7f4f617e\"><span class=\"thrive-shortcode-content\" data-attr-link=\"0\" data-attr-rel=\"0\" data-attr-target=\"1\" data-extra_key=\"\" data-option-inline=\"1\" data-shortcode=\"tcb_post_title\" data-shortcode-name=\"Post title\">[tcb_post_title link='0' rel='0' target='1' inline='1']<\/span><\/h1><\/div>","type":"top","singular":"1","template_type":"singular","style":{"css":{"(min-width: 300px)":"{{css_export_placeholder}} .section-background { background-size: auto, cover !important; background-position: 50% 50%, 50% 50% !important; background-attachment: scroll, scroll !important; background-repeat: no-repeat, no-repeat !important; background-image: linear-gradient(rgba(2, 3, 4, 0.22) 0%, rgba(2, 3, 4, 0.65) 100%), url(\"{{img=7ba135b5e06b763058442167d50c3c8a}}?dynamic_featured=1&size=full\") !important; }{{css_export_placeholder}} .section-content { justify-content: center; display: flex; flex-direction: column; text-align: center; --tve-color:rgb(255, 255, 255); min-height: 215px !important; padding: 40px 20px !important; }{{css_export_placeholder}} [data-css=\"tve-u-16ed08ce675\"] { padding: 0px !important; margin-bottom: 0px !important; }:not(#tve) {{css_export_placeholder}} [data-css=\"tve-u-16f7f4f617e\"] { color: rgb(255, 255, 255) !important; --tcb-applied-color:rgb(255, 255, 255)  !important; padding-bottom: 0px !important; margin-bottom: 0px !important; }","(max-width: 1023px)":"{{css_export_placeholder}} .section-content { min-height: 200px !important; padding: 40px !important; }","(max-width: 767px)":"{{css_export_placeholder}} .section-content { padding: 20px !important; min-height: 170px !important; }"},"fonts":[],"dynamic":{"(min-width: 300px)":"{{css_export_placeholder}} .section-background{background-image: linear-gradient(rgba(2, 3, 4, 0.22) 0%, rgba(2, 3, 4, 0.65) 100%), url(\"[tcb_featured_image_url size=full]\") !important;}"}},"icons":[],"decoration":[],"comments":[],"tve_globals":"","attr":{"class":""}}}}