{"6403675579f6114559c90de0014cd3d6":{"ID":"2602","post_title":"Content Site 01","post_type":"thrive_section","post_status":"publish","meta_input":{"skin_tag":"q1qj01","content":"\n<div class=\"thrv_wrapper thrv_contentbox_shortcode thrv-content-box tve-elem-default-pad\" style=\"\" data-css=\"tve-u-170671b39c3\">\n<div class=\"tve-content-box-background\" style=\"\" data-css=\"tve-u-170670db2de\"><\/div>\n<div class=\"tve-cb\" data-css=\"tve-u-170670dfdd8\" style=\"\"><div class=\"thrv_wrapper thrv_text_element\" data-css=\"tve-u-17066fc9dda\"><h4 class=\"\" data-css=\"tve-u-17067cfab08\" dir=\"ltr\" style=\"line-height: 1.6em !important;\">Promote Your Most Important Offer Here<\/h4><\/div><div class=\"thrv_wrapper thrv_text_element\" data-css=\"tve-u-17066fc9dda\"><p class=\"tcb-global-text-\" data-css=\"tve-u-17067931458\" dir=\"ltr\">This widget allows you to show your most important offer to all visitors.<\/p><\/div><div class=\"thrv_wrapper tve_image_caption\" data-css=\"tve-u-170679aaa25\" style=\"margin-bottom: 20px !important;\"><span class=\"tve_image_frame\"><img class=\"tve_image wp-image-2601\" alt=\"\" data-id=\"2601\" width=\"600\" height=\"400\" title=\"shapeshift_sidebar_img_001\" src=\"{{img=a66bb2896d1492440a3b28ef14650aa9}}\"><\/span><\/div><div class=\"thrv_wrapper thrv-button tve_ea_thrive_animation tve_anim_sweep_to_right\" style=\"\" data-css=\"tve-u-170670eee10\" data-tcb_hover_state_parent=\"\">\n<a href=\"#\" class=\"tcb-button-link tve_evt_manager_listen tve_et_mouseover\" target=\"_blank\" style=\"\" data-tcb-events=\"__TCB_EVENT_[{&quot;t&quot;:&quot;mouseover&quot;,&quot;config&quot;:{&quot;anim&quot;:&quot;sweep_to_right&quot;,&quot;loop&quot;:1},&quot;a&quot;:&quot;thrive_animation&quot;}]_TNEVE_BCT__\">\n<span class=\"tcb-button-texts\" style=\"\"><span class=\"tcb-button-text thrv-inline-text\" style=\"\">Call to Action<\/span><\/span>\n<\/a>\n<\/div><\/div>\n<\/div><div class=\"thrv_wrapper thrv_social_custom thrive_author_links\" data-css=\"tve-u-17067200c9c\" style=\"\"><div class=\"tve_social_items tve_social_custom tve_links_style_2 tve_social_itb\" style=\"\">\n<div class=\"tve_s_item tve_s_fb_share\" data-network=\"fb\" data-s=\"fb_share\" data-href=\"\">\n\t<a href=\"[thrive_global_fields_url id=fb]\" class=\"tve-dynamic-link\" target=\"_blank\" data-dynamic-link=\"thrive_global_fields_url\" data-shortcode-id=\"fb\">\n\t\t<span class=\"tve_s_icon\">\n\t\t\t <svg class=\"tcb-icon\" viewBox=\"0 0 264 512\" data-id=\"icon-fb\" data-name=\"\">\n<path d=\"M76.7 512V283H0v-91h76.7v-71.7C76.7 42.4 124.3 0 193.8 0c33.3 0 61.9 2.5 70.2 3.6V85h-48.2c-37.8 0-45.1 18-45.1 44.3V192H256l-11.7 91h-73.6v229\"><\/path>\n<\/svg>\n\t\t<\/span>\n\t<\/a>\n<\/div>\n\n\n<div class=\"tve_s_item tve_s_yt_share\" data-network=\"yt\" data-s=\"yt_share\" data-href=\"\">\n\t<a href=\"[thrive_global_fields_url id=yt]\" class=\"tve-dynamic-link\" target=\"_blank\" data-dynamic-link=\"thrive_global_fields_url\" data-shortcode-id=\"yt\">\n\t\t<span class=\"tve_s_icon\">\n\t\t\t <svg class=\"tcb-icon\" viewBox=\"0 0 576 512\" data-id=\"icon-yt\" data-name=\"\">\n<path d=\"M549.655 124.083c-6.281-23.65-24.787-42.276-48.284-48.597C458.781 64 288 64 288 64S117.22 64 74.629 75.486c-23.497 6.322-42.003 24.947-48.284 48.597-11.412 42.867-11.412 132.305-11.412 132.305s0 89.438 11.412 132.305c6.281 23.65 24.787 41.5 48.284 47.821C117.22 448 288 448 288 448s170.78 0 213.371-11.486c23.497-6.321 42.003-24.171 48.284-47.821 11.412-42.867 11.412-132.305 11.412-132.305s0-89.438-11.412-132.305zm-317.51 213.508V175.185l142.739 81.205-142.739 81.201z\"><\/path>\n<\/svg>\n\t\t<\/span>\n\t<\/a>\n<\/div>\n\n<div class=\"tve_s_item tve_s_t_share\" data-network=\"t\" data-s=\"t_share\" data-href=\"\">\n\t<a href=\"[thrive_global_fields_url id=t]\" class=\"tve-dynamic-link\" target=\"_blank\" data-dynamic-link=\"thrive_global_fields_url\" data-shortcode-id=\"t\">\n\t\t<span class=\"tve_s_icon\">\n\t\t\t <svg class=\"tcb-icon\" viewBox=\"0 0 512 512\" data-id=\"icon-t\" data-name=\"\">\n<path d=\"M459.37 151.716c.325 4.548.325 9.097.325 13.645 0 138.72-105.583 298.558-298.558 298.558-59.452 0-114.68-17.219-161.137-47.106 8.447.974 16.568 1.299 25.34 1.299 49.055 0 94.213-16.568 130.274-44.832-46.132-.975-84.792-31.188-98.112-72.772 6.498.974 12.995 1.624 19.818 1.624 9.421 0 18.843-1.3 27.614-3.573-48.081-9.747-84.143-51.98-84.143-102.985v-1.299c13.969 7.797 30.214 12.67 47.431 13.319-28.264-18.843-46.781-51.005-46.781-87.391 0-19.492 5.197-37.36 14.294-52.954 51.655 63.675 129.3 105.258 216.365 109.807-1.624-7.797-2.599-15.918-2.599-24.04 0-57.828 46.782-104.934 104.934-104.934 30.213 0 57.502 12.67 76.67 33.137 23.715-4.548 46.456-13.32 66.599-25.34-7.798 24.366-24.366 44.833-46.132 57.827 21.117-2.273 41.584-8.122 60.426-16.243-14.292 20.791-32.161 39.308-52.628 54.253z\"><\/path>\n<\/svg>\n\t\t<\/span>\n\t<\/a>\n<\/div>\n\n<\/div>\n<\/div><div class=\"thrv_wrapper thrv_text_element theme-style\" data-tag=\"h6\" style=\"\" data-css=\"tve-u-17067bb40b3\"><h5 class=\"\" data-css=\"tve-u-17067cd1501\" style=\"\">related posts<\/h5><\/div>[tcb_post_list query=\"{'filter':'custom','related':|{||}|,'post_type':'post','orderby':'date','order':'DESC','posts_per_page':'4','offset':'1','no_posts_text':'There are no posts to display.','exclude_current_post':|{|'1'|}|,'rules':|{||}|}\" type=\"list\" columns-d=\"1\" columns-t=\"1\" columns-m=\"1\" vertical-space-d=\"15\" horizontal-space-d=\"0\" ct=\"post_list-43440\" ct-name=\"Narrow 01\" tcb-elem-type=\"post_list\" pagination-type=\"none\" pages_near_current=\"2\" css=\"tve-u-17067be2282\" posts_per_page=\"4\" featured-content=\"0\" no_posts_text=\"\" element-name=\"Post List\" total_post_count=\"9\" total_sticky_count=\"0\" featured-list=\"tve-u-17067b22be5\"  class='' ][tcb_post_list_dynamic_style]@media (min-width: 300px){{{css_export_placeholder}} [data-css=\"tve-u-17067be2282\"].tcb-post-list #post-[tcb_the_id] [data-css=\"tve-u-17067be228b\"]{background-image: url(\"[tcb_featured_image_url size=full]\") !important;}}[\/tcb_post_list_dynamic_style]\n<div class=\"thrv_wrapper thrv-columns\" data-css=\"tve-u-17067be2287\"><div class=\"tcb-flex-row tcb-resized v-2 tcb-mobile-no-wrap m-edit tcb--cols--2\" data-css=\"tve-u-17067be2288\"><div class=\"tcb-flex-col\" data-css=\"tve-u-17067be2289\"><div class=\"tcb-col\"><div class=\"thrv_wrapper thrv_contentbox_shortcode thrv-content-box tve-elem-default-pad\" data-css=\"tve-u-17067be228a\">\n<div class=\"tve-content-box-background\" data-css=\"tve-u-17067be228b\"><\/div>\n<div class=\"tve-cb\" data-css=\"tve-u-17067be228c\"><\/div>\n<\/div><\/div><\/div><div class=\"tcb-flex-col\" data-css=\"tve-u-17067be228d\"><div class=\"tcb-col\"><div class=\"thrv_wrapper thrv_text_element\" data-css=\"tve-u-17067be228e\"><h2 class=\"\" data-css=\"tve-u-17067be228f\"><span class=\"thrive-shortcode-content\" data-attr-link=\"1\" data-attr-rel=\"0\" data-attr-target=\"0\" data-css=\"tve-u-17067be2291\" data-option-inline=\"1\" data-shortcode=\"tcb_post_title\" data-shortcode-name=\"Post title\" data-attr-css=\"tve-u-17067bf1106\">[tcb_post_title link='1' rel='0' target='0' inline='1' css='tve-u-17067bf1106' link-css-attr=\"tve-u-17067bf1106\"]<\/span><\/h2><\/div><div class=\"tcb-clear tcb-post-read-more-clear\">\n<div class=\"tcb-post-read-more thrv_wrapper\" data-css=\"tve-u-17067be2292\">\n<a href=\"[tcb_post_the_permalink]\" class=\"tcb-button-link tcb-post-read-more-link\">\n<span class=\"tcb-button-texts\">\n<span class=\"tcb-button-text thrv-inline-text\">\u200bRead More<\/span>\n<\/span>\n<\/a>\n<\/div>\n<\/div><\/div><\/div><\/div><\/div>\n[\/tcb_post_list]<div class=\"thrv_wrapper thrv_contentbox_shortcode thrv-content-box tve-elem-default-pad\" style=\"padding-top: 20px !important;\" data-css=\"tve-u-170671ed5ae\">\n<div class=\"tve-content-box-background\" style=\"\" data-css=\"tve-u-17066f3f202\"><\/div>\n<div class=\"tve-cb\" data-css=\"tve-u-1706722e266\" style=\"\"><div class=\"thrv_wrapper thrv_text_element\" style=\"\" data-css=\"tve-u-17067ab1e02\"><p class=\"tcb-global-text-\" data-css=\"tve-u-17067aabf55\" dir=\"ltr\">Get Notified!<\/p><\/div><div class=\"thrv_wrapper thrv_text_element\"><p class=\"tcb-global-text-\" data-css=\"tve-u-17067ab9379\" dir=\"ltr\">Receive an email when we publish a new post<\/p><\/div><div class=\"thrv_wrapper thrv_lead_generation\" data-connection=\"api\" style=\"\" data-css=\"tve-u-17067b095d3\"><input type=\"hidden\" class=\"tve-lg-err-msg\" value=\"{&quot;email&quot;:&quot;Email address invalid&quot;,&quot;phone&quot;:&quot;Phone number invalid&quot;,&quot;password&quot;:&quot;Password invalid&quot;,&quot;passwordmismatch&quot;:&quot;Password mismatch error&quot;,&quot;required&quot;:&quot;Required field missing&quot;}\">\n<div class=\"thrv_lead_generation_container tve_clearfix\">\n<form action=\"#\" method=\"post\" novalidate=\"novalidate\">\n<div class=\"tve_lead_generated_inputs_container tve_clearfix\">\n<div class=\"tve_lg_input_container tve_lg_input\" data-css=\"tve-u-17067ac0875\" style=\"\" data-tcb_hover_state_parent=\"\">\n<input type=\"email\" data-field=\"email\" data-required=\"1\" data-validation=\"email\" name=\"email\" placeholder=\"Email\" data-placeholder=\"Email\" style=\"\">\n<\/div>\n<div class=\"tve_lg_input_container tve_submit_container tve_lg_submit\" data-css=\"tve-u-17067accf33\" data-tcb_hover_state_parent=\"\" style=\"\">\n<button type=\"submit\" class=\"\" style=\"\">Sign Up<\/button>\n<\/div>\n<\/div>\n<input id=\"_submit_option\" type=\"hidden\" name=\"_submit_option\" value=\"redirect\">\n<input id=\"_back_url\" type=\"hidden\" name=\"_back_url\" value=\"#\">\n<input id=\"_autofill\" type=\"hidden\" name=\"_autofill\" value=\"\"><input type=\"hidden\" id=\"tve_mapping\" name=\"tve_mapping\" value=\"YTowOnt9\"><input type=\"hidden\" id=\"tve_labels\" name=\"tve_labels\" value=\"YToxOntzOjU6ImVtYWlsIjtzOjU6IkVtYWlsIjt9\"><\/form>\n<\/div>\n<\/div><\/div>\n<\/div><div class=\"thrv_wrapper thrv_text_element theme-style\" data-tag=\"h6\" style=\"\" data-css=\"tve-u-17067bb40b3\"><h5 class=\"\" data-css=\"tve-u-17067cd4036\">categories<\/h5><\/div>[thrive_dynamic_list icon='' type='categories' limit='3' css='tve-u-170671d4d74']<div class=\"thrv_wrapper thrv_text_element theme-style\" data-tag=\"h6\" style=\"\" data-css=\"tve-u-17067bb40b3\"><h5 class=\"\" data-css=\"tve-u-17067ca81d0\">search<\/h5><\/div>[tcb_search_form data-css-form='tve-u-17067b5d81d' data-ct='search_form-55887' data-ct-name='Search 06' data-css-input='tve-u-17067b4e569' input-placeholder='Search Here...' data-css-submit='tve-u-17067b4e564' button-layout='icon' button-label='Search' data-css-icon='tve-u-17067b4e566' button-icon='<svg class=\"tcb-icon\" viewBox=\"0 0 512 512\" style=\"\">\n<path d=\"M505 442.7L405.3 343c-4.5-4.5-10.6-7-17-7H372c27.6-35.3 44-79.7 44-128C416 93.1 322.9 0 208 0S0 93.1 0 208s93.1 208 208 208c48.3 0 92.7-16.4 128-44v16.3c0 6.4 2.5 12.5 7 17l99.7 99.7c9.4 9.4 24.6 9.4 33.9 0l28.3-28.3c9.4-9.4 9.4-24.6.1-34zM208 336c-70.7 0-128-57.2-128-128 0-70.7 57.2-128 128-128 70.7 0 128 57.2 128 128 0 70.7-57.2 128-128 128z\"><\/path>\n<\/svg>' post-types='{\"post\":\"Post\",\"page\":\"Page\"}'][\/tcb_search_form]\n","type":"sidebar","singular":"1","template_type":"","style":{"css":{"(min-width: 300px)":"{{css_export_placeholder}} [data-css=\"tve-u-17066f3f202\"] { background-color: var(--tcb-skin-color-9)  !important; background-image: none !important; }{{css_export_placeholder}} .section-background { background-color: rgb(255, 255, 255) !important; }{{css_export_placeholder}} .section-content { padding: 40px 10px !important; }{{css_export_placeholder}} [data-css=\"tve-u-17066fc9dda\"] { margin-bottom: 10px !important; padding: 0px !important; }{{css_export_placeholder}} [data-css=\"tve-u-170670db2de\"] { box-shadow: none; opacity: 1; filter: grayscale(0%) brightness(100%) contrast(100%) blur(0px) sepia(0%) invert(0%) saturate(100%) hue-rotate(0deg); background-color: rgb(255, 255, 255) !important; background-image: none !important; border: 3px solid var(--tcb-skin-color-9)  !important; }{{css_export_placeholder}} [data-css=\"tve-u-170670dfdd8\"] { text-align: center; }:not(#tve) {{css_export_placeholder}} [data-css=\"tve-u-170670eee10\"] .tcb-button-link { font-family: var(--tve-font-family, Muli); font-size: var(--tve-font-size, 13px)  !important; }{{css_export_placeholder}} [data-css=\"tve-u-170670eee10\"] { --tve-font-size:13px; --tve-color:rgb(255, 255, 255); --tve-font-weight:var(--g-bold-weight, bold); --tve-font-family:Muli; --g-regular-weight:400; --g-bold-weight:600; --tve-text-transform:uppercase; --tve-letter-spacing:0px; margin-top: 0px !important; margin-bottom: 0px !important; min-width: 100% !important; }{{css_export_placeholder}} [data-css=\"tve-u-170670eee10\"] .tcb-button-link { border: none; border-radius: 0px; overflow: hidden; letter-spacing: var(--tve-letter-spacing, 0px); background-color: var(--tcb-skin-color-0)  !important; padding: 17px 25px !important; }:not(#tve) {{css_export_placeholder}} [data-css=\"tve-u-170670eee10\"] .tcb-button-link span { color: var(--tve-color, rgb(255, 255, 255)); --tcb-applied-color:rgb(255, 255, 255); font-weight: var(--tve-font-weight, var(--g-bold-weight, bold)); text-transform: var(--tve-text-transform, uppercase); }{{css_export_placeholder}} [data-css=\"tve-u-170671b39c3\"] { margin-top: 0px !important; margin-bottom: 40px !important; padding: 25px !important; }{{css_export_placeholder}} [data-css=\"tve-u-170671d4d74\"] .thrive-dynamic-styled-list-item { justify-content: flex-start; text-align: left; --tve-font-weight:var(--g-regular-weight, normal); --tve-font-family:Muli; --g-regular-weight:400; --g-bold-weight:500; border-bottom: none; --tve-font-size:16px; --tve-color:var(--tcb-skin-color-16); margin-bottom: 0px !important; padding-bottom: 5px !important; }:not(#tve) {{css_export_placeholder}} [data-css=\"tve-u-170671d4d74\"] .thrive-dynamic-styled-list-item p, :not(#tve) {{css_export_placeholder}} [data-css=\"tve-u-170671d4d74\"] .thrive-dynamic-styled-list-item li, :not(#tve) {{css_export_placeholder}} [data-css=\"tve-u-170671d4d74\"] .thrive-dynamic-styled-list-item blockquote, :not(#tve) {{css_export_placeholder}} [data-css=\"tve-u-170671d4d74\"] .thrive-dynamic-styled-list-item address, :not(#tve) {{css_export_placeholder}} [data-css=\"tve-u-170671d4d74\"] .thrive-dynamic-styled-list-item .tcb-plain-text, :not(#tve) {{css_export_placeholder}} [data-css=\"tve-u-170671d4d74\"] .thrive-dynamic-styled-list-item label { font-weight: var(--tve-font-weight, var(--g-regular-weight, normal)); font-family: var(--tve-font-family, Muli); font-size: var(--tve-font-size, 16px); }:not(#tve) {{css_export_placeholder}} [data-css=\"tve-u-170671d4d74\"] p, :not(#tve) {{css_export_placeholder}} [data-css=\"tve-u-170671d4d74\"] li, :not(#tve) {{css_export_placeholder}} [data-css=\"tve-u-170671d4d74\"] blockquote, :not(#tve) {{css_export_placeholder}} [data-css=\"tve-u-170671d4d74\"] address, :not(#tve) {{css_export_placeholder}} [data-css=\"tve-u-170671d4d74\"] .tcb-plain-text, :not(#tve) {{css_export_placeholder}} [data-css=\"tve-u-170671d4d74\"] label { font-weight: var(--tve-font-weight, var(--g-regular-weight, normal)); font-family: var(--tve-font-family, Muli); }{{css_export_placeholder}} [data-css=\"tve-u-170671d4d74\"] { --tve-font-weight:var(--g-regular-weight, normal); --tve-font-family:Muli; --g-regular-weight:400; --g-bold-weight:500; margin-bottom: 40px !important; }:not(#tve) {{css_export_placeholder}} [data-css=\"tve-u-170671d4d74\"] .thrive-dynamic-styled-list-item p, :not(#tve) {{css_export_placeholder}} [data-css=\"tve-u-170671d4d74\"] .thrive-dynamic-styled-list-item li, :not(#tve) {{css_export_placeholder}} [data-css=\"tve-u-170671d4d74\"] .thrive-dynamic-styled-list-item blockquote, :not(#tve) {{css_export_placeholder}} [data-css=\"tve-u-170671d4d74\"] .thrive-dynamic-styled-list-item address, :not(#tve) {{css_export_placeholder}} [data-css=\"tve-u-170671d4d74\"] .thrive-dynamic-styled-list-item .tcb-plain-text, :not(#tve) {{css_export_placeholder}} [data-css=\"tve-u-170671d4d74\"] .thrive-dynamic-styled-list-item label, :not(#tve) {{css_export_placeholder}} [data-css=\"tve-u-170671d4d74\"] .thrive-dynamic-styled-list-item h1, :not(#tve) {{css_export_placeholder}} [data-css=\"tve-u-170671d4d74\"] .thrive-dynamic-styled-list-item h2, :not(#tve) {{css_export_placeholder}} [data-css=\"tve-u-170671d4d74\"] .thrive-dynamic-styled-list-item h3, :not(#tve) {{css_export_placeholder}} [data-css=\"tve-u-170671d4d74\"] .thrive-dynamic-styled-list-item h4, :not(#tve) {{css_export_placeholder}} [data-css=\"tve-u-170671d4d74\"] .thrive-dynamic-styled-list-item h5, :not(#tve) {{css_export_placeholder}} [data-css=\"tve-u-170671d4d74\"] .thrive-dynamic-styled-list-item h6 { color: var(--tve-color, var(--tcb-skin-color-16)); --tcb-applied-color:var$(--tcb-skin-color-16); }{{css_export_placeholder}} [data-css=\"tve-u-170671ed5ae\"] { margin-top: 0px !important; margin-bottom: 40px !important; }{{css_export_placeholder}} [data-css=\"tve-u-17067200c9c\"] { border-radius: 100px; overflow: hidden; float: none; margin: 0px auto 40px !important; background-color: transparent !important; }{{css_export_placeholder}} [data-css=\"tve-u-1706722e266\"] { text-align: center; }{{css_export_placeholder}} [data-css=\"tve-u-17067200c9c\"] .tve_social_items { font-size: 13px !important; }:not(#tve) {{css_export_placeholder}} [data-css=\"tve-u-170670eee10\"]:hover .tcb-button-link { border: none !important; background-image: linear-gradient(rgba(255, 255, 255, 0.1), rgba(255, 255, 255, 0.1)) !important; background-size: auto !important; background-position: 50% 50% !important; background-attachment: scroll !important; background-repeat: no-repeat !important; }:not(#tve) {{css_export_placeholder}} [data-css=\"tve-u-17067931458\"] { padding-bottom: 0px !important; margin-bottom: 0px !important; padding-top: 0px !important; margin-top: 0px !important; line-height: 1.5em !important; }{{css_export_placeholder}} [data-css=\"tve-u-170679aaa25\"] { width: 600px; float: none; margin-left: auto !important; margin-right: auto !important; }:not(#tve) {{css_export_placeholder}} [data-css=\"tve-u-17067aabf55\"] { --g-regular-weight:400; --g-bold-weight:500; padding-bottom: 0px !important; margin-bottom: 0px !important; padding-top: 0px !important; margin-top: 0px !important; font-size: 20px !important; font-family: Literata !important; font-weight: var(--g-bold-weight, bold)  !important; color: var(--tcb-skin-color-4)  !important; --tcb-applied-color:var$(--tcb-skin-color-4)  !important; }{{css_export_placeholder}} [data-css=\"tve-u-17067ab1e02\"] { background-color: transparent !important; padding-left: 1px !important; margin-bottom: 10px !important; }:not(#tve) {{css_export_placeholder}} [data-css=\"tve-u-17067ab9379\"] { padding-bottom: 0px !important; margin-bottom: 0px !important; padding-top: 0px !important; margin-top: 0px !important; line-height: 1.5em !important; font-size: 16px !important; }:not(#tve) {{css_export_placeholder}} [data-css=\"tve-u-17067ac0875\"] input, :not(#tve) {{css_export_placeholder}} [data-css=\"tve-u-17067ac0875\"] select { border: none; border-radius: 0px; overflow: hidden; font-family: var(--tve-font-family, Muli); text-align: center; font-size: var(--tve-font-size, 14px); box-shadow: none; background-color: rgb(255, 255, 255) !important; padding: 15px 10px !important; margin-bottom: 0px !important; margin-top: 0px !important; }:not(#tve) {{css_export_placeholder}} [data-css=\"tve-u-17067ac0875\"] input, :not(#tve) {{css_export_placeholder}} [data-css=\"tve-u-17067ac0875\"] input::placeholder, :not(#tve) {{css_export_placeholder}} [data-css=\"tve-u-17067ac0875\"] select { font-weight: var(--tve-font-weight, var(--g-regular-weight, normal)); --tcb-applied-color:rgb(119, 119, 119); color: var(--tve-color, rgb(119, 119, 119))  !important; }{{css_export_placeholder}} [data-css=\"tve-u-17067ac0875\"] { --g-regular-weight:400; --g-bold-weight:700; --tve-font-weight:var(--g-regular-weight, normal); --tve-font-family:Muli; --tve-color:rgb(119, 119, 119); --tve-font-size:14px; }:not(#tve) {{css_export_placeholder}} [data-css=\"tve-u-17067accf33\"] button { font-size: var(--tve-font-size, 16px); text-transform: var(--tve-text-transform, uppercase); font-weight: var(--tve-font-weight, var(--g-bold-weight, bold)); border: none; color: var(--tve-color, var(--tcb-skin-color-0)); --tcb-applied-color:var$(--tcb-skin-color-0); font-family: var(--tve-font-family, Muli); text-decoration: var(--tve-text-decoration, underline); margin-bottom: 0px !important; margin-top: 0px !important; background-color: transparent !important; padding-top: 15px !important; padding-bottom: 15px !important; }:not(#tve) {{css_export_placeholder}} [data-css=\"tve-u-17067accf33\"]:hover button { background-image: linear-gradient(rgba(255, 255, 255, 0.15), rgba(255, 255, 255, 0.15)) !important; background-size: auto !important; background-position: 50% 50% !important; background-attachment: scroll !important; background-repeat: no-repeat !important; text-decoration: var(--tve-text-decoration, underline)  !important; }{{css_export_placeholder}} [data-css=\"tve-u-17067accf33\"] { --tve-font-size:16px; --tve-text-transform:uppercase; --tve-font-weight:var(--g-bold-weight, bold); --tve-color:var(--tcb-skin-color-0); --tve-font-family:Muli; --g-bold-weight:700; --tve-text-decoration:underline; }{{css_export_placeholder}} [data-css=\"tve-u-17067b095d3\"] { margin-bottom: 0px !important; background-color: transparent !important; }:not(#tve) {{css_export_placeholder}} [data-css=\"tve-u-17067b4e564\"] button { border-radius: 0px; overflow: hidden; border: 2px solid var(--tcb-skin-color-18); color: rgb(78, 133, 243); --tcb-applied-color:rgb(78, 133, 243); font-size: 14px; text-transform: uppercase; font-weight: var(--g-bold-weight, bold); letter-spacing: 1px; background-color: transparent !important; padding: 15px !important; }:not(#tve) {{css_export_placeholder}} [data-css=\"tve-u-17067b4e564\"]:hover button { border: 2px solid rgb(15, 83, 218) !important; color: rgb(15, 83, 218) !important; --tcb-applied-color:rgb(15, 83, 218)  !important; }{{css_export_placeholder}} [data-css=\"tve-u-17067b4e566\"] { padding-left: 5px !important; padding-right: 5px !important; }:not(#tve) {{css_export_placeholder}} [data-css=\"tve-u-17067b4e569\"] input { border-radius: 0px; overflow: hidden; border: 1px solid var(--tcb-skin-color-8); font-size: var(--tve-font-size, 14px); color: var(--tve-color, var(--tcb-skin-color-5)); --tcb-applied-color:var$(--tcb-skin-color-5); text-transform: var(--tve-text-transform, capitalize); letter-spacing: var(--tve-letter-spacing, 0px); font-weight: var(--tve-font-weight, var(--g-regular-weight, normal)); font-family: var(--tve-font-family, Muli); }:not(#tve) {{css_export_placeholder}} [data-css=\"tve-u-17067b4e569\"]:hover input { border: 1px solid rgba(97, 143, 234, 0.5) !important; color: rgba(0, 0, 0, 0.85) !important; --tcb-applied-color:rgba(0, 0, 0, 0.85)  !important; }{{css_export_placeholder}} [data-css=\"tve-u-17067b4e569\"] input { text-transform: uppercase; letter-spacing: 2px; padding: 12px !important; background-color: transparent !important; }{{css_export_placeholder}} [data-css=\"tve-u-17067b5d81d\"] { background-color: rgb(255, 255, 255) !important; margin-top: 0px !important; margin-bottom: 30px !important; }{{css_export_placeholder}} [data-css=\"tve-u-17067b4e569\"] { --tve-text-transform:capitalize; --tve-color:var(--tcb-skin-color-5); --tve-font-size:14px; --tve-letter-spacing:0px; --tve-font-weight:var(--g-regular-weight, normal); --tve-font-family:Muli; --g-regular-weight:300; --g-bold-weight:500; }{{css_export_placeholder}} [data-css=\"tve-u-17067bb40b3\"] { margin-top: 0px !important; border-left: none !important; padding-left: 1px !important; margin-bottom: 10px !important; }{{css_export_placeholder}} .tcb-post-list[data-css=\"tve-u-17067be2282\"] .post-wrapper.thrv_wrapper { width: calc((100% - 0px) \/ 1); }{{css_export_placeholder}} .tcb-post-list[data-css=\"tve-u-17067be2282\"] .post-wrapper.thrv_wrapper:nth-child(n+2) { margin-top: 15px !important; }{{css_export_placeholder}} [data-css=\"tve-u-17067be2282\"].tcb-post-list [data-css=\"tve-u-17067be2289\"] { max-width: 28%; }{{css_export_placeholder}} [data-css=\"tve-u-17067be2282\"].tcb-post-list [data-css=\"tve-u-17067be228d\"] { max-width: 72%; }{{css_export_placeholder}} [data-css=\"tve-u-17067be2282\"].tcb-post-list [data-css=\"tve-u-17067be2288\"] { margin-left: -15px; padding: 0px !important; }{{css_export_placeholder}} [data-css=\"tve-u-17067be2282\"].tcb-post-list [data-css=\"tve-u-17067be2287\"] { margin: 0px !important; }{{css_export_placeholder}} [data-css=\"tve-u-17067be2282\"].tcb-post-list [data-css=\"tve-u-17067be2292\"] .tcb-button-link { border: none; border-radius: 0px; overflow: hidden; text-align: left; padding: 0px !important; }:not(#tve) {{css_export_placeholder}} [data-css=\"tve-u-17067be2282\"].tcb-post-list [data-css=\"tve-u-17067be2292\"] .tcb-button-link { font-size: var(--tve-font-size, 12px)  !important; }:not(#tve) {{css_export_placeholder}} [data-css=\"tve-u-17067be2282\"].tcb-post-list [data-css=\"tve-u-17067be2292\"] .tcb-button-link span { color: rgb(153, 153, 153); }:not(#tve) {{css_export_placeholder}} [data-css=\"tve-u-17067be2282\"].tcb-post-list [data-css=\"tve-u-17067be2292\"]:hover .tcb-button-link span { color: var(--tve-color, rgb(0, 143, 255))  !important; --tcb-applied-color:rgb(0, 143, 255)  !important; }{{css_export_placeholder}} [data-css=\"tve-u-17067be2282\"].tcb-post-list [data-css=\"tve-u-17067be2288\"] > .tcb-flex-col { padding-left: 15px; }{{css_export_placeholder}} [data-css=\"tve-u-17067be2288\"] > .tcb-flex-col { padding-left: 15px; }{{css_export_placeholder}} [data-css=\"tve-u-17067be2288\"] { margin-left: -15px; }:not(#tve) {{css_export_placeholder}} [data-css=\"tve-u-17067be2282\"].tcb-post-list [data-css=\"tve-u-17067be228f\"] { padding-top: 0px !important; margin-top: 0px !important; padding-bottom: 0px !important; margin-bottom: 0px !important; font-size: 16px !important; }{{css_export_placeholder}} [data-css=\"tve-u-17067be2282\"].tcb-post-list [data-css=\"tve-u-17067be228e\"] { padding: 0px !important; margin-bottom: 4px !important; }:not(#tve) {{css_export_placeholder}} [data-css=\"tve-u-17067be2282\"].tcb-post-list [data-css=\"tve-u-17067be2291\"] { font-weight: var(--g-bold-weight, bold)  !important; }:not(#tve) {{css_export_placeholder}} [data-css=\"tve-u-17067be2282\"].tcb-post-list [data-css=\"tve-u-17067be2292\"]:hover { --tve-color:rgb(0, 143, 255)  !important; }{{css_export_placeholder}} [data-css=\"tve-u-17067be2282\"].tcb-post-list [data-css=\"tve-u-17067be228b\"] { background-image: url(\"{{img=ec4973b5d01d7ca9a773626f45a85953}}?dynamic_featured=1&size=full\") !important; background-size: cover !important; background-position: 50% 50% !important; background-attachment: scroll !important; background-repeat: no-repeat !important; }{{css_export_placeholder}} [data-css=\"tve-u-17067be2282\"].tcb-post-list [data-css=\"tve-u-17067be228a\"] { margin-top: 0px !important; margin-bottom: 0px !important; padding: 0px !important; }{{css_export_placeholder}} [data-css=\"tve-u-17067be2282\"].tcb-post-list .thrv-content-box [data-css=\"tve-u-17067be228c\"] { min-height: 70px !important; }{{css_export_placeholder}} [data-css=\"tve-u-17067be2282\"].tcb-post-list [data-css=\"tve-u-17067be2292\"] { --tve-font-size:12px; }{{css_export_placeholder}} .tcb-post-list[data-css=\"tve-u-17067be2282\"] .post-wrapper.thrv_wrapper:not(:nth-child(n+2)) { margin-top: 0px !important; }{{css_export_placeholder}} .tcb-post-list[data-css=\"tve-u-17067be2282\"] .post-wrapper.thrv_wrapper:nth-child(n) { margin-right: 0px !important; }{{css_export_placeholder}} [data-css=\"tve-u-17067be2282\"] { max-width: 300px; margin-bottom: 40px !important; }:not(#tve) {{css_export_placeholder}} [data-css=\"tve-u-17067ac0875\"]:hover input, :not(#tve) {{css_export_placeholder}} [data-css=\"tve-u-17067ac0875\"]:hover input::placeholder, :not(#tve) {{css_export_placeholder}} [data-css=\"tve-u-17067ac0875\"]:hover select { color: var(--tve-color, rgb(48, 48, 48))  !important; --tcb-applied-color:rgb(48, 48, 48)  !important; }:not(#tve) {{css_export_placeholder}} [data-css=\"tve-u-17067ac0875\"]:hover { --tve-color:rgb(48, 48, 48)  !important; }:not(#tve) {{css_export_placeholder}} [data-css=\"tve-u-17067be2282\"].tcb-post-list [data-css=\"tve-u-17067bf1106\"] { font-weight: var(--g-regular-weight, normal)  !important; color: var(--tcb-skin-color-4)  !important; }:not(#tve) {{css_export_placeholder}} [data-css=\"tve-u-17067accf33\"]:hover { --tve-text-decoration:underline  !important; }:not(#tve) {{css_export_placeholder}} [data-css=\"tve-u-17067ca81d0\"] { --g-regular-weight:400; --g-bold-weight:700; font-family: Muli !important; text-transform: uppercase !important; padding-bottom: 0px !important; margin-bottom: 0px !important; font-size: 15px !important; }:not(#tve) {{css_export_placeholder}} [data-css=\"tve-u-17067cd1501\"] { --g-regular-weight:400; --g-bold-weight:700; font-family: Muli !important; text-transform: uppercase !important; padding-bottom: 0px !important; margin-bottom: 0px !important; font-size: 15px !important; font-weight: var(--g-bold-weight, bold)  !important; }:not(#tve) {{css_export_placeholder}} [data-css=\"tve-u-17067cd4036\"] { --g-regular-weight:400; --g-bold-weight:700; font-family: Muli !important; text-transform: uppercase !important; padding-bottom: 0px !important; margin-bottom: 0px !important; font-size: 15px !important; }:not(#tve) {{css_export_placeholder}} [data-css=\"tve-u-17067cfab08\"] { font-weight: var(--g-bold-weight, bold)  !important; }{{css_export_placeholder}} [data-css=\"tve-u-170670eee10\"] .tcb-button-link::after { background-color: rgb(47, 138, 231); background-attachment: scroll !important; background-image: linear-gradient(rgba(255, 255, 255, 0.1), rgba(255, 255, 255, 0.1)) !important; background-position: 50% 50% !important; background-repeat: no-repeat !important; background-size: auto !important; }:not(#tve) {{css_export_placeholder}} :not(#tve) [data-css=\"tve-u-17067b4e569\"]:hover input { color: var(--tve-color, var(--tcb-skin-color-4))  !important; --tcb-applied-color:var$(--tcb-skin-color-4)  !important; }:not(#tve) {{css_export_placeholder}} [data-css=\"tve-u-17067b4e569\"]:hover { --tve-color:var(--tcb-skin-color-4)  !important; }:not(#tve) {{css_export_placeholder}} :not(#tve) [data-css=\"tve-u-17067b4e564\"]:hover button { border: 2px solid var(--tcb-skin-color-0)  !important; }:not(#tve) {{css_export_placeholder}} [data-css=\"tve-u-17067b4e564\"]:hover [data-css=\"tve-u-17067b4e566\"] > :first-child { color: var(--tcb-skin-color-0); }:not(#tve) {{css_export_placeholder}} [data-css=\"tve-u-17067b4e566\"] > :first-child { color: var(--tcb-skin-color-18); }","(max-width: 1023px)":"{{css_export_placeholder}} .tcb-post-list[data-css=\"tve-u-17067be2282\"] .post-wrapper.thrv_wrapper { width: calc((100% - 0px) \/ 1); }{{css_export_placeholder}} .tcb-post-list[data-css=\"tve-u-17067be2282\"] .post-wrapper.thrv_wrapper:nth-child(n+2) { margin-top: 15px !important; }{{css_export_placeholder}} .tcb-post-list[data-css=\"tve-u-17067be2282\"] .post-wrapper.thrv_wrapper:not(:nth-child(n+2)) { margin-top: 0px !important; }{{css_export_placeholder}} .tcb-post-list[data-css=\"tve-u-17067be2282\"] .post-wrapper.thrv_wrapper:nth-child(n) { margin-right: 0px !important; }{{css_export_placeholder}} [data-css=\"tve-u-17067be2282\"] { max-width: 100%; }{{css_export_placeholder}} .section-content { padding-left: 40px !important; padding-right: 40px !important; }","(max-width: 767px)":"{{css_export_placeholder}} [data-css=\"tve-u-17067b4e566\"] { padding-left: 0px !important; padding-right: 0px !important; }{{css_export_placeholder}} .tcb-post-list[data-css=\"tve-u-17067be2282\"] .post-wrapper.thrv_wrapper { width: calc((100% - 0px) \/ 1); }{{css_export_placeholder}} .tcb-post-list[data-css=\"tve-u-17067be2282\"] .post-wrapper.thrv_wrapper:nth-child(n+2) { margin-top: 15px !important; }{{css_export_placeholder}} [data-css=\"tve-u-17067be2282\"].tcb-post-list [data-css=\"tve-u-17067be2288\"] { flex-wrap: nowrap !important; }{{css_export_placeholder}} .tcb-post-list[data-css=\"tve-u-17067be2282\"] .post-wrapper.thrv_wrapper:not(:nth-child(n+2)) { margin-top: 0px !important; }{{css_export_placeholder}} .tcb-post-list[data-css=\"tve-u-17067be2282\"] .post-wrapper.thrv_wrapper:nth-child(n) { margin-right: 0px !important; }{{css_export_placeholder}} .section-content { padding: 20px !important; }"},"fonts":["@import url(\"https:\/\/fonts.googleapis.com\/css?family=Literata:400,500,600,400i,500i,700,600i,700i&subset=latin\");","@import url(\"https:\/\/fonts.googleapis.com\/css?family=Muli:300,300i,500,500i,400,400i,700,600,800,200,900,800i,700i,600i,900i&subset=latin\");","@import url(\"https:\/\/fonts.googleapis.com\/css?family=Muli:300,300i,500,500i,400,400i,600,700,800,200,900,800i,700i,600i,900i&subset=latin\");","@import url(\"https:\/\/fonts.googleapis.com\/css?family=Muli:400,500,300,400i,900,900i,600,600i,800,700,200,300i,500i,800i,700i&subset=latin\");","@import url(\"https:\/\/fonts.googleapis.com\/css?family=Muli:400,600,500,800,300,700,200,900,400i,500i,800i,700i,600i,300i,900i&subset=latin\");","@import url(\"https:\/\/fonts.googleapis.com\/css?family=Muli:400,600,500,800,300,700,200,900,400i,500i&subset=latin\");","@import url(\"https:\/\/fonts.googleapis.com\/css?family=Muli:400,600,500,700,300,800,200,900,400i,500i,800i,700i,600i,300i&subset=latin\");","@import url(\"https:\/\/fonts.googleapis.com\/css?family=Muli:400,600,300,800,700,200,900,400i,600i,500,300i,500i,900i,800i,700i&subset=latin\");","@import url(\"https:\/\/fonts.googleapis.com\/css?family=Literata:400,600,500,400i,500i,700,600i,700i&subset=latin\");","@import url(\"https:\/\/fonts.googleapis.com\/css?family=Muli:400,400i,900,900i,600,600i,500,300,800,700,200,300i,500i,800i,700i&subset=latin\");","@import url(\"https:\/\/fonts.googleapis.com\/css?family=Literata:400,400i,600,600i,500,500i,700,700i&subset=latin\");","@import url(\"https:\/\/fonts.googleapis.com\/css?family=Muli:300,300i,500,500i,400,400i,900,900i,600,600i,800,700,200,800i,700i&subset=latin\");","@import url(\"https:\/\/fonts.googleapis.com\/css?family=Muli:400,600,300,800,700,200,900,400i,600i,500,300i,500i&subset=latin\");","@import url(\"https:\/\/fonts.googleapis.com\/css?family=Muli:400,500,300,900,600,700,800,200,400i,900i,600i,300i,500i,800i,700i&subset=latin\");","@import url(\"https:\/\/fonts.googleapis.com\/css?family=Literata:500,400&subset=latin\");"],"dynamic":[]},"icons":[],"decoration":[],"comments":[],"attr":{"class":""}}}}