{"73e0f7487b8e5297182c5a711d20bf26":{"name":"1905.png","folder":"thrive-theme\/preview","h":600,"w":300,"custom_subdir":1},"138bb0696595b338afbab333c555292a":{"name":"353.png","folder":"thrive-theme\/preview","h":300,"w":300,"custom_subdir":1},"fb7b9ffa5462084c5f4e7e85a093e6d7":{"name":"357.png","folder":"thrive-theme\/preview","h":300,"w":300,"custom_subdir":1},"aa942ab2bfa6ebda4840e7360ce6e7ef":{"name":"358.png","folder":"thrive-theme\/preview","h":300,"w":300,"custom_subdir":1},"2f55707d4193dc27118a0f19a1985716":{"name":"493.png","folder":"thrive-theme\/preview","h":300,"w":300,"custom_subdir":1},"35051070e572e47d2c26c241ab88307f":{"name":"495.png","folder":"thrive-theme\/preview","h":285,"w":300,"custom_subdir":1},"10a5ab2db37feedfdeaab192ead4ac0e":{"name":"691.png","folder":"thrive-theme\/preview","h":219,"w":300,"custom_subdir":1},"291597a100aadd814d197af4f4bab3a7":{"name":"642.png","folder":"thrive-theme\/preview","h":585,"w":300,"custom_subdir":1},"4558dbb6f6f8bb2e16d03b85bde76e2c":{"name":"821.png","folder":"thrive-theme\/preview","h":300,"w":300,"custom_subdir":1},"b495ce63ede0f4efc9eec62cb947c162":{"name":"1253.png","folder":"thrive-theme\/preview","h":300,"w":300,"custom_subdir":1},"ca58ead3b28821fc52bf3e3195bcc57a":{"name":"Deco_top_04_bg_03-2.jpg"},"19bc12969589f278878e80fd6c994748":{"name":"Post-1_featured-2.jpg"},"2bd7f907b7f5b6bbd91822c0c7b835f6":{"name":"1389.png","folder":"thrive-theme\/preview","h":300,"w":300,"custom_subdir":1},"2389c5da5339d9e8f9205e67d1bbcabe":{"name":"Top-Title-Lesson_bg.jpg"},"bcb41ccdc4363c6848a1d760f26c28a0":{"name":"1590.png","folder":"thrive-theme\/preview","h":300,"w":300,"custom_subdir":1},"67f7fb873eaf29526a11a9b7ac33bfac":{"name":"445.png","folder":"symbols","h":43,"w":600,"custom_subdir":1},"d34ab169b70c9dcd35e62896010cd9ff":{"name":"377.png","folder":"symbols","h":32,"w":600,"custom_subdir":1},"84c6494d30851c63a55cdb8cb047fadd":{"name":"1738.png","folder":"thrive-theme\/preview","h":300,"w":300,"custom_subdir":1}}