{"v":1695046199,"palette":{"0":{"id":0,"color":"rgb(78, 130, 186)","name":"Dark Accent","active":1,"custom_name":0,"lock":{"saturation":0},"hsla_code":"hsla(calc(var(--tva-main-master-h,210) + 1 ), calc(var(--tva-main-master-s,77%) - 33% ), calc(var(--tva-main-master-l,54%) - 2% ), 1)","hsla_vars":{"h":"calc(var(--tva-main-master-h,210) + 1 )","s":"calc(var(--tva-main-master-s,77%) - 33% )","l":"calc(var(--tva-main-master-l,54%) - 2% )","a":1}},"1":{"id":1,"color":"rgb(203, 228, 249)","name":"Light Accent","active":1,"custom_name":0,"lock":{"saturation":1,"lightness":1},"hsla_code":"hsla(calc(var(--tva-main-master-h,210) - 2 ), 82%, 89%, 1)","hsla_vars":{"h":"calc(var(--tva-main-master-h,210) - 2 )","s":"82%","l":"89%","a":1}},"4":{"id":4,"color":"rgb(47, 138, 229)","name":"Main Accent","active":1,"custom_name":0,"hsla_code":"hsla(var(--tva-main-master-h,210), var(--tva-main-master-s,77%), var(--tva-main-master-l,54%), 1)","hsla_vars":{"h":"var(--tva-main-master-h,210)","s":"var(--tva-main-master-s,77%)","l":"var(--tva-main-master-l,54%)","a":1},"parent":-1},"5":{"id":5,"color":"rgba(95, 173, 251, 0.9)","name":"Accent Transparent","active":1,"custom_name":1,"hsla_code":"hsla(calc(var(--tva-main-master-h,210) - 0 ), calc(var(--tva-main-master-s,77%) + 17% ), calc(var(--tva-main-master-l,54%) + 13% ), 0.9)","hsla_vars":{"h":"calc(var(--tva-main-master-h,210) - 0 )","s":"calc(var(--tva-main-master-s,77%) + 17% )","l":"calc(var(--tva-main-master-l,54%) + 13% )","a":0.9}},"7":{"id":7,"color":"rgb(245, 247, 249)","name":"Accent Lighter","active":1,"custom_name":"1","lock":{"saturation":1,"lightness":1},"hsla_code":"hsla(calc(var(--tva-main-master-h,210) - 0 ), 28%, 97%, 1)","hsla_vars":{"h":"calc(var(--tva-main-master-h,210) - 0 )","s":"28%","l":"97%","a":1}},"8":{"id":8,"color":"rgba(245, 247, 249, 0.95)","name":"Accent Light Transparent","active":1,"custom_name":0,"lock":{"saturation":1,"lightness":1},"hsla_code":"hsla(calc(var(--tva-main-master-h,210) - 0 ), 28%, 97%, 0.95)","hsla_vars":{"h":"calc(var(--tva-main-master-h,210) - 0 )","s":"28%","l":"97%","a":0.95}},"9":{"id":9,"color":"rgb(119, 162, 242)","name":"Accent Tone 01","active":1,"custom_name":0,"lock":{"saturation":0,"lightness":0},"hsla_code":"hsla(calc(var(--tva-main-master-h,210) + 9 ), calc(var(--tva-main-master-s,77%) + 5% ), calc(var(--tva-main-master-l,54%) + 16% ), 1)","hsla_vars":{"h":"calc(var(--tva-main-master-h,210) + 9 )","s":"calc(var(--tva-main-master-s,77%) + 5% )","l":"calc(var(--tva-main-master-l,54%) + 16% )","a":1}},"10":{"id":10,"color":"rgba(74, 158, 236, 0.12)","name":"Accent Low Opacity","active":1,"custom_name":1,"hsla_code":"hsla(calc(var(--tva-main-master-h,210) - 2 ), calc(var(--tva-main-master-s,77%) + 4% ), calc(var(--tva-main-master-l,54%) + 5% ), 0.12)","hsla_vars":{"h":"calc(var(--tva-main-master-h,210) - 2 )","s":"calc(var(--tva-main-master-s,77%) + 4% )","l":"calc(var(--tva-main-master-l,54%) + 5% )","a":0.12}},"11":{"id":11,"color":"rgb(4, 4, 4)","name":"Headings","active":1,"custom_name":0},"12":{"id":12,"color":"rgb(34, 34, 34)","name":"General Text","active":1,"custom_name":0},"13":{"id":13,"color":"rgba(0, 0, 0, 0.05)","name":"Black","active":1,"custom_name":0},"14":{"id":14,"color":"rgba(78, 158, 237, 0.05)","name":"Accent Lowest Opacity","active":1,"custom_name":1,"hsla_code":"hsla(calc(var(--tva-main-master-h,210) - 1 ), calc(var(--tva-main-master-s,77%) + 4% ), calc(var(--tva-main-master-l,54%) + 6% ), 0.05)","hsla_vars":{"h":"calc(var(--tva-main-master-h,210) - 1 )","s":"calc(var(--tva-main-master-s,77%) + 4% )","l":"calc(var(--tva-main-master-l,54%) + 6% )","a":0.05}},"15":{"id":15,"color":"rgb(34, 60, 88)","name":"Darkest Accent","active":1,"custom_name":"1","lock":{"saturation":1,"lightness":1},"hsla_code":"hsla(calc(var(--tva-main-master-h,210) + 1 ), 44%, 24%, 1)","hsla_vars":{"h":"calc(var(--tva-main-master-h,210) + 1 )","s":"44%","l":"24%","a":1}}}}