{"term_id":44,"name":"Apprentice Design","slug":"rand-110749","term_group":0,"term_taxonomy_id":44,"taxonomy":"thrive_skin_tax","description":"","parent":0,"count":137,"filter":"raw","term_meta":{"is_active":"","tag":"60ae14aebb39f","default_layout":"371bce7dc83817b7893bcdeed13799b5","palettes":"","variables":"","breadcrumbs_labels":"","is_wizard_skipped":"","palettes_v2":{"active_id":0,"version":2,"palettes":[{"name":"Default","original_hsl":{"h":210,"s":0.77,"l":0.54,"a":1},"modified_hsl":{"h":210,"s":0.77,"l":0.54,"a":1}},{"name":"Default","original_hsl":{"h":210,"s":0.77,"l":0.54,"a":1},"modified_hsl":{"h":210,"s":0.77,"l":0.54,"a":1}}]},"thrive_woocommerce_generated_templates":"","thrive_scope":"tva","tva_thumb":"","tva_inherit_typography":""}}