{"67f7fb873eaf29526a11a9b7ac33bfac":{"ID":445,"title":"Header Light Logo - Menu","meta_input":{"tve_updated_post":"<div class=\"symbol-section-out tve-default-state tcb-responsive-video\" style=\"\"><\/div>\n<div class=\"symbol-section-in tve-default-state\" style=\"\">\n<div class=\"thrv_wrapper thrv-columns\" style=\"--tcb-col-el-width:849.2;\" data-css=\"tve-u-179ac9a5c3f\"><div class=\"tcb-flex-row v-2 m-edit tcb-mobile-wrap tcb-resized tcb--cols--3 tcb-medium-wrap\" data-css=\"tve-u-179ac9a5f58\" style=\"\"><div class=\"tcb-flex-col\" data-css=\"tve-u-179acc23810\" style=\"\"><div class=\"tcb-col\" style=\"\"><div class=\"tcb-clear\" data-css=\"tve-u-179cd5bfa2b\">[tcb_logo href='https:\/\/apprentice-build.thrivethemes.com\/courses-page\/' data-id-d='0' data-css='tve-u-179cd242fe9' data-img-style='width: 100%;' class='' data-alt='']<\/div><\/div><\/div><div class=\"tcb-flex-col\" data-css=\"tve-u-179cd522282\" style=\"\"><div class=\"tcb-col\" style=\"\"><div class=\"tcb-clear\" data-css=\"tve-u-179cd55056c\"><div class=\"thrv_wrapper thrv-button thrv-button-v2 tcb-local-vars-root tcb-with-icon tcb-flip tve_ea_thrive_animation tve_anim_backward tve_ea_sidebar_toggle tcb-desktop-hidden\" data-button-style=\"btn-tpl-61285\" data-css=\"tve-u-179cd547280\" style=\"\" data-class=\"tcb-desktop-hidden\"><div class=\"thrive-colors-palette-config\" style=\"display: none !important\">__CONFIG_colors_palette__{\"active_palette\":0,\"config\":{\"colors\":{\"89b00\":{\"name\":\"Main Accent\",\"parent\":-1},\"f4f63\":{\"name\":\"Accent Dark\",\"parent\":\"89b00\",\"lock\":{\"saturation\":1}}},\"gradients\":[]},\"palettes\":[{\"name\":\"Default\",\"value\":{\"colors\":{\"89b00\":{\"val\":\"var(--tva-skin-color-4)\",\"hsl\":{\"h\":210,\"s\":0.7778,\"l\":0.5412,\"a\":1}},\"f4f63\":{\"val\":\"rgb(28, 40, 49)\",\"hsl_parent_dependency\":{\"h\":206,\"l\":0.15,\"s\":0.27}}},\"gradients\":[]},\"original\":{\"colors\":{\"89b00\":{\"val\":\"rgb(19, 114, 211)\",\"hsl\":{\"h\":210,\"s\":0.83,\"l\":0.45,\"a\":1}},\"f4f63\":{\"val\":\"rgb(12, 17, 21)\",\"hsl_parent_dependency\":{\"h\":206,\"s\":0.27,\"l\":0.06,\"a\":1}}},\"gradients\":[]}}]}__CONFIG_colors_palette__<\/div>\n<a href=\"\" class=\"tcb-button-link tcb-plain-text tve_evt_manager_listen tve_et_mouseover tve_et_click\" data-tcb-events=\"__TCB_EVENT_[{&quot;t&quot;:&quot;mouseover&quot;,&quot;config&quot;:{&quot;anim&quot;:&quot;backward&quot;,&quot;loop&quot;:1},&quot;a&quot;:&quot;thrive_animation&quot;},{&quot;a&quot;:&quot;sidebar_toggle&quot;,&quot;t&quot;:&quot;click&quot;}]_TNEVE_BCT__\" style=\"\"><span class=\"tcb-button-icon\" style=\"\">\n<div class=\"thrv_wrapper thrv_icon tve_no_drag tve_no_icons tcb-icon-inherit-style tcb-local-vars-root\" data-css=\"tve-u-179cd547284\" style=\"\"><svg class=\"tcb-icon\" viewBox=\"0 0 24 24\" data-id=\"icon-chevron_left-duotone\" data-name=\"\" style=\"\"><path fill=\"none\" d=\"M0 0h24v24H0V0z\"><\/path><path d=\"M15.41 7.41L14 6l-6 6 6 6 1.41-1.41L10.83 12l4.58-4.59z\"><\/path><\/svg><\/div>\n<\/span>\n<span class=\"tcb-button-texts\" style=\"\"><span class=\"tcb-button-text thrv-inline-text\" style=\"\">Open Sidebar<\/span><\/span>\n<\/a>\n<\/div><\/div><\/div><\/div><div class=\"tcb-flex-col\" data-css=\"tve-u-179acc2383a\" style=\"\"><div class=\"tcb-col\" style=\"\"><div class=\"tcb-clear\" data-css=\"tve-u-179a88f5264\"><div class=\"thrv_wrapper thrv_widget_menu tve-custom-menu-upgrade tve-menu-template-light-tmp-first tcb-local-vars-root da-fold tve-mobile-dropdown tve-regular\" data-tve-switch-icon=\"mobile\" data-css=\"tve-u-179ac9a3015\" style=\"left: 0px;\" data-tve-allhoriz=\"1\" data-float-d=\"1\"><div class=\"thrive-colors-palette-config\" style=\"display: none !important\">__CONFIG_colors_palette__{\"active_palette\":0,\"config\":{\"colors\":{\"7b875\":{\"name\":\"Main Accent\",\"parent\":-1},\"5a321\":{\"name\":\"Accent Transparent\",\"parent\":\"7b875\"}},\"gradients\":[]},\"palettes\":[{\"name\":\"Default\",\"value\":{\"colors\":{\"7b875\":{\"val\":\"var(--tva-skin-color-4)\",\"hsl\":{\"h\":210,\"s\":0.7778,\"l\":0.5412,\"a\":1}},\"5a321\":{\"val\":\"rgba(46, 138, 229, 0.15)\",\"hsl_parent_dependency\":{\"h\":210,\"l\":0.54,\"s\":0.78}}},\"gradients\":[]},\"original\":{\"colors\":{\"7b875\":{\"val\":\"rgb(55, 179, 233)\",\"hsl\":{\"h\":198,\"s\":0.8,\"l\":0.56,\"a\":1}},\"5a321\":{\"val\":\"rgba(55, 179, 233, 0.15)\",\"hsl_parent_dependency\":{\"h\":198,\"s\":0.8,\"l\":0.56,\"a\":0.15}}},\"gradients\":[]}}]}__CONFIG_colors_palette__<\/div><div class=\"thrive-colors-palette-config\" style=\"display: none !important\">__CONFIG_colors_palette__{\"active_palette\":0,\"config\":{\"colors\":{\"7b875\":{\"name\":\"Main Accent\",\"parent\":-1},\"5a321\":{\"name\":\"Accent Transparent\",\"parent\":\"7b875\"}},\"gradients\":[]},\"palettes\":[{\"name\":\"Default\",\"value\":{\"colors\":{\"7b875\":{\"val\":\"var(--tva-skin-color-4)\",\"hsl\":{\"h\":210,\"s\":0.7778,\"l\":0.5412,\"a\":1}},\"5a321\":{\"val\":\"rgba(46, 138, 229, 0.15)\",\"hsl_parent_dependency\":{\"h\":210,\"l\":0.54,\"s\":0.78}}},\"gradients\":[]},\"original\":{\"colors\":{\"7b875\":{\"val\":\"rgb(55, 179, 233)\",\"hsl\":{\"h\":198,\"s\":0.8,\"l\":0.56,\"a\":1}},\"5a321\":{\"val\":\"rgba(55, 179, 233, 0.15)\",\"hsl_parent_dependency\":{\"h\":198,\"s\":0.8,\"l\":0.56,\"a\":0.15}}},\"gradients\":[]}}]}__CONFIG_colors_palette__<\/div>\n<div class=\"thrive-shortcode-config\" style=\"display:none\">__CONFIG_widget_menu__{\"menu_id\":\"custom\",\"dropdown_icon\":\"style_3\",\"mobile_icon\":\"style_4\",\"dir\":\"tve_horizontal\",\"icon\":{\"top\":\"\",\"sub\":\"\"},\"layout\":{\"default\":\"grid\"},\"type\":\"regular\",\"mega_desc\":{},\"actions\":{},\"uuid\":\"m-179ac9a3014\",\"template\":\"60628\",\"template_name\":\"Dropdown 28\",\"unlinked\":{\":last-child\":true},\"logo\":false,\"top_cls\":{\":last-child\":\"\"}}__CONFIG_widget_menu__<\/div>\n<div class=\"thrive-shortcode-html tve-custom-menu-type thrive-shortcode-html-editable tve_clearfix\" style=\"\">\n<a class=\"tve-m-trigger\" href=\"#\">\n<div class=\"thrv_wrapper thrv_icon tcb-icon-open\" data-not-changeable=\"true\"><svg class=\"tcb-icon\" viewBox=\"0 0 32 32\" data-name=\"align-justify\"><g><path class=\"st0\" d=\"M23.5,11.4h-15c-0.4,0-0.8,0.3-0.8,0.8s0.3,0.8,0.8,0.8h15c0.4,0,0.8-0.3,0.8-0.8S23.9,11.4,23.5,11.4z\"><\/path><path class=\"st0\" d=\"M23.5,15.3h-15c-0.4,0-0.8,0.3-0.8,0.8s0.3,0.8,0.8,0.8h15c0.4,0,0.8-0.3,0.8-0.8S23.9,15.3,23.5,15.3z\"><\/path><path class=\"st0\" d=\"M23.5,19.1h-15c-0.4,0-0.8,0.3-0.8,0.8s0.3,0.8,0.8,0.8h15c0.4,0,0.8-0.3,0.8-0.8S23.9,19.1,23.5,19.1z\"><\/path><path class=\"st0\" d=\"M16,0C7.2,0,0,7.2,0,16v0c0,8.8,7.2,16,16,16s16-7.2,16-16v0C32,7.2,24.8,0,16,0z M16,30.5 C8,30.5,1.5,24,1.5,16C1.5,8,8,1.5,16,1.5C24,1.5,30.5,8,30.5,16C30.5,24,24,30.5,16,30.5z\"><\/path><\/g><\/svg><\/div>\n<div class=\"thrv_wrapper thrv_icon tcb-icon-close\" data-not-changeable=\"true\"><svg class=\"tcb-icon\" viewBox=\"0 0 32 32\" data-name=\"close\"><g><path class=\"st0\" d=\"M16,0C7.2,0,0,7.2,0,16v0c0,8.8,7.2,16,16,16s16-7.2,16-16v0C32,7.2,24.8,0,16,0z M16,30.5 C8,30.5,1.5,24,1.5,16C1.5,8,8,1.5,16,1.5C24,1.5,30.5,8,30.5,16C30.5,24,24,30.5,16,30.5z\"><\/path><path class=\"st0\" d=\"M21.8,10.2c-0.3-0.3-0.8-0.3-1.1,0L16,14.9l-4.8-4.8c-0.3-0.3-0.8-0.3-1.1,0s-0.3,0.8,0,1.1l4.8,4.8l-4.8,4.8 c-0.3,0.3-0.3,0.8,0,1.1c0.1,0.1,0.3,0.2,0.5,0.2s0.4-0.1,0.5-0.2l4.8-4.8l4.8,4.8c0.1,0.1,0.3,0.2,0.5,0.2s0.4-0.1,0.5-0.2 c0.3-0.3,0.3-0.8,0-1.1L17.1,16l4.8-4.8C22.1,10.9,22.1,10.5,21.8,10.2z\"><\/path><\/g><\/svg><\/div>\n<\/a>\n<ul id=\"m-179ac9a3014\" class=\"tve_w_menu tve_horizontal\" data-iid=\"7\" style=\"z-index: 12;\">\n<li class=\"menu-item menu-item-1 lvl-0 tcb-local-vars-root tve_editable\" data-id=\"1\" style=\"\">\n<a class=\"menu-item menu-item-1-a menu-item-1 \" href=\"\" style=\"\">\n<span class=\"tve-disabled-text-inner\">Nav #1<\/span><\/a>\n<\/li>\n<li class=\"menu-item menu-item-2 menu-item-has-children lvl-0 tve_editable\" data-id=\"2\" style=\"\">\n<a class=\"menu-item menu-item-2-a menu-item-2 \" href=\"\" style=\"\">\n<span class=\"tve-disabled-text-inner\">Nav #2<\/span><span class=\"tve-item-dropdown-trigger\"><svg xmlns=\"http:\/\/www.w3.org\/2000\/svg\" class=\"tve-dropdown-icon-up\" viewBox=\"0 0 320 512\"><path d=\"M31.3 192h257.3c17.8 0 26.7 21.5 14.1 34.1L174.1 354.8c-7.8 7.8-20.5 7.8-28.3 0L17.2 226.1C4.6 213.5 13.5 192 31.3 192z\"><\/path><\/svg><\/span><\/a>\n<ul class=\"sub-menu menu-item-2-ul tve_editable\" style=\"z-index: 13;\">\n<li class=\"menu-item menu-item-5 lvl-1 tve_editable\" data-id=\"5\" style=\"\">\n<a class=\"menu-item menu-item-5-a menu-item-5 \" href=\"\">\n<span class=\"tve-disabled-text-inner\">Sub-nav #1<\/span><\/a>\n<\/li>\n<li class=\"menu-item menu-item-6 lvl-1 tve_editable\" data-id=\"6\" style=\"\">\n<a class=\"menu-item menu-item-6-a menu-item-6 \" href=\"\">\n<span class=\"tve-disabled-text-inner\">Sub-nav #2<\/span><\/a>\n<\/li>\n<\/ul>\n<\/li>\n<li class=\"menu-item menu-item-3 lvl-0 tcb-local-vars-root tve_editable\" data-id=\"3\" style=\"\">\n<a class=\"menu-item menu-item-3-a menu-item-3 \" href=\"\" style=\"\">\n<span class=\"tve-disabled-text-inner\">Nav #3<\/span><\/a>\n<\/li>\n<li class=\"menu-item menu-item-4 lvl-0 tcb-local-vars-root tve_editable tcb-excluded-from-group-item\" data-id=\"4\" style=\"\">\n<a class=\"menu-item menu-item-4-a menu-item-4\" href=\"\" style=\"\">\n<span class=\"tve-disabled-text-inner\">Button<\/span><\/a>\n<\/li>\n<\/ul>\n<\/div><\/div><\/div><\/div><\/div><\/div><\/div>\n<\/div>","tve_custom_css":"@import url(\"https:\/\/fonts.googleapis.com\/css?family=Mulish:400,700,500,300&subset=latin&display=swap\");@media (min-width: 300px) {.thrv_symbol_445.tve-default-state .symbol-section-in.tve-default-state { padding: 5px 20px !important; }.thrv_symbol_445.tve-default-state .symbol-section-out.tve-default-state { box-shadow: rgba(0, 0, 0, 0.03) 0px 10px 18px 8px; --tve-applied-box-shadow:0px 10px 18px 8px rgba(0, 0, 0, 0.03); background-color: rgb(255, 255, 255) !important; --background-color:rgb(255, 255, 255)  !important; --tve-applied-background-color:rgb(255, 255, 255)  !important; }.thrv_symbol_445 [data-css=\"tve-u-179ac9a3015\"] { --tcb-local-color-7b875:var(--tva-skin-color-4); --tcb-local-color-5a321:rgba(46, 138, 229, 0.15); float: right; position: relative; --tve-alignment:right; top: 0px; z-index: 10 !important; margin-top: 0px !important; margin-bottom: 0px !important; }:not(#tve) .thrv_symbol_445 .thrv_widget_menu #m-179ac9a3014 > li:not(.tcb-excluded-from-group-item) > a { font-weight: var(--tve-font-weight, var(--g-bold-weight, bold) )  !important; }.thrv_symbol_445 .thrv_widget_menu #m-179ac9a3014 > li:not(.tcb-excluded-from-group-item) { --tve-font-weight:var(--g-bold-weight, bold); --tve-font-family:Mulish; --g-regular-weight:400; --g-bold-weight:500; --tve-letter-spacing:1px; --tve-font-size:12px; --tve-color:rgb(106, 107, 108); border: none; font-family: inherit; --tve-applied---tve-color:rgb(106, 107, 108); margin: 10px 0px !important; padding: 5px 15px !important; }.thrv_symbol_445 .thrv_widget_menu #m-179ac9a3014 > li:not(.tcb-excluded-from-group-item) > a { font-family: var(--tve-font-family, Mulish); --tcb-applied-color:rgb(106, 107, 108); --tve-font-family: inherit; letter-spacing: var(--tve-letter-spacing,1px)  !important; font-size: var(--tve-font-size, 12px)  !important; color: var(--tve-color, rgb(106, 107, 108))  !important; --tve-applied-color:var$(--tve-color, rgb(106, 107, 108))  !important; }:not(#tve) .thrv_symbol_445 .thrv_widget_menu #m-179ac9a3014 > li:not(.tcb-excluded-from-group-item):hover > a { color: var(--tve-color,var(--tcb-local-color-7b875))  !important; --tcb-applied-color:var$(--tcb-local-color-7b875)  !important; --tve-applied-color:var$(--tve-color,var$(--tcb-local-color-7b875))  !important; }:not(#tve) .thrv_symbol_445 .thrv_widget_menu #m-179ac9a3014 > li:not(.tcb-excluded-from-group-item):hover { --tve-color:var(--tcb-local-color-7b875)  !important; --tve-applied---tve-color:var$(--tcb-local-color-7b875)  !important; }.thrv_symbol_445 .thrv_widget_menu #m-179ac9a3014 li li:not(.tcb-excluded-from-group-item) > a { --tcb-applied-color:rgb(77,80,82); font-family: var(--tve-font-family,inherit); font-size: var(--tve-font-size, 11px)  !important; color: var(--tve-color,rgb(77,80,82))  !important; }.thrv_symbol_445 .thrv_widget_menu #m-179ac9a3014 li li:not(.tcb-excluded-from-group-item) { --tve-font-size:11px; --tve-color:rgb(77,80,82); --tve-font-weight:var(--g-regular-weight,normal); --tve-font-family: inherit; padding: 5px !important; }.thrv_symbol_445 .thrv_widget_menu #m-179ac9a3014 ul:not(.tcb-excluded-from-group-item) { background-color: var(--tva-skin-color-7)  !important; box-shadow: none !important; --tve-applied-background-color:var$(--tva-skin-color-7)  !important; border: none !important; --tve-applied-border:none  !important; --background-color:var(--tva-skin-color-7)  !important; }:not(#tve) .thrv_symbol_445 .thrv_widget_menu #m-179ac9a3014 li li:not(.tcb-excluded-from-group-item):hover { background-color: rgb(255, 255, 255) !important; --tve-color:var(--tcb-local-color-7b875)  !important; --tve-applied---tve-color:var$(--tcb-local-color-7b875)  !important; --tve-applied-background-color:rgb(255,255,255)  !important; }:not(#tve) .thrv_symbol_445 .thrv_widget_menu #m-179ac9a3014 li li:not(.tcb-excluded-from-group-item):hover > a { color: var(--tve-color,var(--tcb-local-color-7b875))  !important; --tcb-applied-color:var$(--tcb-local-color-7b875)  !important; --tve-applied-color:var$(--tve-color,var$(--tcb-local-color-7b875))  !important; }.thrv_symbol_445 .thrv_widget_menu #m-179ac9a3014 > li:not(.tcb-excluded-from-group-item) > ul { min-width: calc(100% + 0px); margin-left: 0px !important; margin-top: 0px !important; }.thrv_symbol_445 .thrv_widget_menu #m-179ac9a3014 > li.menu-item:last-child { font-family: inherit; --tve-font-weight:var(--g-bold-weight, bold) ; --tve-font-family:Mulish; --g-regular-weight:400; --g-bold-weight:700; --tve-letter-spacing:1px; --tve-font-size:12px; --tve-color:var(--tcb-local-color-7b875); border: none; border-radius: 0px; --tve-applied-border:none; --tve-applied---tve-color:var$(--tcb-local-color-7b875); --tve-border-width:0px; --tve-border-radius:0px; margin: 10px 0px !important; padding: 5px 23px !important; }.thrv_symbol_445 .thrv_widget_menu #m-179ac9a3014 > li.menu-item:last-child > a { font-family: var(--tve-font-family, Mulish); --tcb-applied-color:var$(--tcb-local-color-7b875); --tve-font-family: inherit; font-size: var(--tve-font-size, 12px)  !important; font-weight: var(--tve-font-weight, var(--g-bold-weight, bold) )  !important; letter-spacing: var(--tve-letter-spacing,1px)  !important; color: var(--tve-color,var(--tcb-local-color-7b875))  !important; --tve-applied-color:var$(--tve-color,var$(--tcb-local-color-7b875))  !important; }.thrv_symbol_445 .thrv_widget_menu #m-179ac9a3014 > li.menu-item:last-child.tve-state-active > a { --tcb-applied-color:var$(--tcb-local-color-7b875); color: var(--tve-color,var(--tcb-local-color-7b875))  !important; --tve-applied-color:var$(--tve-color,var$(--tcb-local-color-7b875))  !important; }.thrv_symbol_445 .thrv_widget_menu #m-179ac9a3014 > li.menu-item:last-child.tve-state-active { --tve-color:var(--tcb-local-color-7b875); --tve-applied---tve-color:var$(--tcb-local-color-7b875); }:not(#tve) .thrv_symbol_445 .thrv_widget_menu #m-179ac9a3014 li li:not(.tcb-excluded-from-group-item) > a { font-weight: var(--tve-font-weight,var(--g-regular-weight,normal) )  !important; }.thrv_symbol_445 .thrv_widget_menu #m-179ac9a3014 > li.menu-item:last-child:hover > a { color: var(--tve-color,rgb(255,255,255))  !important; --tcb-applied-color:rgb(255,255,255)  !important; }.thrv_symbol_445 .thrv_widget_menu #m-179ac9a3014 > li.menu-item:last-child:hover { --tve-color:rgb(255,255,255)  !important; background-color: var(--tcb-local-color-7b875)  !important; --tve-applied-background-color:var$(--tcb-local-color-7b875)  !important; }.thrv_symbol_445 [data-css=\"tve-u-179ac9a5c3f\"] { margin-top: 0px !important; margin-bottom: 0px !important; }.thrv_symbol_445 [data-css=\"tve-u-179ac9a5f58\"] { padding-top: 0px !important; padding-bottom: 0px !important; }.thrv_symbol_445 [data-css=\"tve-u-179acc2383a\"] { max-width: 41.1%; }.thrv_symbol_445 [data-css=\"tve-u-179acc23810\"] { max-width: 36.9%; }.thrv_symbol_445 [data-css=\"tve-u-179cd242fe9\"] { margin-top: 0px !important; margin-bottom: 0px !important; width: 130px !important; }.thrv_symbol_445 [data-css=\"tve-u-179ac9a5f58\"] > .tcb-flex-col > .tcb-col { justify-content: center; }.thrv_symbol_445 [data-css=\"tve-u-179cd522282\"] { max-width: 22%; }.thrv_symbol_445 [data-css=\"tve-u-179cd547280\"] .tcb-button-link { letter-spacing: 2px; border-radius: 5px; overflow: hidden; background-image: none !important; --tve-applied-background-image:none  !important; padding: 0px !important; background-color: transparent !important; --tve-applied-background-color:transparent  !important; }.thrv_symbol_445 [data-css=\"tve-u-179cd547280\"] .tcb-button-link span { color: rgb(255, 255, 255); --tcb-applied-color:#fff; }:not(#tve) .thrv_symbol_445 [data-css=\"tve-u-179cd547280\"] .tcb-button-link span { color: var(--tve-color, var(--tcb-local-color-89b00)); --tve-applied-color:var$(--tve-color, var$(--tcb-local-color-89b00)); --tcb-applied-color:var$(--tcb-local-color-89b00); font-weight: var(--tve-font-weight, var(--g-regular-weight, normal)); }.thrv_symbol_445 [data-css=\"tve-u-179cd547280\"] { --tve-color:var(--tcb-local-color-89b00); --tve-applied---tve-color:var$(--tcb-local-color-89b00); --tve-font-size:13px; --tcb-local-color-62516:var(--tcb-local-color-89b00); --tcb-local-color-89b00:var(--tva-skin-color-4); --tcb-local-color-f4f63:rgb(28, 40, 49); --tve-alignment:right; float: right; --tve-font-weight:var(--g-regular-weight, normal); --tve-font-family:Mulish; --g-regular-weight:400; --g-bold-weight:500; z-index: 3; position: relative; margin: 0px auto !important; }:not(#tve) .thrv_symbol_445 [data-css=\"tve-u-179cd547280\"] .tcb-button-link { font-family: var(--tve-font-family, Mulish); font-size: var(--tve-font-size, 13px)  !important; }:not(#tve) .thrv_symbol_445 [data-css=\"tve-u-179cd547280\"]:hover .tcb-button-link span { color: var(--tve-color, var(--tcb-local-color-f4f63))  !important; --tve-applied-color:var$(--tve-color, var$(--tcb-local-color-f4f63))  !important; --tcb-applied-color:var$(--tcb-local-color-f4f63)  !important; }:not(#tve) .thrv_symbol_445 [data-css=\"tve-u-179cd547280\"]:hover { --tve-color:var(--tcb-local-color-f4f63)  !important; --tve-applied---tve-color:var$(--tcb-local-color-f4f63)  !important; }.thrv_symbol_445 [data-css=\"tve-u-179cd547284\"] { --tcb-local-color-icon:var(--tcb-local-color-89b00); --tcb-local-color-var:var$(--tcb-local-color-89b00); --tve-icon-size:18px; border: 1px solid var(--tcb-local-color-89b00); --tve-applied-border:1px solid var$(--tcb-local-color-89b00); border-radius: 100px; overflow: hidden; font-size: 18px; width: 18px; height: 18px; padding: 12px !important; }:not(#tve) .thrv_symbol_445 [data-css=\"tve-u-179cd547284\"] > :first-child { color: var(--tcb-local-color-89b00); --tve-applied-color:var$(--tcb-local-color-89b00); }.thrv_symbol_445 [data-css=\"tve-u-179cd55056c\"]::after { clear: both; }:not(#tve) .thrv_symbol_445 .thrv_widget_menu #m-179ac9a3014 > li.menu-item:last-child > a { font-weight: var(--tve-font-weight, var(--g-bold-weight, bold) )  !important; }}@media (max-width: 1023px) {:not(#tve) .thrv_symbol_445 [data-css=\"tve-u-179ac9a3015\"] .tve-m-trigger .thrv_icon > svg { color: rgb(106, 107, 108); --tve-applied-color:rgb(106, 107, 108); }.thrv_symbol_445 .thrv_widget_menu #m-179ac9a3014 > li.menu-item:last-child { margin-top: 10px !important; padding: 5px 7px !important; margin-left: 10px !important; }.thrv_symbol_445 .thrv_widget_menu #m-179ac9a3014 li li:not(.tcb-excluded-from-group-item) { background-color: rgba(55, 179, 233, 0.05) !important; }.thrv_symbol_445.tve-default-state .symbol-section-in.tve-default-state { padding: 10px 40px !important; }.thrv_symbol_445 .thrv_widget_menu #m-179ac9a3014 > li:not(.tcb-excluded-from-group-item) { padding: 0px 7px !important; }.thrv_symbol_445 [data-css=\"tve-u-179acc23810\"] { max-width: 25.5%; }.thrv_symbol_445 [data-css=\"tve-u-179acc2383a\"] { max-width: 41.7%; }.thrv_symbol_445 [data-css=\"tve-u-179ac9a5f58\"] { flex-flow: row wrap !important; }.thrv_symbol_445 [data-css=\"tve-u-179cd522282\"] { max-width: 32.8%; }.thrv_symbol_445 [data-css=\"tve-u-179ac9a3015\"] .tve_w_menu { padding: 0px !important; }.thrv_symbol_445 [data-css=\"tve-u-179ac9a5f58\"] > .tcb-flex-col { flex-basis: 282px !important; }.thrv_symbol_445 [data-css=\"tve-u-179ac9a3015\"] { --tve-alignment:center; float: none; margin-left: auto !important; margin-right: auto !important; margin-top: 11px !important; }:not(#tve) .thrv_symbol_445 [data-css=\"tve-u-179cd547280\"] .tcb-button-link { font-size: var(--tve-font-size, 9px)  !important; }.thrv_symbol_445 [data-css=\"tve-u-179cd547280\"] { --tve-font-size:9px; --tve-text-transform:uppercase; }:not(#tve) .thrv_symbol_445 [data-css=\"tve-u-179cd547280\"] .tcb-button-link span { text-transform: var(--tve-text-transform, uppercase); }.thrv_symbol_445 [data-css=\"tve-u-179ac9a5f58\"] > .tcb-flex-col > .tcb-col { justify-content: center; }}@media (max-width: 767px) {.thrv_symbol_445 [data-css=\"tve-u-179ac9a3015\"] .tve_w_menu { padding: 0px !important; }.thrv_symbol_445 .thrv_widget_menu #m-179ac9a3014 > li:not(.tcb-excluded-from-group-item) { margin-bottom: 5px !important; margin-top: 5px !important; padding: 0px 8px !important; }.thrv_symbol_445 .thrv_widget_menu #m-179ac9a3014 li li:not(.tcb-excluded-from-group-item) { padding-top: 7px !important; padding-bottom: 7px !important; }.thrv_symbol_445 .thrv_widget_menu #m-179ac9a3014 > li.menu-item:last-child { margin-top: 0px !important; padding: 5px 8px !important; margin-bottom: 0px !important; }.thrv_symbol_445 [data-css=\"tve-u-179ac9a5f58\"] { flex-wrap: wrap !important; }.thrv_symbol_445 [data-css=\"tve-u-179ac9a5f58\"] > .tcb-flex-col { flex-basis: 105px !important; }.thrv_symbol_445 [data-css=\"tve-u-179ac9a5f58\"] > .tcb-flex-col > .tcb-col { justify-content: center; }.thrv_symbol_445 [data-css=\"tve-u-179ac9a3015\"] { --tve-alignment:center; float: none; margin-left: auto !important; margin-right: auto !important; }.thrv_symbol_445.tve-default-state .symbol-section-in.tve-default-state { padding: 20px 20px 10px !important; }.thrv_symbol_445 [data-css=\"tve-u-179cd242fe9\"] { --tve-alignment:left; float: left; z-index: 3; position: relative; margin-left: auto !important; margin-right: auto !important; margin-bottom: 2px !important; width: 119px !important; }.thrv_symbol_445 [data-css=\"tve-u-179cd547280\"] { --tve-alignment:center; float: none; min-width: 0px !important; margin-left: auto !important; margin-right: auto !important; }.thrv_symbol_445 [data-css=\"tve-u-179cd5bfa2b\"]::after { clear: both; }}","icons":"","tve_globals":{"e":1}},"type":"header"},"d34ab169b70c9dcd35e62896010cd9ff":{"ID":377,"title":"Footer 02","meta_input":{"tve_updated_post":"<div class=\"symbol-section-out\" style=\"\"><\/div> <div class=\"symbol-section-in\" style=\"\"> <div class=\"thrv_wrapper thrv_text_element\" style=\"\"><p style=\"text-align: center;\" data-css=\"tve-u-179a8ca8a58\">Copyright <span class=\"thrive-shortcode-content\" data-attr-id=\"1\" data-extra_key=\"1\" data-option-inline=\"1\" data-shortcode=\"thrive_global_fields\" data-shortcode-name=\"[Company] Name\">[thrive_global_fields id='1' inline='1']<\/span> - <span class=\"thrive-shortcode-content\" data-attr-id=\"6\" data-extra_key=\"2\" data-option-inline=\"1\" data-shortcode=\"thrive_global_fields\" data-shortcode-name=\"[Legal] Privacy policy\" data-attr-static-link=\"{&quot;className&quot;:&quot;tve-froala fr-basic&quot;,&quot;data-css&quot;:&quot;tve-u-179a8caaac9&quot;,&quot;href&quot;:&quot;https:\/\/thrivethemes.com&quot;,&quot;target&quot;:&quot;_blank&quot;,&quot;class&quot;:&quot;tve-froala fr-basic&quot;}\">[thrive_global_fields id='6' inline='1' static-link='{\"className\":\"tve-froala fr-basic\",\"data-css\":\"tve-u-179a8caaac9\",\"href\":\"https:\/\/thrivethemes.com\",\"target\":\"_blank\",\"class\":\"tve-froala fr-basic\"}' link-css-attr=\"tve-u-179a8caaac9\"]<\/span><a href=\"https:\/\/thrivethemes.com\" target=\"_blank\" class=\"tve-froala fr-basic\" style=\"outline: none;\" data-css=\"tve-u-17a13d65d27\"><br><\/a><\/p><\/div> <\/div>","tve_custom_css":"@media (min-width: 300px){.thrv_symbol_377 .symbol-section-out { background-color: rgb(52, 52, 52) !important; --background-color:rgb(52, 52, 52)  !important; --tve-applied-background-color:rgb(52, 52, 52)  !important; }.thrv_symbol_377 .symbol-section-in { padding: 20px !important; }:not(#tve) .thrv_symbol_377 [data-css=\"tve-u-179a8ca8a58\"] { letter-spacing: 5px; padding-bottom: 0px !important; margin-bottom: 0px !important; font-size: 11px !important; color: rgba(255, 255, 255, 0.55) !important; --tcb-applied-color:rgba(255, 255, 255, 0.55)  !important; --tve-applied-color:rgba(255, 255, 255, 0.55)  !important; }:not(#tve) .thrv_symbol_377 [data-css=\"tve-u-179a8caaac9\"] { color: var(--tva-skin-color-1)  !important; --tve-applied-color:var$(--tva-skin-color-1)  !important; font-size: 12px !important; }:not(#tve) .thrv_symbol_377 [data-css=\"tve-u-17a13d65d27\"] { font-size: 11px !important; color: var(--tva-skin-color-1)  !important; --tve-applied-color:var$(--tva-skin-color-1)  !important; }}@media (max-width: 1023px){.thrv_symbol_377 .symbol-section-in { padding-left: 40px !important; padding-right: 40px !important; }}@media (max-width: 767px){.thrv_symbol_377 .symbol-section-in { padding-left: 20px !important; padding-right: 20px !important; }}","icons":"","tve_globals":{"e":1}},"type":"footer"}}