[{"post_type":"thrive_typography","post_title":"Default Typography","meta_input":{"style":{"ul":{"(min-width: 300px)":["__el__{ padding-top:0px;padding-bottom:16px;margin-top:0px;margin-bottom:0px;font-size:17px;--tcb-typography-font-size:17px;font-family:Mulish;--tcb-typography-font-family:Mulish;--g-regular-weight:400;--g-bold-weight:600;font-weight:var(--g-regular-weight, normal);line-height:1.5em;--tcb-typography-line-height:1.5em;color:var(--tva-skin-color-12);--tcb-typography-color:var(--tva-skin-color-12);--tve-applied-color:var$(--tva-skin-color-12);--tcb-applied-color:var$(--tva-skin-color-12); }"]},"h1":{"(min-width: 300px)":["__el__{ font-family:Literata;--tcb-typography-font-family:Literata;--g-regular-weight:400;--g-bold-weight:600;font-weight:var(--g-bold-weight, bold);color:var(--tva-skin-color-11);--tcb-typography-color:var(--tva-skin-color-11);--tve-applied-color:var$(--tva-skin-color-11);--tcb-applied-color:var$(--tva-skin-color-11);font-size:45px;--tcb-typography-font-size:45px; }"],"(max-width: 1023px)":["__el__{ font-size:35px;--tcb-typography-font-size:35px; }"],"(max-width: 767px)":["__el__{ font-size:25px;--tcb-typography-font-size:25px; }"]},"h2":{"(min-width: 300px)":["__el__{ color:var(--tva-skin-color-11);--tcb-typography-color:var(--tva-skin-color-11);--tve-applied-color:var$(--tva-skin-color-11);--tcb-applied-color:var$(--tva-skin-color-11);font-family:Mulish;--tcb-typography-font-family:Mulish;--g-regular-weight:400;--g-bold-weight:600;font-weight:var(--g-bold-weight, bold);--tcb-typography-font-weight:var(--g-regular-weight, normal);font-size:30px;--tcb-typography-font-size:30px; }"],"(max-width: 767px)":["__el__{ font-size:22px;--tcb-typography-font-size:22px; }"]},"h3":{"(min-width: 300px)":["__el__{ color:var(--tva-skin-color-11);--tcb-typography-color:var(--tva-skin-color-11);--tve-applied-color:var$(--tva-skin-color-11);--tcb-applied-color:var$(--tva-skin-color-11);font-family:Mulish;--tcb-typography-font-family:Mulish;--g-regular-weight:400;--g-bold-weight:600;font-weight:var(--g-bold-weight, bold);font-size:22px;--tcb-typography-font-size:22px; }"],"(max-width: 767px)":["__el__{ font-size:20px;--tcb-typography-font-size:20px; }"]},"h4":{"(min-width: 300px)":["__el__{ color:var(--tva-skin-color-11);--tcb-typography-color:var(--tva-skin-color-11);--tve-applied-color:var$(--tva-skin-color-11);--tcb-applied-color:var$(--tva-skin-color-11);font-family:Mulish;--tcb-typography-font-family:Mulish;--g-regular-weight:400;--g-bold-weight:600;font-weight:var(--g-bold-weight, bold);font-size:20px;--tcb-typography-font-size:20px; }"],"(max-width: 767px)":["__el__{ font-size:18px;--tcb-typography-font-size:18px; }"]},"h5":{"(min-width: 300px)":["__el__{ color:var(--tva-skin-color-11);--tcb-typography-color:var(--tva-skin-color-11);--tve-applied-color:var$(--tva-skin-color-11);--tcb-applied-color:var$(--tva-skin-color-11);font-family:Literata;--tcb-typography-font-family:Literata;--g-regular-weight:400;--g-bold-weight:600;font-weight:var(--g-bold-weight, bold);text-transform:none;--tcb-typography-text-transform:none;letter-spacing:0px;--tcb-typography-letter-spacing:0px;font-size:18px;--tcb-typography-font-size:18px;line-height:1.5em;--tcb-typography-line-height:1.5em; }"],"(max-width: 767px)":["__el__{ font-size:16px;--tcb-typography-font-size:16px; }"]},"h6":{"(min-width: 300px)":["__el__{ color:var(--tva-skin-color-11);--tcb-typography-color:var(--tva-skin-color-11);--tve-applied-color:var$(--tva-skin-color-11);--tcb-applied-color:var$(--tva-skin-color-11);font-family:Mulish;--tcb-typography-font-family:Mulish;--g-regular-weight:400;--g-bold-weight:600;font-weight:var(--g-bold-weight, bold);font-size:15px;--tcb-typography-font-size:15px;letter-spacing:2px;--tcb-typography-letter-spacing:2px;line-height:1.5em;--tcb-typography-line-height:1.5em; }"],"(max-width: 767px)":["__el__{ font-size:14px;--tcb-typography-font-size:14px; }"]},"p":{"(min-width: 300px)":["__el__{ color:var(--tva-skin-color-12);--tcb-typography-color:var(--tva-skin-color-12);--tve-applied-color:var$(--tva-skin-color-12);--tcb-applied-color:var$(--tva-skin-color-12);font-family:Mulish;--tcb-typography-font-family:Mulish;--g-regular-weight:400;--g-bold-weight:600;font-weight:var(--g-regular-weight, normal);font-size:17px;--tcb-typography-font-size:17px;line-height:1.7em;--tcb-typography-line-height:1.7em; }"],"(max-width: 767px)":["__el__{ font-size:16px;--tcb-typography-font-size:16px; }"]},"li":{"(min-width: 300px)":["__el__{ padding-bottom:6px;margin-bottom:0px;font-size:17px;--tcb-typography-font-size:17px;font-family:inherit;--tcb-typography-font-family:inherit;font-weight:var(--g-regular-weight, normal);line-height:1.5em;--tcb-typography-line-height:1.5em;color:var(--tva-skin-color-12);--tcb-typography-color:var(--tva-skin-color-12);--tve-applied-color:var$(--tva-skin-color-12);--tcb-applied-color:var$(--tva-skin-color-12); }"]},"link":{"(min-width: 300px)":["__el__{ color:var(--tva-skin-color-4);--tve-applied-color:var$(--tva-skin-color-4);font-size:17px;--tcb-typography-font-size:17px;font-family:inherit;--tcb-typography-font-family:Mulish;--g-regular-weight:400;--g-bold-weight:600;font-weight:var(--g-regular-weight, normal);line-height:1.5em;--tcb-typography-line-height:1.5em;--tcb-typography-color:var(--tva-skin-color-12);--tcb-applied-color:var$(--tva-skin-color-12); }"]},"blockquote":{"(min-width: 300px)":["__el__{ font-size:17px;--tcb-typography-font-size:17px;font-family:Mulish;--tcb-typography-font-family:Mulish;--g-regular-weight:400;--g-bold-weight:600;font-weight:var(--g-regular-weight, normal);line-height:1.5em;--tcb-typography-line-height:1.5em;color:var(--tva-skin-color-12);--tcb-typography-color:var(--tva-skin-color-12);--tve-applied-color:var$(--tva-skin-color-12);--tcb-applied-color:var$(--tva-skin-color-12);background-color:var(--tva-skin-color-14);--background-color:var(--tva-skin-color-14);--tve-applied-background-color:var$(--tva-skin-color-14);border-left:2px solid var(--tva-skin-color-4);padding-top:10px;padding-bottom:10px; }"]},"plaintext":{"(min-width: 300px)":["__el__{ font-size:17px;--tcb-typography-font-size:17px;color:var(--tva-skin-color-12);--tcb-typography-color:var(--tva-skin-color-12);--tve-applied-color:var$(--tva-skin-color-12);--tcb-applied-color:var$(--tva-skin-color-12);font-family:Mulish;--tcb-typography-font-family:Mulish;font-weight:var(--g-regular-weight, normal);--g-bold-weight:600;line-height:1.5em;--tcb-typography-line-height:1.5em; }"]},"@imports":["@import url(\"\/\/fonts.googleapis.com\/css?family=Literata:400,600,500&subset=latin\");","@import url(\"\/\/fonts.googleapis.com\/css?family=Mulish:600,400,700,500&subset=latin\");"]},"default":true}}]