[{"ID":5166,"post_title":"Simple Product Page","post_type":"thrive_template","meta_input":{"default":"0","layout":"20f07591c6fcb220ffe637cda29bb3f6","layout_data":{"hide_sidebar":1},"structure":"[thrive_template_section type=\"top\" ][thrive_template_content]\n[thrive_main_container]\n[thrive_template_section type=\"sidebar\" ]\n[thrive_template_section type=\"content\" ]\n[\/thrive_main_container]\n[\/thrive_template_content][thrive_template_section type=\"bottom\" ]","sidebar-type":"","sticky-sidebar":"","off-screen-sidebar":"","tve_globals":{"js_sdk":[],"fb_comment_admins":""},"comments":{"labels":[],"icons":[]},"sections":{"top":{"id":0,"content":"<div class=\"thrv_wrapper thrv-columns\" data-css=\"tve-u-172c77d3f77\" style=\"\"><div class=\"tcb-flex-row v-2 tcb-medium-no-wrap m-edit tcb--cols--3 tcb-resized tcb-mobile-no-wrap\" data-css=\"tve-u-172c77d3f76\" style=\"min-height: inherit;\"><div class=\"tcb-flex-col\" data-css=\"tve-u-172c7a77494\" style=\"\"><div class=\"tcb-col\" data-css=\"tve-u-172c7aa5edf\" style=\"min-height: 1px;\"><div class=\"tcb-clear\" data-css=\"tve-u-172c7a51825\"><div class=\"thrv_wrapper thrv_contentbox_shortcode thrv-content-box tve-elem-default-pad\" data-css=\"tve-u-172c77d3f8d\" style=\"\">\n<div class=\"tve-content-box-background\"><\/div>\n<div class=\"tve-cb\"><div class=\"thrv_wrapper thrv-columns\" data-css=\"tve-u-172c77d3f7d\" style=\"\"><div class=\"tcb-flex-row v-2 tcb-resized tcb--cols--2 m-edit tcb-mobile-wrap\" data-css=\"tve-u-172c77d3f7b\" style=\"\"><div class=\"tcb-flex-col c-33\" data-css=\"tve-u-172c77d3f7e\" style=\"\"><div class=\"tcb-col\" style=\"\"><div class=\"tcb-clear\" data-css=\"tve-u-172c77d3f90\"><div class=\"thrv_wrapper thrv_icon tcb-icon-display\" data-css=\"tve-u-172cd0f7363\" style=\"\"><svg class=\"tcb-icon\" viewBox=\"0 0 512 512\" data-id=\"icon-chess-queen-light\" data-name=\"\">\n<path d=\"M436 512H76c-6.627 0-12-5.373-12-12v-8c0-6.627 5.373-12 12-12h360c6.627 0 12 5.373 12 12v8c0 6.627-5.373 12-12 12zM255.579 32c-13.234 0-24 10.766-24 24s10.766 24 24 24 24-10.766 24-24-10.766-24-24-24m0-32c30.928 0 56 25.072 56 56s-25.072 56-56 56-56-25.072-56-56 25.072-56 56-56zm81.579 160h-8.319c-4.533 9.593-24.68 49.231-72.839 49.231-48.147 0-68.317-39.664-72.839-49.231h-8.315c-1.485 21.883-7.446 69.206-62.846 69.206-26.644 0-46.348-15.694-61.685-37.576l-6.854 3.617L133.507 416h244.986l90.046-220.753-6.777-3.577c-9.187 13.212-29.262 37.536-61.762 37.536-55.422 0-61.374-47.614-62.842-69.206m19.161-32c6.494 0 11.812 5.172 11.995 11.664 1.062 37.738 2.973 57.542 31.686 57.542 21.318 0 35.449-22.285 44.065-37.802 3.161-5.693 10.305-7.82 16.082-4.77l39.357 20.773a12 12 0 0 1 5.51 15.145L400 448H112L6.986 190.552a12 12 0 0 1 5.51-15.145l39.179-20.679c6.482-3.421 13.147-.165 15.899 4.453 10.608 17.8 23.735 38.025 44.425 38.025 28.753 0 30.635-19.898 31.688-57.539.181-6.493 5.5-11.667 11.995-11.667h41.005c5.175 0 9.754 3.328 11.388 8.238 8.89 26.709 26.073 40.992 47.925 40.992s39.034-14.283 47.925-40.992c1.634-4.911 6.213-8.238 11.388-8.238h41.006z\"><\/path>\n<\/svg><\/div><\/div><\/div><\/div><div class=\"tcb-flex-col c-66\" data-css=\"tve-u-172c77d3f7f\" style=\"\"><div class=\"tcb-col\" style=\"\" data-css=\"tve-u-172c7a25fdd\"><div class=\"thrv_wrapper thrv_text_element\" data-css=\"tve-u-172cd1426ed\" style=\"\"><p class=\"tcb-global-text-\" data-css=\"tve-u-172c77fc740\" style=\"\">high quality&nbsp;<\/p><\/div><\/div><\/div><\/div><\/div><\/div>\n<\/div><\/div><\/div><\/div><div class=\"tcb-flex-col\" data-css=\"tve-u-172c7a774cb\" style=\"\"><div class=\"tcb-col\" style=\"min-height: 1px;\"><div class=\"thrv_wrapper thrv_contentbox_shortcode thrv-content-box tve-elem-default-pad\" data-css=\"tve-u-172c77d3f79\" style=\"\">\n<div class=\"tve-content-box-background\"><\/div>\n<div class=\"tve-cb\"><div class=\"thrv_wrapper thrv_contentbox_shortcode thrv-content-box tve-elem-default-pad\" data-css=\"tve-u-172c77d3f83\" style=\"\">\n<div class=\"tve-content-box-background\"><\/div>\n<div class=\"tve-cb\" data-css=\"tve-u-172c7aa5270\" style=\"\"><div class=\"thrv_wrapper thrv-columns\" data-css=\"tve-u-172c77d3f8e\" style=\"\"><div class=\"tcb-flex-row v-2 tcb-resized m-edit tcb-mobile-wrap tcb--cols--2\" data-css=\"tve-u-172c77d3f8c\" style=\"\"><div class=\"tcb-flex-col c-33 column-fixed-width\" data-css=\"tve-u-172c77d3f88\" style=\"\"><div class=\"tcb-col\" style=\"\"><div class=\"tcb-clear\" data-css=\"tve-u-172c77d3f90\"><div class=\"thrv_wrapper thrv_icon tcb-icon-display\" data-css=\"tve-u-172cd0f8c06\" style=\"\"><svg class=\"tcb-icon\" viewBox=\"0 0 512 512\" data-id=\"icon-exchange-light\" data-name=\"\">\n<path d=\"M508.485 184.485l-92.485 92c-4.687 4.686-12.284 4.686-16.97 0l-7.071-7.07c-4.687-4.686-4.687-12.284 0-16.971L452.893 192H12c-6.627 0-12-5.373-12-12v-8c0-6.627 5.373-12 12-12h440.905l-60.946-60.444c-4.687-4.686-4.687-12.284 0-16.971l7.07-7.07c4.687-4.686 12.284-4.686 16.971 0l92.485 92c4.687 4.686 4.686 12.284 0 16.97zm-504.97 160l92.485 92c4.687 4.686 12.284 4.686 16.971 0l7.07-7.07c4.687-4.686 4.687-12.284 0-16.971L59.095 352H500c6.627 0 12-5.373 12-12v-8c0-6.627-5.373-12-12-12H59.107l60.934-60.444c4.687-4.686 4.687-12.284 0-16.971l-7.071-7.07c-4.686-4.686-12.284-4.687-16.97 0l-92.485 92c-4.686 4.686-4.687 12.284 0 16.97z\"><\/path>\n<\/svg><\/div><\/div><\/div><\/div><div class=\"tcb-flex-col c-66\" data-css=\"tve-u-172c77d3f8a\" style=\"\"><div class=\"tcb-col\" style=\"\" data-css=\"tve-u-172cd0f1bbd\"><div class=\"thrv_wrapper thrv_text_element\" data-css=\"tve-u-172cd141602\" style=\"\"><p class=\"tcb-global-text-\" data-css=\"tve-u-172c78228f4\" style=\"\">personalised feedback<\/p><\/div><\/div><\/div><\/div><\/div><\/div>\n<\/div><\/div>\n<\/div><\/div><\/div><div class=\"tcb-flex-col\" data-css=\"tve-u-172c7a77500\" style=\"\"><div class=\"tcb-col\" style=\"min-height: 1px;\"><div class=\"thrv_wrapper thrv_contentbox_shortcode thrv-content-box tve-elem-default-pad\" data-css=\"tve-u-172c77d3f82\" style=\"\">\n<div class=\"tve-content-box-background\"><\/div>\n<div class=\"tve-cb\"><div class=\"thrv_wrapper thrv-columns\" data-css=\"tve-u-172c7aa3ee4\" style=\"\"><div class=\"tcb-flex-row v-2 tcb-resized m-edit tcb-mobile-wrap tcb--cols--2\" data-css=\"tve-u-172c77d3f87\" style=\"\"><div class=\"tcb-flex-col c-33 column-fixed-width\" data-css=\"tve-u-172c77d3f84\" style=\"\"><div class=\"tcb-col\" style=\"\"><div class=\"tcb-clear\" data-css=\"tve-u-172c77d3f90\"><div class=\"thrv_wrapper thrv_icon tcb-icon-display\" data-css=\"tve-u-172c77d3f8f\" style=\"\"><svg class=\"tcb-icon\" viewBox=\"0 0 576 512\" data-id=\"icon-hand-holding-usd-light\" data-name=\"\">\n<path d=\"M256.7 135.7l56.4 16.1c8.8 2.5 14.9 10.6 14.9 19.7 0 11.3-9.2 20.5-20.5 20.5h-36.9c-8.2 0-16.1-2.6-22.6-7.3-3-2.2-7.2-1.5-9.8 1.2l-11.4 11.4c-3.5 3.5-2.9 9.2 1 12.2 12.3 9.4 27.2 14.5 42.9 14.5h1.4v24c0 4.4 3.6 8 8 8h16c4.4 0 8-3.6 8-8v-24h1.4c22.8 0 44.3-13.6 51.7-35.2 10.1-29.6-7.3-59.8-35.1-67.8L263 104.1c-8.8-2.5-14.9-10.6-14.9-19.7 0-11.3 9.2-20.5 20.5-20.5h36.9c8.2 0 16.1 2.6 22.6 7.3 3 2.2 7.2 1.5 9.8-1.2l11.4-11.4c3.5-3.5 2.9-9.2-1-12.2C336 37.1 321.1 32 305.4 32H304V8c0-4.4-3.6-8-8-8h-16c-4.4 0-8 3.6-8 8v24h-3.5c-30.6 0-55.1 26.3-52.2 57.5 2 22.1 19 40.1 40.4 46.2zm301.6 197.9c-19.7-17.7-49.4-17.6-69.9-1.2l-61.6 49.3c-1.9 1.5-4.2 2.3-6.7 2.3h-41.6c4.6-9.6 6.5-20.7 4.8-32.3-4-27.9-29.6-47.7-57.8-47.7H181.3c-20.8 0-41 6.7-57.6 19.2L85.3 352H8c-4.4 0-8 3.6-8 8v16c0 4.4 3.6 8 8 8h88l46.9-35.2c11.1-8.3 24.6-12.8 38.4-12.8H328c13.3 0 24 10.7 24 24s-10.7 24-24 24h-88c-8.8 0-16 7.2-16 16s7.2 16 16 16h180.2c9.7 0 19.1-3.3 26.7-9.3l61.6-49.2c7.7-6.1 20-7.6 28.4 0 10.1 9.1 9.3 24.5-.9 32.6l-100.8 80.7c-7.6 6.1-17 9.3-26.7 9.3H8c-4.4 0-8 3.6-8 8v16c0 4.4 3.6 8 8 8h400.5c17 0 33.4-5.8 46.6-16.4L556 415c12.2-9.8 19.5-24.4 20-40s-6-30.8-17.7-41.4z\"><\/path>\n<\/svg><\/div><\/div><\/div><\/div><div class=\"tcb-flex-col c-66\" data-css=\"tve-u-172c77d3f85\" style=\"\"><div class=\"tcb-col\" style=\"\"><div class=\"thrv_wrapper thrv_text_element\" data-css=\"tve-u-172cd13f932\" style=\"\"><p class=\"tcb-global-text-\" data-css=\"tve-u-172c77d3f78\" style=\"\">30- days money back<\/p><\/div><\/div><\/div><\/div><\/div><\/div>\n<\/div><\/div><\/div><\/div><\/div>","decoration":[],"comments":[],"attr":{"class":""},"hide":0},"sidebar":{"id":0,"content":"\n<div class=\"thrv_wrapper thrv_contentbox_shortcode thrv-content-box tve-elem-default-pad\" data-css=\"tve-u-17299dd7209\" style=\"\">\n<div class=\"tve-content-box-background\" style=\"\" data-css=\"tve-u-17299dc406f\"><\/div>\n<div class=\"tve-cb\"><div class=\"thrv_wrapper thrv-columns\" data-css=\"tve-u-17300cf515e\" style=\"\"><div class=\"tcb-flex-row v-2 tcb-resized tcb--cols--2 tcb-mobile-no-wrap m-edit\" data-css=\"tve-u-17299dac952\" style=\"\"><div class=\"tcb-flex-col c-33\" data-css=\"tve-u-17304aa5040\" style=\"\"><div class=\"tcb-col\" style=\"\"><div class=\"tcb-clear\" data-css=\"tve-u-17300cf1d4a\"><div class=\"thrv_wrapper thrv_icon tcb-icon-display\" data-css=\"tve-u-17299dac966\" style=\"\"><svg class=\"tcb-icon\" viewBox=\"0 0 640 512\" data-id=\"icon-truck-light\" data-name=\"\">\n<path d=\"M632 384h-24V275.9c0-16.8-6.8-33.3-18.8-45.2l-83.9-83.9c-11.8-12-28.3-18.8-45.2-18.8H416V78.6c0-25.7-22.2-46.6-49.4-46.6H49.4C22.2 32 0 52.9 0 78.6v290.8C0 395.1 22.2 416 49.4 416h16.2c-1.1 5.2-1.6 10.5-1.6 16 0 44.2 35.8 80 80 80s80-35.8 80-80c0-5.5-.6-10.8-1.6-16h195.2c-1.1 5.2-1.6 10.5-1.6 16 0 44.2 35.8 80 80 80s80-35.8 80-80c0-5.5-.6-10.8-1.6-16H632c4.4 0 8-3.6 8-8v-16c0-4.4-3.6-8-8-8zM460.1 160c8.4 0 16.7 3.4 22.6 9.4l83.9 83.9c.8.8 1.1 1.9 1.8 2.8H416v-96h44.1zM144 480c-26.5 0-48-21.5-48-48s21.5-48 48-48 48 21.5 48 48-21.5 48-48 48zm63.6-96C193 364.7 170 352 144 352s-49 12.7-63.6 32h-31c-9.6 0-17.4-6.5-17.4-14.6V78.6C32 70.5 39.8 64 49.4 64h317.2c9.6 0 17.4 6.5 17.4 14.6V384H207.6zM496 480c-26.5 0-48-21.5-48-48s21.5-48 48-48 48 21.5 48 48-21.5 48-48 48zm0-128c-26.1 0-49 12.7-63.6 32H416v-96h160v96h-16.4c-14.6-19.3-37.5-32-63.6-32z\"><\/path>\n<\/svg><\/div><\/div><\/div><\/div><div class=\"tcb-flex-col c-66\" data-css=\"tve-u-17304aa5042\" style=\"\"><div class=\"tcb-col\" style=\"\"><div class=\"thrv_wrapper thrv_text_element\"><p data-css=\"tve-u-17299dac94f\">free Shipping<\/p><\/div><div class=\"thrv_wrapper thrv_text_element\"><p data-css=\"tve-u-17299dac951\">On Orders over $99<\/p><\/div><\/div><\/div><\/div><\/div><\/div>\n<\/div><div class=\"thrv_wrapper thrv_contentbox_shortcode thrv-content-box tve-elem-default-pad\" data-css=\"tve-u-17299ddf06d\" style=\"\">\n<div class=\"tve-content-box-background\" style=\"\" data-css=\"tve-u-17299dc406f\"><\/div>\n<div class=\"tve-cb\"><div class=\"thrv_wrapper thrv-columns\" data-css=\"tve-u-17300cf6848\" style=\"\"><div class=\"tcb-flex-row v-2 tcb-resized tcb--cols--2 tcb-mobile-no-wrap m-edit\" data-css=\"tve-u-17299e9725b\" style=\"\"><div class=\"tcb-flex-col c-33\" data-css=\"tve-u-17304aa49a2\" style=\"\"><div class=\"tcb-col\" style=\"\"><div class=\"tcb-clear\" data-css=\"tve-u-17300cf2408\"><div class=\"thrv_wrapper thrv_icon tcb-icon-display\" data-css=\"tve-u-17299dec597\" style=\"\"><svg class=\"tcb-icon\" viewBox=\"0 0 448 512\" data-id=\"icon-box-heart-light\" data-name=\"\">\n<path d=\"M447.9 176c0-10.6-2.6-21-7.6-30.3l-49.1-91.9c-4.3-13-16.5-21.8-30.3-21.8H87.1c-13.8 0-26 8.8-30.4 21.9L7.6 145.8c-5 9.3-7.6 19.7-7.6 30.3C.1 236.6 0 448 0 448c0 17.7 14.3 32 32 32h384c17.7 0 32-14.3 32-32 0 0-.1-211.4-.1-272zM240 64h120.9l50.8 96H240V64zM87.1 64H208v96H36.3l50.8-96zM224 448H32s.1-181.1.1-256H416c0 74.9.1 256 .1 256H224zm90.2-210.8c-13.9-11.6-47.7-28.5-90.2 14.5-42.6-43-76.4-26.1-90.2-14.5-27.5 23-28.9 64.2-4.3 89.1l84.7 85.6c5.5 5.5 14.3 5.5 19.8 0l84.7-85.6c24.5-24.9 23-66.1-4.5-89.1zm-18.4 66.5L224 376.4l-71.8-72.6c-10.2-10.3-12.3-30 2.1-42 13.7-11.5 31.2-3.4 38.4 3.7l31.4 31.7 31.4-31.7c7.1-7.2 24.6-15.2 38.4-3.7 14.2 12 12.2 31.6 1.9 41.9z\"><\/path>\n<\/svg><\/div><\/div><\/div><\/div><div class=\"tcb-flex-col c-66\" data-css=\"tve-u-17304aa49a5\" style=\"\"><div class=\"tcb-col\" style=\"\"><div class=\"thrv_wrapper thrv_text_element\"><p data-css=\"tve-u-17299eab053\">Eco- Packaging<\/p><\/div><div class=\"thrv_wrapper thrv_text_element\"><p data-css=\"tve-u-172b8a1f92b\" style=\"\">more Here<\/p><\/div><\/div><\/div><\/div><\/div><\/div>\n<\/div><div class=\"thrv_wrapper thrv_contentbox_shortcode thrv-content-box tve-elem-default-pad\" data-css=\"tve-u-17299ec002b\" style=\"\">\n<div class=\"tve-content-box-background\" style=\"\" data-css=\"tve-u-17299dc406f\"><\/div>\n<div class=\"tve-cb\"><div class=\"thrv_wrapper thrv-columns\" data-css=\"tve-u-17300cf8049\" style=\"\"><div class=\"tcb-flex-row v-2 tcb-resized tcb--cols--2 tcb-mobile-no-wrap m-edit\" data-css=\"tve-u-17299e95f26\" style=\"\"><div class=\"tcb-flex-col c-33\" data-css=\"tve-u-17304aa32b5\" style=\"\"><div class=\"tcb-col\" style=\"\"><div class=\"tcb-clear\" data-css=\"tve-u-17300cf2b1e\"><div class=\"thrv_wrapper thrv_icon tcb-icon-display\" data-css=\"tve-u-17299deb6e1\" style=\"\"><svg class=\"tcb-icon\" viewBox=\"0 0 512 512\" data-id=\"icon-sync-light\" data-name=\"\">\n<path d=\"M492 8h-10c-6.627 0-12 5.373-12 12v110.627C426.929 57.261 347.224 8 256 8 123.228 8 14.824 112.338 8.31 243.493 7.971 250.311 13.475 256 20.301 256h10.016c6.353 0 11.646-4.949 11.977-11.293C48.157 132.216 141.097 42 256 42c82.862 0 154.737 47.077 190.289 116H332c-6.627 0-12 5.373-12 12v10c0 6.627 5.373 12 12 12h160c6.627 0 12-5.373 12-12V20c0-6.627-5.373-12-12-12zm-.301 248h-10.015c-6.352 0-11.647 4.949-11.977 11.293C463.841 380.158 370.546 470 256 470c-82.608 0-154.672-46.952-190.299-116H180c6.627 0 12-5.373 12-12v-10c0-6.627-5.373-12-12-12H20c-6.627 0-12 5.373-12 12v160c0 6.627 5.373 12 12 12h10c6.627 0 12-5.373 12-12V381.373C85.071 454.739 164.777 504 256 504c132.773 0 241.176-104.338 247.69-235.493.339-6.818-5.165-12.507-11.991-12.507z\"><\/path>\n<\/svg><\/div><\/div><\/div><\/div><div class=\"tcb-flex-col c-66\" data-css=\"tve-u-17304aa32b8\" style=\"\"><div class=\"tcb-col\" style=\"\"><div class=\"thrv_wrapper thrv_text_element\"><p data-css=\"tve-u-17299eaa4a7\">Easy returns<\/p><\/div><div class=\"thrv_wrapper thrv_text_element\"><p data-css=\"tve-u-17299dac951\">More Here<\/p><\/div><\/div><\/div><\/div><\/div><\/div>\n<\/div><div class=\"thrv_wrapper thrv_contentbox_shortcode thrv-content-box tve-elem-default-pad\" data-css=\"tve-u-17299dac964\" style=\"\">\n<div class=\"tve-content-box-background\" style=\"\" data-css=\"tve-u-17299dc406f\"><\/div>\n<div class=\"tve-cb\"><div class=\"thrv_wrapper thrv-columns\" data-css=\"tve-u-17299dac953\" style=\"\"><div class=\"tcb-flex-row v-2 tcb-resized tcb--cols--2 tcb-mobile-no-wrap m-edit\" data-css=\"tve-u-17299e9512b\" style=\"\"><div class=\"tcb-flex-col c-33\" data-css=\"tve-u-17299dac955\" style=\"\"><div class=\"tcb-col\" style=\"\"><div class=\"tcb-clear\" data-css=\"tve-u-17299dac967\"><div class=\"thrv_wrapper thrv_icon tcb-icon-display\" data-css=\"tve-u-17299e991f6\" style=\"\"><svg class=\"tcb-icon\" viewBox=\"0 0 576 512\" data-id=\"icon-hand-holding-usd-light\" data-name=\"\">\n<path d=\"M256.7 135.7l56.4 16.1c8.8 2.5 14.9 10.6 14.9 19.7 0 11.3-9.2 20.5-20.5 20.5h-36.9c-8.2 0-16.1-2.6-22.6-7.3-3-2.2-7.2-1.5-9.8 1.2l-11.4 11.4c-3.5 3.5-2.9 9.2 1 12.2 12.3 9.4 27.2 14.5 42.9 14.5h1.4v24c0 4.4 3.6 8 8 8h16c4.4 0 8-3.6 8-8v-24h1.4c22.8 0 44.3-13.6 51.7-35.2 10.1-29.6-7.3-59.8-35.1-67.8L263 104.1c-8.8-2.5-14.9-10.6-14.9-19.7 0-11.3 9.2-20.5 20.5-20.5h36.9c8.2 0 16.1 2.6 22.6 7.3 3 2.2 7.2 1.5 9.8-1.2l11.4-11.4c3.5-3.5 2.9-9.2-1-12.2C336 37.1 321.1 32 305.4 32H304V8c0-4.4-3.6-8-8-8h-16c-4.4 0-8 3.6-8 8v24h-3.5c-30.6 0-55.1 26.3-52.2 57.5 2 22.1 19 40.1 40.4 46.2zm301.6 197.9c-19.7-17.7-49.4-17.6-69.9-1.2l-61.6 49.3c-1.9 1.5-4.2 2.3-6.7 2.3h-41.6c4.6-9.6 6.5-20.7 4.8-32.3-4-27.9-29.6-47.7-57.8-47.7H181.3c-20.8 0-41 6.7-57.6 19.2L85.3 352H8c-4.4 0-8 3.6-8 8v16c0 4.4 3.6 8 8 8h88l46.9-35.2c11.1-8.3 24.6-12.8 38.4-12.8H328c13.3 0 24 10.7 24 24s-10.7 24-24 24h-88c-8.8 0-16 7.2-16 16s7.2 16 16 16h180.2c9.7 0 19.1-3.3 26.7-9.3l61.6-49.2c7.7-6.1 20-7.6 28.4 0 10.1 9.1 9.3 24.5-.9 32.6l-100.8 80.7c-7.6 6.1-17 9.3-26.7 9.3H8c-4.4 0-8 3.6-8 8v16c0 4.4 3.6 8 8 8h400.5c17 0 33.4-5.8 46.6-16.4L556 415c12.2-9.8 19.5-24.4 20-40s-6-30.8-17.7-41.4z\"><\/path>\n<\/svg><\/div><\/div><\/div><\/div><div class=\"tcb-flex-col c-66\" data-css=\"tve-u-17299dac956\" style=\"\"><div class=\"tcb-col\" style=\"\"><div class=\"thrv_wrapper thrv_text_element\"><p data-css=\"tve-u-17299ea959f\">30-day money- back<\/p><\/div><div class=\"thrv_wrapper thrv_text_element\"><p data-css=\"tve-u-17299dac951\">More Here<\/p><\/div><\/div><\/div><\/div><\/div><\/div>\n<\/div><div class=\"thrv_wrapper thrv_contentbox_shortcode thrv-content-box tve-elem-default-pad\" data-css=\"tve-u-1725bac5eae\" style=\"\" data-class=\"\">\n<div class=\"tve-content-box-background\" data-css=\"tve-u-1725ba1e54e\" style=\"\"><\/div>\n<div class=\"tve-cb\" style=\"\" data-css=\"tve-u-1725ba26717\"><div class=\"thrv_wrapper thrv_text_element\" style=\"\" data-css=\"tve-u-17299ca265f\"><p data-css=\"tve-u-17299d3b4c7\">-20%<\/p><\/div><div class=\"thrv_wrapper thrv_text_element\" style=\"\" data-css=\"tve-u-17299451e08\"><p data-css=\"tve-u-17299cd57a8\" style=\"\">All Summer Collection<\/p><\/div><div class=\"thrv_wrapper thrv-button thrv-button-v2 tcb-local-vars-root tve_ea_thrive_animation tve_anim_bob\" data-button-style=\"btn-tpl-58341\" data-css=\"tve-u-17299d28974\" style=\"\"><div class=\"thrive-colors-palette-config\" style=\"display: none !important\">__CONFIG_colors_palette__{\"active_palette\":0,\"config\":{\"colors\":{\"1d30b\":{\"name\":\"Main Accent\",\"parent\":-1},\"3d2c0\":{\"name\":\"Main Accent Low Opacity\",\"parent\":\"1d30b\",\"lock\":{\"saturation\":1,\"lightness\":1}}},\"gradients\":[]},\"palettes\":[{\"name\":\"Default Palette\",\"value\":{\"colors\":{\"1d30b\":{\"val\":\"var(--tcb-skin-color-0)\"},\"3d2c0\":{\"val\":\"rgba(20, 115, 210, 0.2)\",\"hsl_parent_dependency\":{\"h\":210,\"l\":0.45,\"s\":0.83}}},\"gradients\":[]},\"original\":{\"colors\":{\"1d30b\":{\"val\":\"rgb(19, 114, 211)\",\"hsl\":{\"h\":210,\"s\":0.83,\"l\":0.45}},\"3d2c0\":{\"val\":\"rgba(19, 114, 211, 0.2)\",\"hsl_parent_dependency\":{\"h\":210,\"s\":0.83,\"l\":0.45}}},\"gradients\":[]}}]}__CONFIG_colors_palette__<\/div>\n<a href=\"#\" class=\"tcb-button-link tve_evt_manager_listen tve_et_mouseover\" data-tcb-events=\"__TCB_EVENT_[{&quot;t&quot;:&quot;mouseover&quot;,&quot;config&quot;:{&quot;anim&quot;:&quot;bob&quot;,&quot;loop&quot;:1},&quot;a&quot;:&quot;thrive_animation&quot;}]_TNEVE_BCT__\">\n<span class=\"tcb-button-texts\" style=\"\"><span class=\"tcb-button-text thrv-inline-text\" style=\"\">Buy Now<\/span><span class=\"tcb-secondary-text thrv-inline-text tve-froala fr-box\" style=\"\"><\/span><\/span>\n<\/a>\n<\/div><\/div>\n<\/div><div class=\"thrv_wrapper thrv_widget thrv_woocommerce_products\"><div class=\"widget-config\" style=\"display: none;\">__CONFIG_thrive_widget__{\"title\":\"On Sale Now\",\"number\":\"4\",\"show\":\"onsale\",\"orderby\":\"date\",\"order\":\"desc\",\"hide_free\":\"0\",\"show_hidden\":\"0\",\"type\":\"widget_woocommerce_products\",\"tve_shortcode_rendered\":0}__CONFIG_thrive_widget__<\/div><\/div><div class=\"thrv_wrapper thrv_widget thrv_woocommerce_recently_viewed_products\"><div class=\"widget-config\" style=\"display: none;\">__CONFIG_thrive_widget__{\"title\":\"Recently Viewed Products\",\"number\":\"10\",\"type\":\"widget_woocommerce_recently_viewed_products\",\"tve_shortcode_rendered\":0}__CONFIG_thrive_widget__<\/div><\/div><div class=\"thrv_wrapper thrv_widget thrv_woocommerce_widget_cart\"><div class=\"widget-config\" style=\"display: none;\">__CONFIG_thrive_widget__{\"title\":\"Cart\",\"hide_if_empty\":\"0\",\"type\":\"widget_woocommerce_widget_cart\",\"tve_shortcode_rendered\":0}__CONFIG_thrive_widget__<\/div><\/div>\n","decoration":[],"comments":[],"attr":{"class":""},"hide":1},"content":{"id":0,"content":"[thrive_breadcrumbs css='tve-u-17309fa84d7' enable-truncate-chars='1' separator-type='character' leaf-chars-d='80' leaf-chars-t='25' leaf-chars-m='25'][thrive_product_template upsells-align-items='left' related-align-items='left' hide-magnifier='0' hide-upsells='1' hide-related='1' related-columns='5' upsells-posts_per_page='3' upsells-columns='3' related-posts_per_page='5' hide-review='1' hide-meta='1']","decoration":[],"comments":{"labels":{"no_comments":"","reply_icon_flip":"","reply_label":""},"icons":{"submit_button":""}},"attr":{"class":""},"hide":0},"bottom":{"id":0,"content":"<div class=\"thrv_wrapper thrv_text_element\" style=\"\" data-css=\"tve-u-17298d7b5c5\"><p class=\"tcb-global-text-\" data-css=\"tve-u-1729ed2a2b0\" style=\"\">new course available<\/p><\/div><div class=\"thrv_wrapper thrv_text_element\" data-css=\"tve-u-172a807b28b\" style=\"\"><h1 style=\"\" data-css=\"tve-u-172b74e441e\" class=\"\"><span data-attr-link=\"0\" data-attr-rel=\"0\" data-attr-target=\"0\" data-css=\"tve-u-1708b82a668\" data-extra_key=\"\" data-option-inline=\"1\" data-shortcode=\"tcb_post_title\" data-shortcode-name=\"Post title\">Strategies that Make Your Business Recession Proof<\/span><\/h1><\/div><div class=\"thrv_wrapper thrv-button thrv-button-v2 tcb-local-vars-root\" data-button-style=\"btn-tpl-58378\" data-css=\"tve-u-172b74d2d2d\" style=\"\" data-tcb_hover_state_parent=\"\"><div class=\"thrive-colors-palette-config\" style=\"display: none !important\">__CONFIG_colors_palette__{\"active_palette\":0,\"config\":{\"colors\":{\"48994\":{\"name\":\"Main Accent\",\"parent\":-1}},\"gradients\":[]},\"palettes\":[{\"name\":\"Default Palette\",\"value\":{\"colors\":{\"48994\":{\"val\":\"var(--tcb-skin-color-0)\"}},\"gradients\":[]},\"original\":{\"colors\":{\"48994\":{\"val\":\"rgb(19, 114, 211)\",\"hsl\":{\"h\":210,\"s\":0.83,\"l\":0.45}}},\"gradients\":[]}}]}__CONFIG_colors_palette__<\/div>\n<a href=\"#\" class=\"tcb-button-link tcb-plain-text\" style=\"\">\n<span class=\"tcb-button-texts\" style=\"\"><span class=\"tcb-button-text thrv-inline-text\" data-css=\"tve-u-172b74d2d30\" style=\"\">start now<\/span><\/span>\n<\/a>\n<\/div>","decoration":[],"comments":[],"attr":{"class":""},"hide":0},"header":{"id":"4ea06fbc83cdd0a06020c35d50e1e89a","hide":0},"footer":{"id":"9fd81843ad7f202f26c1a174c7357585","hide":0}},"icons":[],"style":{"css":{"(min-width: 300px)":".tve-theme-__template_id__ #wrapper { --header-background-width:100%; --footer-background-width:100%; --top-background-width:100%; --bottom-background-width:100%; }.tve-theme-__template_id__ .content-section .section-content { padding: 0px 10px !important; }.tve-theme-__template_id__ .main-container { padding: 10px !important; }.tve-theme-__template_id__ .top-section .section-background { background-color: var(--tcb-skin-color-2)  !important; background-image: none !important; }.tve-theme-__template_id__ .top-section .section-content { display: flex; flex-direction: column; min-height: 1px !important; padding: 12px 20px !important; }.tve-theme-__template_id__ .top-section [data-css=\"tve-u-172c77d3f76\"] { padding: 0px !important; }.tve-theme-__template_id__ .top-section [data-css=\"tve-u-172c77d3f77\"] { margin-top: 0px !important; margin-bottom: 0px !important; background-color: transparent !important; }:not(#tve) .tve-theme-__template_id__ .top-section [data-css=\"tve-u-172c77d3f78\"] { letter-spacing: 2px; padding-bottom: 0px !important; margin-bottom: 0px !important; text-transform: uppercase !important; font-size: 10px !important; color: var(--tcb-skin-color-4)  !important; --tcb-applied-color:var$(--tcb-skin-color-4)  !important; font-weight: var(--g-regular-weight, normal)  !important; line-height: 1.4em !important; }.tve-theme-__template_id__ .top-section [data-css=\"tve-u-172c77d3f79\"] { padding: 1px !important; margin: 0px !important; }.tve-theme-__template_id__ .top-section [data-css=\"tve-u-172c77d3f7b\"] { margin-left: -20px; padding: 1px !important; }.tve-theme-__template_id__ .top-section [data-css=\"tve-u-172c77d3f7d\"] { margin-top: 0px !important; margin-bottom: 0px !important; }.tve-theme-__template_id__ .top-section [data-css=\"tve-u-172c77d3f7b\"] > .tcb-flex-col > .tcb-col { justify-content: center; }.tve-theme-__template_id__ .top-section [data-css=\"tve-u-172c77d3f7b\"] > .tcb-flex-col { padding-left: 20px; }.tve-theme-__template_id__ .top-section [data-css=\"tve-u-172c77d3f7e\"] { max-width: 28.7%; }.tve-theme-__template_id__ .top-section [data-css=\"tve-u-172c77d3f7f\"] { max-width: 71.3%; }.tve-theme-__template_id__ .top-section [data-css=\"tve-u-172c77d3f82\"] { padding: 1px !important; margin-top: 0px !important; margin-bottom: 0px !important; }.tve-theme-__template_id__ .top-section [data-css=\"tve-u-172c77d3f83\"] { padding: 1px !important; margin-top: 0px !important; margin-bottom: 0px !important; }.tve-theme-__template_id__ .top-section [data-css=\"tve-u-172c77d3f84\"] { max-width: 49.9%; }.tve-theme-__template_id__ .top-section [data-css=\"tve-u-172c77d3f85\"] { max-width: 50.1%; }.tve-theme-__template_id__ .top-section [data-css=\"tve-u-172c77d3f87\"] { margin-left: -21px; padding: 1px !important; }.tve-theme-__template_id__ .top-section [data-css=\"tve-u-172c77d3f87\"] > .tcb-flex-col > .tcb-col { justify-content: center; }.tve-theme-__template_id__ .top-section [data-css=\"tve-u-172c77d3f87\"] > .tcb-flex-col { padding-left: 21px; }.tve-theme-__template_id__ .top-section [data-css=\"tve-u-172c77d3f88\"] { max-width: 39.3%; }.tve-theme-__template_id__ .top-section [data-css=\"tve-u-172c77d3f8a\"] { max-width: 60.7%; }.tve-theme-__template_id__ .top-section [data-css=\"tve-u-172c77d3f8c\"] { margin-left: -20px; padding: 1px !important; }.tve-theme-__template_id__ .top-section [data-css=\"tve-u-172c77d3f8c\"] > .tcb-flex-col > .tcb-col { justify-content: center; }.tve-theme-__template_id__ .top-section [data-css=\"tve-u-172c77d3f8c\"] > .tcb-flex-col { padding-left: 20px; }.tve-theme-__template_id__ .top-section [data-css=\"tve-u-172c77d3f8d\"] { float: left; z-index: 3; position: relative; min-width: 251px; padding: 1px !important; margin: 0px !important; }.tve-theme-__template_id__ .top-section [data-css=\"tve-u-172c77d3f8e\"] { margin-top: 0px !important; margin-bottom: 0px !important; }.tve-theme-__template_id__ .top-section [data-css=\"tve-u-172c77d3f8f\"] { font-size: 16px; width: 16px; height: 16px; border-radius: 100px; overflow: hidden; border: none; float: right; z-index: 3; position: relative; padding: 16px !important; margin-top: 0px !important; margin-bottom: 0px !important; background-color: rgb(255, 255, 255) !important; }:not(#tve) .tve-theme-__template_id__ .top-section [data-css=\"tve-u-172c77d3f8f\"] > :first-child { color: var(--tcb-skin-color-4); }.tve-theme-__template_id__ .top-section [data-css=\"tve-u-172c77d3f90\"]::after { clear: both; }:not(#tve) .tve-theme-__template_id__ .top-section [data-css=\"tve-u-172c77fc740\"] { letter-spacing: 2px; padding-bottom: 0px !important; margin-bottom: 0px !important; text-transform: uppercase !important; font-size: 10px !important; color: var(--tcb-skin-color-4)  !important; --tcb-applied-color:var$(--tcb-skin-color-4)  !important; font-weight: var(--g-regular-weight, normal)  !important; line-height: 1.4em !important; }:not(#tve) .tve-theme-__template_id__ .top-section [data-css=\"tve-u-172c78228f4\"] { letter-spacing: 2px; padding-bottom: 0px !important; margin-bottom: 0px !important; text-transform: uppercase !important; font-size: 10px !important; color: var(--tcb-skin-color-4)  !important; --tcb-applied-color:var$(--tcb-skin-color-4)  !important; font-weight: var(--g-regular-weight, normal)  !important; line-height: 1.4em !important; }.tve-theme-__template_id__ .top-section [data-css=\"tve-u-172c7a25fdd\"] { margin-left: 0px !important; }.tve-theme-__template_id__ .top-section [data-css=\"tve-u-172c7a51825\"]::after { clear: both; }.tve-theme-__template_id__ .top-section [data-css=\"tve-u-172c7aa3ee4\"] { margin-top: 0px !important; margin-bottom: 0px !important; }.tve-theme-__template_id__ .top-section [data-css=\"tve-u-172c7a77494\"] { max-width: 30%; }.tve-theme-__template_id__ .top-section [data-css=\"tve-u-172c7a774cb\"] { max-width: 36.3%; }.tve-theme-__template_id__ .top-section [data-css=\"tve-u-172c7a77500\"] { max-width: 33.7%; }:not(#tve) .tve-theme-__template_id__ .top-section [data-css=\"tve-u-172cd0f1bbd\"] p, :not(#tve) .tve-theme-__template_id__ .top-section [data-css=\"tve-u-172cd0f1bbd\"] li, :not(#tve) .tve-theme-__template_id__ .top-section [data-css=\"tve-u-172cd0f1bbd\"] blockquote, :not(#tve) .tve-theme-__template_id__ .top-section [data-css=\"tve-u-172cd0f1bbd\"] address, :not(#tve) .tve-theme-__template_id__ .top-section [data-css=\"tve-u-172cd0f1bbd\"] .tcb-plain-text, :not(#tve) .tve-theme-__template_id__ .top-section [data-css=\"tve-u-172cd0f1bbd\"] label { font-size: var(--tve-font-size, 10px); font-weight: var(--tve-font-weight, var(--g-regular-weight, normal)); }.tve-theme-__template_id__ .top-section [data-css=\"tve-u-172cd0f1bbd\"] { --tve-font-size:10px; --tve-font-weight:var(--g-regular-weight, normal); }.tve-theme-__template_id__ .top-section [data-css=\"tve-u-172cd0f7363\"] { font-size: 16px; width: 16px; height: 16px; border-radius: 100px; overflow: hidden; border: none; float: right; z-index: 3; position: relative; padding: 16px !important; margin-top: 0px !important; margin-bottom: 0px !important; background-color: rgb(255, 255, 255) !important; }:not(#tve) .tve-theme-__template_id__ .top-section [data-css=\"tve-u-172cd0f7363\"] > :first-child { color: var(--tcb-skin-color-4); }.tve-theme-__template_id__ .top-section [data-css=\"tve-u-172cd0f8c06\"] { font-size: 16px; width: 16px; height: 16px; border-radius: 100px; overflow: hidden; border: none; float: right; z-index: 3; position: relative; padding: 16px !important; margin-top: 0px !important; margin-bottom: 0px !important; background-color: rgb(255, 255, 255) !important; }:not(#tve) .tve-theme-__template_id__ .top-section [data-css=\"tve-u-172cd0f8c06\"] > :first-child { color: var(--tcb-skin-color-4); }.tve-theme-__template_id__ .top-section [data-css=\"tve-u-172cd141602\"] { padding: 0px !important; }.tve-theme-__template_id__ .top-section [data-css=\"tve-u-172cd1426ed\"] { padding: 0px !important; }.tve-theme-__template_id__ .top-section [data-css=\"tve-u-172cd13f932\"] { padding: 0px !important; }:not(#layout) .tve-theme-__template_id__ .main-container { --sidebar-size:28.79%; --separator-size:15px; }.tve-theme-__template_id__ .sidebar-section .section-background { border: medium none; background-color: transparent !important; }.tve-theme-__template_id__ .sidebar-section .section-content { padding: 20px 10px !important; }.tve-theme-__template_id__ .sidebar-section { margin: 0px !important; }.tve-theme-__template_id__ .sidebar-section [data-css=\"tve-u-1725ba1e54e\"] { border-radius: 4px; overflow: hidden; background-color: var(--tcb-skin-color-2)  !important; background-image: url(\"{{img=c527601f9454555cb914fec91805adab}}\") !important; border: none !important; background-size: cover !important; background-position: 50% 50% !important; background-attachment: scroll !important; background-repeat: no-repeat !important; }.tve-theme-__template_id__ .sidebar-section [data-css=\"tve-u-1725ba26717\"] { text-align: center; min-height: 185px !important; }.tve-theme-__template_id__ .sidebar-section [data-css=\"tve-u-1725bac5eae\"] { padding: 0px 20px 20px !important; margin-bottom: 40px !important; margin-top: 40px !important; }.tve-theme-__template_id__ .sidebar-section [data-css=\"tve-u-17299451e08\"] { float: none; padding: 0px !important; background-color: transparent !important; margin-left: auto !important; margin-right: auto !important; margin-bottom: 20px !important; }.tve-theme-__template_id__ .sidebar-section [data-css=\"tve-u-17299ca265f\"] { float: none; max-width: 99px; margin-bottom: 20px !important; margin-left: auto !important; margin-right: auto !important; background-color: rgb(255, 255, 255) !important; padding: 8px !important; background-image: none !important; }:not(#tve) .tve-theme-__template_id__ .sidebar-section [data-css=\"tve-u-17299cd57a8\"] { padding-bottom: 0px !important; margin-bottom: 0px !important; font-size: 20px !important; line-height: 1.3em !important; font-weight: var(--g-bold-weight, bold)  !important; color: var(--tcb-skin-color-3)  !important; --tcb-applied-color:var$(--tcb-skin-color-3)  !important; }.tve-theme-__template_id__ .sidebar-section [data-css=\"tve-u-17299d28974\"] .tcb-button-link { border-radius: 185px; overflow: hidden; letter-spacing: var(--tve-letter-spacing, 2px); box-shadow: 0px 4px 16px 0px var(--tcb-local-color-3d2c0); padding: 16px !important; background-color: var(--tcb-local-color-1d30b)  !important; }:not(#tve) .tve-theme-__template_id__ .sidebar-section [data-css=\"tve-u-17299d28974\"] .tcb-button-link { font-size: var(--tve-font-size, 11px)  !important; }.tve-theme-__template_id__ .sidebar-section [data-css=\"tve-u-17299d28974\"] { --tve-font-size:11px; --tve-letter-spacing:2px; --tve-font-weight:var(--g-bold-weight, bold); --tcb-local-color-48d06:rgb(19, 114, 211); --tcb-local-color-bd5e5:rgba(19, 114, 211, 0.2); --tcb-local-color-1d30b:var(--tcb-skin-color-0); --tcb-local-color-3d2c0:rgba(20, 115, 210, 0.2); float: none; --tve-text-transform:uppercase; --tve-color:rgb(255, 255, 255); --tve-applied---tve-color:rgb(255, 255, 255); margin: 0px auto !important; }:not(#tve) .tve-theme-__template_id__ .sidebar-section [data-css=\"tve-u-17299d28974\"] .tcb-button-link span { font-weight: var(--tve-font-weight, var(--g-bold-weight, bold)); text-transform: var(--tve-text-transform, uppercase); color: var(--tve-color, rgb(255, 255, 255)); --tve-applied-color:var$(--tve-color, rgb(255, 255, 255)); --tcb-applied-color:rgb(255, 255, 255); }:not(#tve) .tve-theme-__template_id__ .sidebar-section [data-css=\"tve-u-17299d28974\"]:hover .tcb-button-link { box-shadow: 0px 14px 40px 0px var(--tcb-local-color-3d2c0)  !important; background-color: var(--tcb-local-color-1d30b)  !important; }:not(#tve) .tve-theme-__template_id__ .sidebar-section [data-css=\"tve-u-17299d3b4c7\"] { padding-bottom: 0px !important; margin-bottom: 0px !important; font-size: 29px !important; color: var(--tcb-skin-color-13)  !important; --tcb-applied-color:var$(--tcb-skin-color-13)  !important; line-height: 1em !important; font-style: normal !important; }:not(#tve) .tve-theme-__template_id__ .sidebar-section [data-css=\"tve-u-17299dac94f\"] { letter-spacing: 1px; padding-bottom: 4px !important; margin-bottom: 0px !important; text-transform: uppercase !important; font-size: 13px !important; color: var(--tcb-skin-color-4)  !important; --tcb-applied-color:var$(--tcb-skin-color-4)  !important; font-weight: var(--g-bold-weight, bold)  !important; line-height: 1.3em !important; }:not(#tve) .tve-theme-__template_id__ .sidebar-section [data-css=\"tve-u-17299dac951\"] { letter-spacing: 1px; padding-bottom: 0px !important; margin-bottom: 0px !important; text-transform: none !important; font-size: 11px !important; color: rgba(0, 0, 0, 0.65) !important; --tcb-applied-color:rgba(0, 0, 0, 0.65)  !important; font-weight: var(--g-regular-weight, normal)  !important; line-height: 1.3em !important; }.tve-theme-__template_id__ .sidebar-section [data-css=\"tve-u-17299dac952\"] { margin-left: -12px; padding: 1px !important; }.tve-theme-__template_id__ .sidebar-section [data-css=\"tve-u-17299dac953\"] { margin-top: 0px !important; margin-bottom: 0px !important; }.tve-theme-__template_id__ .sidebar-section [data-css=\"tve-u-17299dac952\"] > .tcb-flex-col > .tcb-col { justify-content: center; }.tve-theme-__template_id__ .sidebar-section [data-css=\"tve-u-17299dac952\"] > .tcb-flex-col { padding-left: 12px; }.tve-theme-__template_id__ .sidebar-section [data-css=\"tve-u-17299dac955\"] { max-width: 36.8%; }.tve-theme-__template_id__ .sidebar-section [data-css=\"tve-u-17299dac956\"] { max-width: 63.2%; }.tve-theme-__template_id__ .sidebar-section [data-css=\"tve-u-17299dac964\"] { padding: 8px !important; margin: 0px !important; }.tve-theme-__template_id__ .sidebar-section [data-css=\"tve-u-17299dac966\"] { font-size: 18px; width: 18px; height: 18px; border-radius: 100px; overflow: hidden; border: 1px solid rgba(0, 0, 0, 0.16); padding: 17px !important; margin-top: 0px !important; margin-bottom: 0px !important; background-color: transparent !important; }:not(#tve) .tve-theme-__template_id__ .sidebar-section [data-css=\"tve-u-17299dac966\"] > :first-child { color: var(--tcb-skin-color-4); }.tve-theme-__template_id__ .sidebar-section [data-css=\"tve-u-17299dac967\"]::after { clear: both; }.tve-theme-__template_id__ .sidebar-section [data-css=\"tve-u-17299dc406f\"] { background-color: var(--tcb-skin-color-2)  !important; }.tve-theme-__template_id__ .sidebar-section [data-css=\"tve-u-17299dd7209\"] { padding: 8px !important; margin: 0px 0px 8px !important; }.tve-theme-__template_id__ .sidebar-section [data-css=\"tve-u-17299ddf06d\"] { padding: 8px !important; margin: 0px 0px 8px !important; }.tve-theme-__template_id__ .sidebar-section [data-css=\"tve-u-17299deb6e1\"] { font-size: 18px; width: 18px; height: 18px; border-radius: 100px; overflow: hidden; border: 1px solid rgba(0, 0, 0, 0.16); padding: 17px !important; margin-top: 0px !important; margin-bottom: 0px !important; background-color: transparent !important; }:not(#tve) .tve-theme-__template_id__ .sidebar-section [data-css=\"tve-u-17299deb6e1\"] > :first-child { color: var(--tcb-skin-color-4); }.tve-theme-__template_id__ .sidebar-section [data-css=\"tve-u-17299dec597\"] { font-size: 18px; width: 18px; height: 18px; border-radius: 100px; overflow: hidden; border: 1px solid rgba(0, 0, 0, 0.16); padding: 17px !important; margin-top: 0px !important; margin-bottom: 0px !important; background-color: transparent !important; }:not(#tve) .tve-theme-__template_id__ .sidebar-section [data-css=\"tve-u-17299dec597\"] > :first-child { color: var(--tcb-skin-color-4); }.tve-theme-__template_id__ .sidebar-section [data-css=\"tve-u-17299e9512b\"] { margin-left: -12px; padding: 1px !important; }.tve-theme-__template_id__ .sidebar-section [data-css=\"tve-u-17299e9512b\"] > .tcb-flex-col > .tcb-col { justify-content: center; }.tve-theme-__template_id__ .sidebar-section [data-css=\"tve-u-17299e9512b\"] > .tcb-flex-col { padding-left: 12px; }.tve-theme-__template_id__ .sidebar-section [data-css=\"tve-u-17299e95f26\"] { margin-left: -12px; padding: 1px !important; }.tve-theme-__template_id__ .sidebar-section [data-css=\"tve-u-17299e95f26\"] > .tcb-flex-col > .tcb-col { justify-content: center; }.tve-theme-__template_id__ .sidebar-section [data-css=\"tve-u-17299e95f26\"] > .tcb-flex-col { padding-left: 12px; }.tve-theme-__template_id__ .sidebar-section [data-css=\"tve-u-17299e9725b\"] { margin-left: -12px; padding: 1px !important; }.tve-theme-__template_id__ .sidebar-section [data-css=\"tve-u-17299e9725b\"] > .tcb-flex-col > .tcb-col { justify-content: center; }.tve-theme-__template_id__ .sidebar-section [data-css=\"tve-u-17299e9725b\"] > .tcb-flex-col { padding-left: 12px; }.tve-theme-__template_id__ .sidebar-section [data-css=\"tve-u-17299e991f6\"] { font-size: 18px; width: 18px; height: 18px; border-radius: 100px; overflow: hidden; border: 1px solid rgba(0, 0, 0, 0.16); padding: 17px !important; margin-top: 0px !important; margin-bottom: 0px !important; background-color: transparent !important; }:not(#tve) .tve-theme-__template_id__ .sidebar-section [data-css=\"tve-u-17299e991f6\"] > :first-child { color: var(--tcb-skin-color-4); }:not(#tve) .tve-theme-__template_id__ .sidebar-section [data-css=\"tve-u-17299ea959f\"] { letter-spacing: 1px; padding-bottom: 4px !important; margin-bottom: 0px !important; text-transform: uppercase !important; font-size: 13px !important; color: var(--tcb-skin-color-4)  !important; --tcb-applied-color:var$(--tcb-skin-color-4)  !important; font-weight: var(--g-bold-weight, bold)  !important; line-height: 1.3em !important; }:not(#tve) .tve-theme-__template_id__ .sidebar-section [data-css=\"tve-u-17299eaa4a7\"] { letter-spacing: 1px; padding-bottom: 4px !important; margin-bottom: 0px !important; text-transform: uppercase !important; font-size: 13px !important; color: var(--tcb-skin-color-4)  !important; --tcb-applied-color:var$(--tcb-skin-color-4)  !important; font-weight: var(--g-bold-weight, bold)  !important; line-height: 1.3em !important; }:not(#tve) .tve-theme-__template_id__ .sidebar-section [data-css=\"tve-u-17299eab053\"] { letter-spacing: 1px; padding-bottom: 4px !important; margin-bottom: 0px !important; text-transform: uppercase !important; font-size: 13px !important; color: var(--tcb-skin-color-4)  !important; --tcb-applied-color:var$(--tcb-skin-color-4)  !important; font-weight: var(--g-bold-weight, bold)  !important; line-height: 1.3em !important; }.tve-theme-__template_id__ .sidebar-section [data-css=\"tve-u-17299ec002b\"] { padding: 8px !important; margin: 0px 0px 8px !important; }:not(#tve) .tve-theme-__template_id__ .sidebar-section [data-css=\"tve-u-172b8a1f92b\"] { letter-spacing: 1px; padding-bottom: 0px !important; margin-bottom: 0px !important; text-transform: capitalize !important; font-size: 11px !important; color: rgba(0, 0, 0, 0.65) !important; --tcb-applied-color:rgba(0, 0, 0, 0.65)  !important; font-weight: var(--g-regular-weight, normal)  !important; line-height: 1.3em !important; }.tve-theme-__template_id__ .sidebar-section [data-css=\"tve-u-1725bac5eae\"] > .tve-cb { display: block; }.tve-theme-__template_id__ .sidebar-section [data-css=\"tve-u-17300cf1d4a\"]::after { clear: both; }.tve-theme-__template_id__ .sidebar-section [data-css=\"tve-u-17300cf2408\"]::after { clear: both; }.tve-theme-__template_id__ .sidebar-section [data-css=\"tve-u-17300cf2b1e\"]::after { clear: both; }.tve-theme-__template_id__ .sidebar-section [data-css=\"tve-u-17300cf515e\"] { margin-top: 0px !important; margin-bottom: 0px !important; }.tve-theme-__template_id__ .sidebar-section [data-css=\"tve-u-17300cf6848\"] { margin-top: 0px !important; margin-bottom: 0px !important; }.tve-theme-__template_id__ .sidebar-section [data-css=\"tve-u-17300cf8049\"] { margin-top: 0px !important; margin-bottom: 0px !important; }.tve-theme-__template_id__ .sidebar-section [data-css=\"tve-u-17304aa32b5\"] { max-width: 36.8%; }.tve-theme-__template_id__ .sidebar-section [data-css=\"tve-u-17304aa32b8\"] { max-width: 63.2%; }.tve-theme-__template_id__ .sidebar-section [data-css=\"tve-u-17304aa49a2\"] { max-width: 36.8%; }.tve-theme-__template_id__ .sidebar-section [data-css=\"tve-u-17304aa49a5\"] { max-width: 63.2%; }.tve-theme-__template_id__ .sidebar-section [data-css=\"tve-u-17304aa5040\"] { max-width: 36.8%; }.tve-theme-__template_id__ .sidebar-section [data-css=\"tve-u-17304aa5042\"] { max-width: 63.2%; }.tve-theme-__template_id__ .bottom-section .section-background { border-top: none; background-color: rgb(255, 255, 255) !important; background-image: linear-gradient(rgba(255, 255, 255, 0.45), rgba(255, 255, 255, 0.45)), url(\"{{img=14e06b90df035a4230e87d91f55ad743}}\") !important; background-size: auto, cover !important; background-position: 50% 50%, 0% 50% !important; background-attachment: scroll, scroll !important; background-repeat: no-repeat, no-repeat !important; }.tve-theme-__template_id__ .bottom-section .section-content { display: flex; flex-direction: column; justify-content: center; text-align: center; min-height: 333px !important; padding: 20px !important; }.tve-theme-__template_id__ .bottom-section [data-css=\"tve-u-17298d7b5c5\"] { float: none; padding: 0px !important; margin: 0px auto 12px !important; background-color: transparent !important; }:not(#tve) .tve-theme-__template_id__ .bottom-section [data-css=\"tve-u-1729ed2a2b0\"] { letter-spacing: 8px; padding-bottom: 0px !important; margin-bottom: 0px !important; text-transform: uppercase !important; font-size: 11px !important; font-weight: var(--g-bold-weight, bold)  !important; color: var(--tcb-skin-color-1)  !important; --tcb-applied-color:var$(--tcb-skin-color-1)  !important; }.tve-theme-__template_id__ .bottom-section [data-css=\"tve-u-172a807b28b\"] { float: none; max-width: 855px; margin-bottom: 40px !important; margin-left: auto !important; margin-right: auto !important; padding: 0px !important; }.tve-theme-__template_id__ .bottom-section [data-css=\"tve-u-172b74d2d2d\"] .tcb-button-link { border: 2px solid var(--tcb-local-color-48994); border-radius: 100px; overflow: hidden; letter-spacing: var(--tve-letter-spacing, 3px); background-color: transparent !important; padding: 18px !important; }:not(#tve) .tve-theme-__template_id__ .bottom-section [data-css=\"tve-u-172b74d2d2d\"] .tcb-button-link span { color: var(--tve-color, var(--tcb-local-color-48994)); --tcb-applied-color:var$(--tcb-local-color-48994); text-transform: var(--tve-text-transform, uppercase); }.tve-theme-__template_id__ .bottom-section [data-css=\"tve-u-172b74d2d2d\"] { --tve-color:var(--tcb-local-color-48994); --tve-text-transform:uppercase; --tve-font-size:11px; --tve-letter-spacing:3px; --tcb-local-color-d7ffe:rgb(19, 114, 211); float: none; --tcb-local-color-48994:var(--tcb-skin-color-0)  !important; margin: 0px auto !important; }:not(#tve) .tve-theme-__template_id__ .bottom-section [data-css=\"tve-u-172b74d2d2d\"] .tcb-button-link { font-size: var(--tve-font-size, 11px)  !important; }:not(#tve) .tve-theme-__template_id__ .bottom-section [data-css=\"tve-u-172b74d2d2d\"]:hover .tcb-button-link { background-image: linear-gradient(rgba(255, 255, 255, 0.18), rgba(255, 255, 255, 0.18)) !important; border: 2px solid var(--tcb-local-color-48994)  !important; background-color: var(--tcb-local-color-48994)  !important; background-size: auto !important; background-position: 50% 50% !important; background-attachment: scroll !important; background-repeat: no-repeat !important; }:not(#tve) .tve-theme-__template_id__ .bottom-section [data-css=\"tve-u-172b74d2d2d\"]:hover .tcb-button-link span { color: var(--tve-color, rgb(255, 255, 255))  !important; --tcb-applied-color:rgb(255, 255, 255)  !important; }:not(#tve) .tve-theme-__template_id__ .bottom-section [data-css=\"tve-u-172b74d2d2d\"]:hover { --tve-color:rgb(255, 255, 255)  !important; }.tve-theme-__template_id__ .bottom-section [data-css=\"tve-u-172b74d2d2d\"] .tcb-button-link::after { background-color: var(--tcb-local-color-48994)  !important; background-image: linear-gradient(rgba(255, 255, 255, 0.18), rgba(255, 255, 255, 0.18)) !important; background-size: auto !important; background-position: 50% 50% !important; background-attachment: scroll !important; background-repeat: no-repeat !important; }.tve-theme-__template_id__ .bottom-section [data-css=\"tve-u-172b74d2d30\"] { font-weight: var(--g-bold-weight, bold)  !important; }:not(#tve) .tve-theme-__template_id__ .bottom-section [data-css=\"tve-u-172b74e441e\"] { padding-bottom: 0px !important; margin-bottom: 0px !important; }.tve-theme-__template_id__ .content-section [data-css=\"tve-u-17309fa84d7\"] .thrive-breadcrumb-separator { font-size: 11px; width: 11px; height: 11px; }.tve-theme-__template_id__ .content-section [data-css=\"tve-u-17309fa84d7\"] .thrive-breadcrumb-path { font-size: 11px; --tve-text-transform:none; --tve-letter-spacing:2px; }.tve-theme-__template_id__ .content-section [data-css=\"tve-u-17309fa84d7\"] .thrive-breadcrumb-leaf { font-size: 11px; --tve-letter-spacing:2px; --tve-text-transform:none; }.tve-theme-__template_id__ .content-section [data-css=\"tve-u-17309fa84d7\"] .thrive-breadcrumb-path a { text-transform: var(--tve-text-transform, none)  !important; letter-spacing: var(--tve-letter-spacing, 2px)  !important; }.tve-theme-__template_id__ .content-section [data-css=\"tve-u-17309fa84d7\"] .thrive-breadcrumb-leaf span { letter-spacing: var(--tve-letter-spacing, 2px)  !important; text-transform: var(--tve-text-transform, none)  !important; }.tve-theme-__template_id__ .content-section [data-css=\"tve-u-17309fa84d7\"] { padding-bottom: 0px !important; }","(max-width: 1023px)":".tve-theme-__template_id__ .content-section .section-content { padding-left: 10px !important; padding-right: 10px !important; }.tve-theme-__template_id__ .main-container { padding: 20px !important; }.tve-theme-__template_id__ .top-section [data-css=\"tve-u-172c77d3f76\"] { flex-wrap: nowrap !important; }.tve-theme-__template_id__ .top-section [data-css=\"tve-u-172c77d3f77\"] { width: 100%; }.tve-theme-__template_id__ .top-section [data-css=\"tve-u-172c77d3f84\"] { max-width: 105px; }.tve-theme-__template_id__ .top-section [data-css=\"tve-u-172c77d3f85\"] { max-width: 56.8%; }.tve-theme-__template_id__ .top-section [data-css=\"tve-u-172c7a77494\"] { max-width: 33.3333%; }.tve-theme-__template_id__ .top-section [data-css=\"tve-u-172c7a774cb\"] { max-width: 33.5%; }.tve-theme-__template_id__ .top-section [data-css=\"tve-u-172c7a77500\"] { max-width: 33.2%; }.tve-theme-__template_id__ .top-section [data-css=\"tve-u-172c77d3f8d\"] { min-width: 240px; }.tve-theme-__template_id__ .top-section .section-content { padding-left: 40px !important; padding-right: 40px !important; }.tve-theme-__template_id__ .sidebar-section .section-content { padding: 20px 10px !important; }.tve-theme-__template_id__ .sidebar-section { margin: 0px !important; }.tve-theme-__template_id__ .sidebar-section [data-css=\"tve-u-1725ba26717\"] { min-height: 164px !important; }.tve-theme-__template_id__ .sidebar-section [data-css=\"tve-u-17299dac966\"] { float: right; z-index: 3; position: relative; padding: 14px !important; }.tve-theme-__template_id__ .sidebar-section [data-css=\"tve-u-17300cf1d4a\"]::after { clear: both; }.tve-theme-__template_id__ .sidebar-section [data-css=\"tve-u-17299dec597\"] { float: right; z-index: 3; position: relative; padding: 14px !important; }.tve-theme-__template_id__ .sidebar-section [data-css=\"tve-u-17300cf2408\"]::after { clear: both; }.tve-theme-__template_id__ .sidebar-section [data-css=\"tve-u-17299deb6e1\"] { float: right; z-index: 3; position: relative; padding: 14px !important; }.tve-theme-__template_id__ .sidebar-section [data-css=\"tve-u-17300cf2b1e\"]::after { clear: both; }.tve-theme-__template_id__ .sidebar-section [data-css=\"tve-u-17299e991f6\"] { float: right; z-index: 3; position: relative; padding: 14px !important; }.tve-theme-__template_id__ .sidebar-section [data-css=\"tve-u-17299dac967\"]::after { clear: both; }.tve-theme-__template_id__ .sidebar-section [data-css=\"tve-u-17300cf515e\"] { float: none; max-width: 300px; margin-left: auto !important; margin-right: auto !important; }.tve-theme-__template_id__ .sidebar-section [data-css=\"tve-u-17300cf6848\"] { float: none; max-width: 300px; margin-left: auto !important; margin-right: auto !important; }.tve-theme-__template_id__ .sidebar-section [data-css=\"tve-u-17300cf8049\"] { float: none; max-width: 300px; margin-left: auto !important; margin-right: auto !important; }.tve-theme-__template_id__ .sidebar-section [data-css=\"tve-u-17299dac953\"] { float: none; max-width: 300px; margin-left: auto !important; margin-right: auto !important; }:not(#tve) .tve-theme-__template_id__ .sidebar-section [data-css=\"tve-u-17299d28974\"] .tcb-button-link span { color: var(--tve-color, rgb(255, 255, 255)); --tcb-applied-color:rgb(255, 255, 255); }.tve-theme-__template_id__ .sidebar-section [data-css=\"tve-u-17299d28974\"] { --tve-color:rgb(255, 255, 255); }:not(#layout) .tve-theme-__template_id__ .main-container { --sidebar-size:34.02%; }.tve-theme-__template_id__ .bottom-section .section-content { padding-left: 40px !important; padding-right: 40px !important; min-height: 302px !important; }:not(#tve) .tve-theme-__template_id__ .bottom-section [data-css=\"tve-u-1729ed2a2b0\"] { letter-spacing: 4px; }.tve-theme-__template_id__ .bottom-section .section-background { background-position: 50% 50%, 0% 50% !important; }.tve-theme-__template_id__ .bottom-section [data-css=\"tve-u-17298d7b5c5\"] { margin-bottom: 8px !important; }.tve-theme-__template_id__ .bottom-section [data-css=\"tve-u-172a807b28b\"] { margin-bottom: 30px !important; }","(max-width: 767px)":".tve-theme-__template_id__ .main-container { padding: 10px !important; }.tve-theme-__template_id__ .content-section .section-content { padding-left: 10px !important; padding-right: 10px !important; }.tve-theme-__template_id__ .top-section [data-css=\"tve-u-172c77d3f7b\"] { flex-wrap: wrap !important; }.tve-theme-__template_id__ .top-section [data-css=\"tve-u-172c77d3f8c\"] { flex-wrap: wrap !important; }.tve-theme-__template_id__ .top-section [data-css=\"tve-u-172c77d3f87\"] { flex-wrap: wrap !important; }.tve-theme-__template_id__ .top-section [data-css=\"tve-u-172c77d3f84\"] { max-width: 102px; }.tve-theme-__template_id__ .top-section [data-css=\"tve-u-172c77d3f85\"] { max-width: 67.9%; }.tve-theme-__template_id__ .top-section [data-css=\"tve-u-172c77d3f83\"] { width: 100%; margin-left: 0px !important; margin-right: 0px !important; }.tve-theme-__template_id__ .top-section [data-css=\"tve-u-172c77d3f7e\"] { max-width: 101px; }.tve-theme-__template_id__ .top-section [data-css=\"tve-u-172c77d3f7f\"] { max-width: 68.1%; }.tve-theme-__template_id__ .top-section [data-css=\"tve-u-172c77d3f8d\"] { min-width: 100%; margin-bottom: 0px !important; }.tve-theme-__template_id__ .top-section [data-css=\"tve-u-172c77d3f8e\"] { margin-bottom: 0px !important; }.tve-theme-__template_id__ .top-section [data-css=\"tve-u-172c77d3f76\"] { flex-wrap: nowrap !important; padding: 0px !important; }.tve-theme-__template_id__ .top-section [data-css=\"tve-u-172c77d3f88\"] { max-width: 101px; }.tve-theme-__template_id__ .top-section [data-css=\"tve-u-172c77d3f8a\"] { max-width: 67.9%; }.tve-theme-__template_id__ .top-section [data-css=\"tve-u-172c77d3f8f\"] { float: none; z-index: 3; position: relative; font-size: 16px; width: 16px; height: 16px; padding: 12px !important; margin-left: auto !important; margin-right: auto !important; margin-bottom: 12px !important; }.tve-theme-__template_id__ .top-section [data-css=\"tve-u-172c77d3f90\"]::after { clear: both; }.tve-theme-__template_id__ .top-section [data-css=\"tve-u-172c77d3f7b\"] > .tcb-flex-col { flex-basis: 390px !important; }.tve-theme-__template_id__ .top-section [data-css=\"tve-u-172c77d3f8c\"] > .tcb-flex-col { flex-basis: 390px !important; }.tve-theme-__template_id__ .top-section [data-css=\"tve-u-172c77d3f87\"] > .tcb-flex-col { flex-basis: 390px !important; }.tve-theme-__template_id__ .top-section [data-css=\"tve-u-172c7aa3ee4\"] { text-align: center; }.tve-theme-__template_id__ .top-section [data-css=\"tve-u-172c7aa5270\"] { text-align: center; }.tve-theme-__template_id__ .top-section [data-css=\"tve-u-172c7aa5edf\"] { text-align: center; }:not(#tve) .tve-theme-__template_id__ .top-section [data-css=\"tve-u-172c77fc740\"] { letter-spacing: 1px; font-size: 9px !important; }:not(#tve) .tve-theme-__template_id__ .top-section [data-css=\"tve-u-172c78228f4\"] { letter-spacing: 1px; font-size: 9px !important; }:not(#tve) .tve-theme-__template_id__ .top-section [data-css=\"tve-u-172c77d3f78\"] { letter-spacing: 1px; font-size: 9px !important; }.tve-theme-__template_id__ .top-section [data-css=\"tve-u-172cd0f7363\"] { float: none; z-index: 3; position: relative; font-size: 16px; width: 16px; height: 16px; padding: 12px !important; margin-left: auto !important; margin-right: auto !important; margin-bottom: 12px !important; }.tve-theme-__template_id__ .top-section [data-css=\"tve-u-172cd0f8c06\"] { float: none; z-index: 3; position: relative; font-size: 16px; width: 16px; height: 16px; padding: 12px !important; margin-left: auto !important; margin-right: auto !important; margin-bottom: 12px !important; }.tve-theme-__template_id__ .top-section [data-css=\"tve-u-172cd13f932\"] { padding: 0px !important; }.tve-theme-__template_id__ .top-section .section-content { padding: 14px 20px !important; }.tve-theme-__template_id__ .sidebar-section .section-content { padding: 20px 10px 10px !important; }.tve-theme-__template_id__ .sidebar-section { margin-left: 0px !important; margin-right: 0px !important; margin-bottom: 0px !important; }.tve-theme-__template_id__ .sidebar-section [data-css=\"tve-u-17299dac952\"] { flex-wrap: nowrap !important; }.tve-theme-__template_id__ .sidebar-section [data-css=\"tve-u-17299dac955\"] { max-width: 101px; }.tve-theme-__template_id__ .sidebar-section [data-css=\"tve-u-17299dac956\"] { max-width: 68.1%; }.tve-theme-__template_id__ .sidebar-section [data-css=\"tve-u-17299dac964\"] { margin-bottom: 15px !important; }.tve-theme-__template_id__ .sidebar-section [data-css=\"tve-u-17299dac966\"] { float: right; z-index: 3; position: relative; font-size: 18px; width: 18px; height: 18px; padding: 18px !important; }.tve-theme-__template_id__ .sidebar-section [data-css=\"tve-u-17299dac967\"]::after { clear: both; }.tve-theme-__template_id__ .sidebar-section [data-css=\"tve-u-17299dd7209\"] { margin-bottom: 15px !important; }.tve-theme-__template_id__ .sidebar-section [data-css=\"tve-u-17299ddf06d\"] { margin-bottom: 15px !important; }.tve-theme-__template_id__ .sidebar-section [data-css=\"tve-u-17299deb6e1\"] { float: right; z-index: 3; position: relative; font-size: 18px; width: 18px; height: 18px; padding: 18px !important; margin-left: auto !important; margin-right: auto !important; }.tve-theme-__template_id__ .sidebar-section [data-css=\"tve-u-17299dec597\"] { float: right; z-index: 3; position: relative; font-size: 18px; width: 18px; height: 18px; padding: 18px !important; }.tve-theme-__template_id__ .sidebar-section [data-css=\"tve-u-17299e9512b\"] { flex-wrap: nowrap !important; }.tve-theme-__template_id__ .sidebar-section [data-css=\"tve-u-17299e95f26\"] { flex-wrap: nowrap !important; }.tve-theme-__template_id__ .sidebar-section [data-css=\"tve-u-17299e9725b\"] { flex-wrap: nowrap !important; }.tve-theme-__template_id__ .sidebar-section [data-css=\"tve-u-17299e991f6\"] { float: right; z-index: 3; position: relative; font-size: 18px; width: 18px; height: 18px; padding: 18px !important; margin-left: auto !important; margin-right: auto !important; }.tve-theme-__template_id__ .sidebar-section [data-css=\"tve-u-17299ec002b\"] { margin-bottom: 15px !important; }.tve-theme-__template_id__ .sidebar-section [data-css=\"tve-u-17300cf1d4a\"]::after { clear: both; }.tve-theme-__template_id__ .sidebar-section [data-css=\"tve-u-17300cf2408\"]::after { clear: both; }.tve-theme-__template_id__ .sidebar-section [data-css=\"tve-u-17300cf2b1e\"]::after { clear: both; }.tve-theme-__template_id__ .sidebar-section [data-css=\"tve-u-17304aa32b5\"] { max-width: 33.7%; }.tve-theme-__template_id__ .sidebar-section [data-css=\"tve-u-17304aa32b8\"] { max-width: 66.3%; }.tve-theme-__template_id__ .sidebar-section [data-css=\"tve-u-17304aa49a2\"] { max-width: 33.7%; }.tve-theme-__template_id__ .sidebar-section [data-css=\"tve-u-17304aa49a5\"] { max-width: 66.3%; }.tve-theme-__template_id__ .sidebar-section [data-css=\"tve-u-17304aa5040\"] { max-width: 33.7%; }.tve-theme-__template_id__ .sidebar-section [data-css=\"tve-u-17304aa5042\"] { max-width: 66.3%; }:not(#tve) .tve-theme-__template_id__ .sidebar-section [data-css=\"tve-u-17299d28974\"] .tcb-button-link span { color: var(--tve-color, rgb(255, 255, 255)); --tcb-applied-color:rgb(255, 255, 255); }.tve-theme-__template_id__ .sidebar-section [data-css=\"tve-u-17299d28974\"] { --tve-color:rgb(255, 255, 255); }.tve-theme-__template_id__ .bottom-section [data-css=\"tve-u-17298d7b5c5\"] { margin-bottom: 8px !important; }.tve-theme-__template_id__ .bottom-section .section-content { padding-left: 20px !important; padding-right: 20px !important; }:not(#tve) .tve-theme-__template_id__ .bottom-section [data-css=\"tve-u-1729ed2a2b0\"] { letter-spacing: 4px; font-size: 11px !important; }.tve-theme-__template_id__ .bottom-section [data-css=\"tve-u-172b74d2d2d\"] .tcb-button-link { padding: 16px !important; }.tve-theme-__template_id__ .bottom-section [data-css=\"tve-u-172a807b28b\"] { margin-bottom: 20px !important; }"},"fonts":[],"dynamic":[]},"format":"standard","tag":"5eecce83e8b5c","no_search_results":"","primary_template":"singular","secondary_template":"product","variable_template":""},"post_status":"publish"}]