[{"ID":5367,"post_title":"WooCommerce Cart 03","post_type":"thrive_template","meta_input":{"default":"0","layout":"20f07591c6fcb220ffe637cda29bb3f6","layout_data":{"hide_sidebar":1},"structure":"[thrive_template_section type=\"top\" ][thrive_template_content]\n[thrive_main_container]\n[thrive_template_section type=\"sidebar\" ]\n[thrive_template_section type=\"content\" ]\n[\/thrive_main_container]\n[\/thrive_template_content][thrive_template_section type=\"bottom\" ]","sidebar-type":"","sticky-sidebar":"","off-screen-sidebar":"","tve_globals":{"js_sdk":[],"fb_comment_admins":""},"comments":{"labels":[],"icons":[]},"sections":{"top":{"id":0,"content":"<div class=\"thrv_wrapper thrv_text_element\" style=\"\" data-css=\"tve-u-172801e4840\"><p data-css=\"tve-u-1729e8c414c\" style=\"\"><span style=\"font-size: 17px;\" data-css=\"tve-u-172dc888df8\"><strong>10%<\/strong>&nbsp;<\/span>discount with code:<span style=\"background-color: var(--tcb-skin-color-1);\" data-css=\"tve-u-172dc891ebe\">SPRING20<\/span><\/p><\/div>","decoration":[],"comments":[],"attr":{"class":""},"hide":0},"sidebar":{"id":0,"content":"\n<div class=\"thrv_wrapper tve_image_caption\" data-css=\"tve-u-172dbc67291\" style=\"\"><span class=\"tve_image_frame\" style=\"\"><img class=\"tve_image wp-image-2336\" alt=\"\" data-id=\"2336\" data-init-width=\"638\" data-init-height=\"416\" title=\"middle_image_16\" loading=\"lazy\" src=\"{{img=f8eec0a08d2ab4be92d1c9d7622582f8}}\" data-width=\"353\" data-height=\"230\" style=\"\" ml-d=\"-75\" data-css=\"tve-u-172dbf27d6c\" center-h-d=\"false\" ml-t=\"-2\" width=\"353\" height=\"230\"><\/span><\/div><div class=\"thrv_wrapper thrv_text_element\" data-css=\"tve-u-17300ac8dc8\" style=\"\"><p data-css=\"tve-u-172dbfdbc6b\" style=\"\">We Believe In -<\/p><\/div><div class=\"thrv_wrapper thrv_text_element\" data-css=\"tve-u-172dbfe8133\" style=\"\"><p data-css=\"tve-u-172dbfdcaa3\" style=\"\">Lorem ipsum dolor sit amet, consectetur adipiscing elit, sed do eiusmod tempor incididunt ut labore et dolore magna aliqua. Ut enim ad minim veniam, quis nostrud exercitation ullamco laboris nisi ut aliquip ex ea commodo consequat.<\/p><\/div><div class=\"thrv_wrapper thrv_contentbox_shortcode thrv-content-box tve-elem-default-pad\" data-css=\"tve-u-172dbaec183\" style=\"\">\n<div class=\"tve-content-box-background\" style=\"\" data-css=\"tve-u-172dbaca35e\"><\/div>\n<div class=\"tve-cb\"><div class=\"tcb-clear\" data-css=\"tve-u-172dbc577c7\"><div class=\"thrv_wrapper thrv_icon tcb-icon-display\" data-css=\"tve-u-172dbc577c3\" style=\"\"><svg class=\"tcb-icon\" viewBox=\"0 0 576 512\" data-id=\"icon-mistletoe-light\" data-name=\"\">\n<path d=\"M542.1 197.4c-29-29-104.4-41.3-143.9-45.8L304 57.4V8c0-4.4-3.6-8-8-8h-16c-4.4 0-8 3.6-8 8v49.4l-94.2 94.2c-39.5 4.6-114.9 16.9-143.9 45.8-40 40-45.4 99.4-12.1 132.7C36.5 344.8 56.3 352 77.2 352c26.6 0 55-11.5 77.4-33.9 14.9-14.9 25.3-42 32.6-70.2 5.6 4.9 12.7 8.1 20.8 8.1 17.7 0 32-14.3 32-32s-14.3-32-32-32c-3.6 0-6.9 1-10.2 2.1 1.1-7.3 1.9-13.9 2.6-19.9l71.6-71.6v170.5c-27.3 30.4-80 94.5-80 136.4 0 56.6 43 102.4 96 102.4s96-45.8 96-102.4c0-41.9-52.7-106-80-136.4V102.6l71.6 71.6c4.6 39.5 16.9 114.9 45.8 143.9 22.4 22.4 50.8 33.9 77.4 33.9 20.9 0 40.7-7.2 55.4-21.8 33.3-33.4 27.9-92.8-12.1-132.8zM132 295.5C116.4 311.1 96.4 320 77.2 320c-9.2 0-22.4-2.2-32.7-12.5C24 287.1 29.6 247 56.5 220c16.5-16.5 66.2-28.7 110.4-35-6.1 44.2-18.3 93.9-34.9 110.5zm220 114.1c0 38.8-28.7 70.4-64 70.4s-64-31.6-64-70.4c0-23.5 32.9-70.4 64-106.4 31.1 36 64 82.8 64 106.4zm179.5-102.1C521.2 317.8 508 320 498.8 320c-19.2 0-39.2-8.9-54.8-24.5-16.5-16.5-28.7-66.2-35-110.4 44.2 6.2 93.8 18.4 110.4 35 27 26.9 32.6 67 12.1 87.4zM384 64c17.7 0 32-14.3 32-32S401.7 0 384 0s-32 14.3-32 32 14.3 32 32 32z\"><\/path>\n<\/svg><\/div><\/div><div class=\"thrv_wrapper thrv_text_element\" data-css=\"tve-u-172dba0d1d6\" style=\"\"><p style=\"font-size: var(--tve-font-size, 13px);\" data-css=\"tve-u-172dbfef203\">High Quality Materials<\/p><\/div><\/div>\n<\/div><div class=\"thrv_wrapper thrv_contentbox_shortcode thrv-content-box tve-elem-default-pad\" data-css=\"tve-u-172dbafa3d4\" style=\"\">\n<div class=\"tve-content-box-background\" style=\"\" data-css=\"tve-u-172dbf7277b\"><\/div>\n<div class=\"tve-cb\"><div class=\"tcb-clear\" data-css=\"tve-u-172dbc58325\"><div class=\"thrv_wrapper thrv_icon tcb-icon-display\" data-css=\"tve-u-172dbc58322\" style=\"\"><svg class=\"tcb-icon\" viewBox=\"0 0 512 512\" data-id=\"icon-badge-check-light\" data-name=\"\">\n<path d=\"M345.34 182.46a7.98 7.98 0 0 0-5.66-2.34c-2.05 0-4.1.78-5.66 2.34L226.54 289.94l-48.57-48.57a7.98 7.98 0 0 0-5.66-2.34c-2.05 0-4.1.78-5.66 2.34l-11.31 11.31c-3.12 3.12-3.12 8.19 0 11.31l65.54 65.54c1.56 1.56 3.61 2.34 5.66 2.34s4.09-.78 5.65-2.34l124.45-124.45c3.12-3.12 3.12-8.19 0-11.31l-11.3-11.31zM512 256c0-35.5-19.4-68.2-49.6-85.5 9.1-33.6-.3-70.4-25.4-95.5s-61.9-34.5-95.5-25.4C324.2 19.4 291.5 0 256 0s-68.2 19.4-85.5 49.6c-33.6-9.1-70.4.3-95.5 25.4s-34.5 61.9-25.4 95.5C19.4 187.8 0 220.5 0 256s19.4 68.2 49.6 85.5c-9.1 33.6.3 70.4 25.4 95.5 26.5 26.5 63.4 34.1 95.5 25.4 17.4 30.2 50 49.6 85.5 49.6s68.1-19.4 85.5-49.6c32.7 8.9 69.4.7 95.5-25.4 25.1-25.1 34.5-61.9 25.4-95.5 30.2-17.3 49.6-50 49.6-85.5zm-91.1 68.3c5.3 11.8 29.5 54.1-6.5 90.1-28.9 28.9-57.5 21.3-90.1 6.5C319.7 433 307 480 256 480c-52.1 0-64.7-49.5-68.3-59.1-32.6 14.8-61.3 22.2-90.1-6.5-36.8-36.7-10.9-80.5-6.5-90.1C79 319.7 32 307 32 256c0-52.1 49.5-64.7 59.1-68.3-5.3-11.8-29.5-54.1 6.5-90.1 36.8-36.9 80.8-10.7 90.1-6.5C192.3 79 205 32 256 32c52.1 0 64.7 49.5 68.3 59.1 11.8-5.3 54.1-29.5 90.1 6.5 36.8 36.7 10.9 80.5 6.5 90.1C433 192.3 480 205 480 256c0 52.1-49.5 64.7-59.1 68.3z\"><\/path>\n<\/svg><\/div><\/div><div class=\"thrv_wrapper thrv_text_element\" data-css=\"tve-u-172dba0d1d6\" style=\"\"><p style=\"font-size: var(--tve-font-size, 13px);\" data-css=\"tve-u-172dbfefba8\">Certified Sources<\/p><\/div><\/div>\n<\/div><div class=\"thrv_wrapper thrv_contentbox_shortcode thrv-content-box tve-elem-default-pad\" data-css=\"tve-u-172dba6cff2\" style=\"\">\n<div class=\"tve-content-box-background\" style=\"\" data-css=\"tve-u-172dbf7020d\"><\/div>\n<div class=\"tve-cb\"><div class=\"tcb-clear\" data-css=\"tve-u-172dba3aef2\"><div class=\"thrv_wrapper thrv_icon tcb-icon-display\" data-css=\"tve-u-172dba3aeee\" style=\"\"><svg class=\"tcb-icon\" viewBox=\"0 0 576 512\" data-id=\"icon-hand-holding-seedling-light\" data-name=\"\">\n<path d=\"M248.9 192H272v56c0 4.4 3.6 8 8 8h16c4.4 0 8-3.6 8-8v-56h23.1C411.4 192 480 113 480 16V0h-55.1C364.9 0 313 40.1 288 98.1 263 40.1 211.1 0 151.1 0H96v16c0 97 68.6 176 152.9 176zm176-160h22.4c-6.7 71.9-58 128-120.1 128h-22.4c6.6-71.9 58-128 120.1-128zm-273.8 0c62.1 0 113.4 56.1 120.1 128h-22.4c-62.1 0-113.4-56.1-120.1-128h22.4zm407.2 301.6c-9.6-8.6-22.1-13.4-35.2-13.4-12.5 0-24.8 4.3-34.6 12.2l-61.6 49.3c-1.9 1.5-4.2 2.3-6.7 2.3h-41.6c4.6-9.6 6.5-20.7 4.8-32.3-4-27.9-29.6-47.7-57.8-47.7H181.3c-20.8 0-41 6.7-57.6 19.2L85.3 352H8c-4.4 0-8 3.6-8 8v16c0 4.4 3.6 8 8 8h88l46.9-35.2c11.1-8.3 24.6-12.8 38.4-12.8H328c13.3 0 24 10.7 24 24s-10.7 24-24 24h-88c-8.8 0-16 7.2-16 16s7.2 16 16 16h180.2c9.7 0 19.1-3.3 26.7-9.3l61.6-49.2c4.2-3.4 9.5-5.2 14.6-5.2 5 0 9.9 1.7 13.8 5.2 10.1 9.1 9.3 24.5-.9 32.6l-100.8 80.7c-7.6 6.1-17 9.3-26.7 9.3H8c-4.4 0-8 3.6-8 8v16c0 4.4 3.6 8 8 8h400.5c17 0 33.4-5.8 46.6-16.4L556 415c12.2-9.8 19.5-24.4 20-40s-6-30.8-17.7-41.4z\"><\/path>\n<\/svg><\/div><\/div><div class=\"thrv_wrapper thrv_text_element\" data-css=\"tve-u-172dba0d1d6\" style=\"\"><p style=\"font-size: var(--tve-font-size, 13px);\" data-css=\"tve-u-172dba6a799\">Eco- Friendly<\/p><\/div><\/div>\n<\/div><div class=\"thrv_wrapper thrv_text_element\" data-css=\"tve-u-172dbff6940\" style=\"\"><p data-css=\"tve-u-172dc081fc8\" style=\"\">Want more info?<\/p><p data-css=\"tve-u-172dc077b56\" style=\"\">Send us a message and get a detailed offer:<\/p><\/div><div class=\"thrv_wrapper thrv_lead_generation\" data-connection=\"api\" data-css=\"tve-u-172dc0acc2e\" style=\"\"><input type=\"hidden\" class=\"tve-lg-err-msg\" value=\"{&quot;email&quot;:&quot;Email address invalid&quot;,&quot;phone&quot;:&quot;Phone number invalid&quot;,&quot;password&quot;:&quot;Password invalid&quot;,&quot;passwordmismatch&quot;:&quot;Password mismatch error&quot;,&quot;required&quot;:&quot;Required field missing&quot;}\">\n<div class=\"thrv_lead_generation_container tve_clearfix\">\n<form action=\"#\" method=\"post\" novalidate=\"novalidate\">\n<div class=\"tve_lead_generated_inputs_container tve_clearfix\">\n<div class=\"tve_lg_input_container tve_lg_input tcb-plain-text\" data-css=\"tve-u-172dc03e2dd\" style=\"\" data-label=\"tve-lg-172dc0975cd\" data-tcb_hover_state_parent=\"\">\n<input class=\"tcb-plain-text\" type=\"text\" data-field=\"name\" name=\"name\" placeholder=\"Name\" data-placeholder=\"Name\" style=\"\">\n<\/div>\n<div class=\"tve_lg_input_container tve_lg_input tcb-plain-text\" data-css=\"tve-u-172dc03e2dd\" style=\"\" data-tcb_hover_state_parent=\"\">\n<input class=\"tcb-plain-text\" type=\"email\" data-field=\"email\" data-required=\"1\" data-validation=\"email\" name=\"email\" placeholder=\"Email\" data-placeholder=\"Email\" style=\"\">\n<\/div>\n<div class=\"tve_lg_input_container tve_lg_textarea tcb-plain-text\" data-css=\"tve-u-172dc03e2dd\" data-label=\"tve-lg-172dc03e352\" style=\"\" data-tcb_hover_state_parent=\"\">\n<textarea class=\"tcb-plain-text\" rows=\"3\" data-min=\"0\" maxlength=\"350\" data-required=\"0\" name=\"mapping_textarea_38\" placeholder=\"Textarea\" data-field=\"mapping_textarea\" data-validation=\"\" data-placeholder=\"Textarea\" data-mapping=\"YTowOnt9\" style=\"\"><\/textarea>\n<div class=\"thrv_wrapper thrv_text_element tve-lg-textarea-counter\"> <div class=\"tcb-plain-text\" style=\"\" data-css=\"tve-u-172dc049543\"><span class=\"tve-fill-text-dynamic\" style=\"\" data-css=\"tve-u-172dc04955d\">0 of 350<\/span><\/div> <\/div>\n<\/div><div class=\"tcb-clear\" data-css=\"tve-u-172dc0619e9\"><div class=\"thrv_wrapper tve-form-button tcb-local-vars-root\" data-tcb_hover_state_parent=\"\" data-button-style=\"btn-tpl-58359\" data-css=\"tve-u-172dc03af13\" style=\"\"><div class=\"thrive-colors-palette-config\" style=\"display: none !important\">__CONFIG_colors_palette__{\"active_palette\":0,\"config\":{\"colors\":{\"f8570\":{\"name\":\"Main Accent\",\"parent\":-1}},\"gradients\":[]},\"palettes\":[{\"name\":\"Default Palette\",\"value\":{\"colors\":{\"f8570\":{\"val\":\"var(--tcb-skin-color-0)\"}},\"gradients\":[]},\"original\":{\"colors\":{\"f8570\":{\"val\":\"rgb(19, 114, 211)\",\"hsl\":{\"h\":210,\"s\":0.83,\"l\":0.45}}},\"gradients\":[]}}]}__CONFIG_colors_palette__<\/div>\n<a href=\"#\" class=\"tcb-button-link tve-form-button-submit tcb-plain-text\" style=\"\">\n<span class=\"tcb-button-texts\" style=\"\"><span class=\"tcb-button-text thrv-inline-text\" style=\"\">Send Message<\/span><\/span>\n<\/a>\n<input type=\"submit\" style=\"display: none !important;\">\n<\/div><\/div>\n<\/div>\n<input id=\"_submit_option\" type=\"hidden\" name=\"_submit_option\" value=\"redirect\">\n<input id=\"_sendParams\" type=\"hidden\" name=\"_sendParams\" value=\"1\">\n<input id=\"_back_url\" type=\"hidden\" name=\"_back_url\" value=\"#\">\n<input type=\"hidden\" id=\"tve_mapping\" name=\"tve_mapping\" value=\"YToxOntzOjE5OiJtYXBwaW5nX3RleHRhcmVhXzM4IjthOjA6e319\"><input type=\"hidden\" id=\"tve_labels\" name=\"tve_labels\" value=\"YTozOntzOjQ6Im5hbWUiO3M6NDoiTmFtZSI7czo1OiJlbWFpbCI7czo1OiJFbWFpbCI7czoxOToibWFwcGluZ190ZXh0YXJlYV8zOCI7czo4OiJUZXh0YXJlYSI7fQ==\"><\/form>\n<\/div>\n<\/div><div class=\"thrv_wrapper thrv_text_element\" data-css=\"tve-u-172dc0b3b1e\" style=\"\"><p data-css=\"tve-u-172dc0b4589\" style=\"\">We're Social -<\/p><p data-css=\"tve-u-172dc077b56\" style=\"\">Follow Us Here<\/p><\/div><div class=\"tcb-clear\" data-css=\"tve-u-17300aec9c9\"><div class=\"thrv_wrapper thrv_social_custom thrive_author_links\" data-css=\"tve-u-172dc0bb92c\" style=\"\"><div class=\"tve_social_items tve_social_custom tve_links_style_3 tve_social_itb\" style=\"\">\n<div class=\"tve_s_item tve_s_fb_share\" data-network=\"fb\" data-s=\"fb_share\" data-href=\"\">\n<a href=\"[thrive_global_fields_url id=fb]\" class=\"tve-dynamic-link\" target=\"_blank\" data-dynamic-link=\"thrive_global_fields_url\" data-shortcode-id=\"fb\">\n<span class=\"tve_s_icon\">\n<svg class=\"tcb-icon\" viewBox=\"0 0 264 512\" data-id=\"icon-fb\" data-name=\"\">\n<path d=\"M76.7 512V283H0v-91h76.7v-71.7C76.7 42.4 124.3 0 193.8 0c33.3 0 61.9 2.5 70.2 3.6V85h-48.2c-37.8 0-45.1 18-45.1 44.3V192H256l-11.7 91h-73.6v229\"><\/path>\n<\/svg>\n<\/span>\n<\/a>\n<\/div>\n<div class=\"tve_s_item tve_s_yt_share\" data-network=\"yt\" data-s=\"yt_share\" data-href=\"\">\n<a href=\"[thrive_global_fields_url id=yt]\" class=\"tve-dynamic-link\" target=\"_blank\" data-dynamic-link=\"thrive_global_fields_url\" data-shortcode-id=\"yt\">\n<span class=\"tve_s_icon\">\n<svg class=\"tcb-icon\" viewBox=\"0 0 576 512\" data-id=\"icon-yt\" data-name=\"\">\n<path d=\"M549.655 124.083c-6.281-23.65-24.787-42.276-48.284-48.597C458.781 64 288 64 288 64S117.22 64 74.629 75.486c-23.497 6.322-42.003 24.947-48.284 48.597-11.412 42.867-11.412 132.305-11.412 132.305s0 89.438 11.412 132.305c6.281 23.65 24.787 41.5 48.284 47.821C117.22 448 288 448 288 448s170.78 0 213.371-11.486c23.497-6.321 42.003-24.171 48.284-47.821 11.412-42.867 11.412-132.305 11.412-132.305s0-89.438-11.412-132.305zm-317.51 213.508V175.185l142.739 81.205-142.739 81.201z\"><\/path>\n<\/svg>\n<\/span>\n<\/a>\n<\/div>\n<div class=\"tve_s_item tve_s_t_share\" data-network=\"t\" data-s=\"t_share\" data-href=\"\">\n<a href=\"[thrive_global_fields_url id=t]\" class=\"tve-dynamic-link\" target=\"_blank\" data-dynamic-link=\"thrive_global_fields_url\" data-shortcode-id=\"t\">\n<span class=\"tve_s_icon\">\n<svg class=\"tcb-icon\" viewBox=\"0 0 512 512\" data-id=\"icon-t\" data-name=\"\">\n<path d=\"M459.37 151.716c.325 4.548.325 9.097.325 13.645 0 138.72-105.583 298.558-298.558 298.558-59.452 0-114.68-17.219-161.137-47.106 8.447.974 16.568 1.299 25.34 1.299 49.055 0 94.213-16.568 130.274-44.832-46.132-.975-84.792-31.188-98.112-72.772 6.498.974 12.995 1.624 19.818 1.624 9.421 0 18.843-1.3 27.614-3.573-48.081-9.747-84.143-51.98-84.143-102.985v-1.299c13.969 7.797 30.214 12.67 47.431 13.319-28.264-18.843-46.781-51.005-46.781-87.391 0-19.492 5.197-37.36 14.294-52.954 51.655 63.675 129.3 105.258 216.365 109.807-1.624-7.797-2.599-15.918-2.599-24.04 0-57.828 46.782-104.934 104.934-104.934 30.213 0 57.502 12.67 76.67 33.137 23.715-4.548 46.456-13.32 66.599-25.34-7.798 24.366-24.366 44.833-46.132 57.827 21.117-2.273 41.584-8.122 60.426-16.243-14.292 20.791-32.161 39.308-52.628 54.253z\"><\/path>\n<\/svg>\n<\/span>\n<\/a>\n<\/div>\n<\/div>\n<\/div><\/div>\n","decoration":[],"comments":[],"attr":{"class":""},"hide":1},"content":{"id":0,"content":"[thrive_cart_template]","decoration":[],"comments":[],"attr":{"class":""},"hide":0},"bottom":{"id":0,"content":"<div class=\"thrv_wrapper thrv-columns\" data-css=\"tve-u-172f0eef04c\" style=\"\"><div class=\"tcb-flex-row v-2 tcb-resized tcb--cols--2\" data-css=\"tve-u-172f0eeed65\" style=\"\"><div class=\"tcb-flex-col c-33\" data-css=\"tve-u-172f0eeb18b\" style=\"\"><div class=\"tcb-col\" style=\"\" data-css=\"tve-u-172f0efadab\"><div class=\"thrv_wrapper thrv_text_element\" data-css=\"tve-u-172f0a69466\" style=\"\"><p data-css=\"tve-u-172f0ef89b8\" style=\"\"><span data-css=\"tve-u-172f1008108\">We are social!<\/span><\/p><p data-css=\"tve-u-172f0ef6fed\" style=\"\"><span data-css=\"tve-u-172f100810b\">Follow Us here<\/span><\/p><\/div><div class=\"thrv_wrapper thrv_social_custom thrive_author_links\" data-css=\"tve-u-172f0f099f8\" style=\"\"><div class=\"tve_social_items tve_social_custom tve_links_style_5 tve_social_itb\" style=\"\">\n<div class=\"tve_s_item tve_s_fb_share\" data-network=\"fb\" data-s=\"fb_share\" data-href=\"\">\n<a href=\"[thrive_global_fields_url id=fb]\" class=\"tve-dynamic-link\" target=\"_blank\" data-dynamic-link=\"thrive_global_fields_url\" data-shortcode-id=\"fb\">\n<span class=\"tve_s_icon\">\n<svg class=\"tcb-icon\" viewBox=\"0 0 264 512\" data-id=\"icon-fb\" data-name=\"\">\n<path d=\"M76.7 512V283H0v-91h76.7v-71.7C76.7 42.4 124.3 0 193.8 0c33.3 0 61.9 2.5 70.2 3.6V85h-48.2c-37.8 0-45.1 18-45.1 44.3V192H256l-11.7 91h-73.6v229\"><\/path>\n<\/svg>\n<\/span>\n<\/a>\n<\/div>\n<div class=\"tve_s_item tve_s_yt_share\" data-network=\"yt\" data-s=\"yt_share\" data-href=\"\">\n<a href=\"[thrive_global_fields_url id=yt]\" class=\"tve-dynamic-link\" target=\"_blank\" data-dynamic-link=\"thrive_global_fields_url\" data-shortcode-id=\"yt\">\n<span class=\"tve_s_icon\">\n<svg class=\"tcb-icon\" viewBox=\"0 0 576 512\" data-id=\"icon-yt\" data-name=\"\">\n<path d=\"M549.655 124.083c-6.281-23.65-24.787-42.276-48.284-48.597C458.781 64 288 64 288 64S117.22 64 74.629 75.486c-23.497 6.322-42.003 24.947-48.284 48.597-11.412 42.867-11.412 132.305-11.412 132.305s0 89.438 11.412 132.305c6.281 23.65 24.787 41.5 48.284 47.821C117.22 448 288 448 288 448s170.78 0 213.371-11.486c23.497-6.321 42.003-24.171 48.284-47.821 11.412-42.867 11.412-132.305 11.412-132.305s0-89.438-11.412-132.305zm-317.51 213.508V175.185l142.739 81.205-142.739 81.201z\"><\/path>\n<\/svg>\n<\/span>\n<\/a>\n<\/div>\n<div class=\"tve_s_item tve_s_t_share\" data-network=\"t\" data-s=\"t_share\" data-href=\"\">\n<a href=\"[thrive_global_fields_url id=t]\" class=\"tve-dynamic-link\" target=\"_blank\" data-dynamic-link=\"thrive_global_fields_url\" data-shortcode-id=\"t\">\n<span class=\"tve_s_icon\">\n<svg class=\"tcb-icon\" viewBox=\"0 0 512 512\" data-id=\"icon-t\" data-name=\"\">\n<path d=\"M459.37 151.716c.325 4.548.325 9.097.325 13.645 0 138.72-105.583 298.558-298.558 298.558-59.452 0-114.68-17.219-161.137-47.106 8.447.974 16.568 1.299 25.34 1.299 49.055 0 94.213-16.568 130.274-44.832-46.132-.975-84.792-31.188-98.112-72.772 6.498.974 12.995 1.624 19.818 1.624 9.421 0 18.843-1.3 27.614-3.573-48.081-9.747-84.143-51.98-84.143-102.985v-1.299c13.969 7.797 30.214 12.67 47.431 13.319-28.264-18.843-46.781-51.005-46.781-87.391 0-19.492 5.197-37.36 14.294-52.954 51.655 63.675 129.3 105.258 216.365 109.807-1.624-7.797-2.599-15.918-2.599-24.04 0-57.828 46.782-104.934 104.934-104.934 30.213 0 57.502 12.67 76.67 33.137 23.715-4.548 46.456-13.32 66.599-25.34-7.798 24.366-24.366 44.833-46.132 57.827 21.117-2.273 41.584-8.122 60.426-16.243-14.292 20.791-32.161 39.308-52.628 54.253z\"><\/path>\n<\/svg>\n<\/span>\n<\/a>\n<\/div>\n<\/div>\n<\/div><\/div><\/div><div class=\"tcb-flex-col c-66\" data-css=\"tve-u-172f0eeb1ce\" style=\"\"><div class=\"tcb-col\" style=\"\" data-css=\"tve-u-172f0efd299\"><div class=\"thrv_wrapper thrv-columns\" data-css=\"tve-u-172f0a69463\" style=\"\"><div class=\"tcb-flex-row v-2 tcb-resized tcb--cols--2\" data-css=\"tve-u-172f0a69462\" style=\"\"><div class=\"tcb-flex-col\" data-css=\"tve-u-172f0a69464\" style=\"\"><div class=\"tcb-col\" style=\"\"><div class=\"tcb-clear\" data-css=\"tve-u-172f0f0e2f7\"><div class=\"thrv_wrapper thrv_text_element\" data-css=\"tve-u-172f0f0bae6\" style=\"\"><p data-css=\"tve-u-172f0a69461\" style=\"\"><span data-css=\"tve-u-172f0a69467\" style=\"background-color: var(--tcb-skin-color-0); color: rgb(255, 255, 255);\">-10% <\/span>&nbsp; on first order. Subscribe now\u21e2<\/p><\/div><\/div><\/div><\/div><div class=\"tcb-flex-col\" data-css=\"tve-u-172f0a69465\" style=\"\"><div class=\"tcb-col\" style=\"\"><div class=\"thrv_wrapper thrv_lead_generation tve-lead-generation-template tcb-local-vars-root tcb-file-style-applied\" data-connection=\"api\" id=\"lg-keu0vizg\" data-templateconfig=\"{&quot;checkbox&quot;:{&quot;option&quot;:{&quot;data-value&quot;:&quot;default&quot;},&quot;data-columns&quot;:&quot;2&quot;},&quot;radio&quot;:{&quot;option&quot;:{&quot;data-value&quot;:&quot;default&quot;},&quot;data-columns&quot;:&quot;2&quot;},&quot;select&quot;:{&quot;_class&quot;:&quot;&quot;,&quot;data-show-placeholder&quot;:&quot;1&quot;,&quot;data-style&quot;:&quot;default&quot;,&quot;data-icon&quot;:&quot;style_1&quot;}}\" data-css=\"tve-u-1746e0589dd\" tcb-template-name=\"Contact Form 10\" tcb-template-id=\"61380\" data-keep-css_id=\"1\" style=\"\" data-element-name=\"Form\"><div class=\"thrive-colors-palette-config\" style=\"display: none !important\">__CONFIG_colors_palette__{\"active_palette\":0,\"config\":{\"colors\":{\"c84a5\":{\"name\":\"Main Accent\",\"parent\":-1}},\"gradients\":[]},\"palettes\":[{\"name\":\"Default\",\"value\":{\"colors\":{\"c84a5\":{\"val\":\"var(--tcb-skin-color-18)\",\"hsl\":{\"h\":210,\"s\":0.79,\"l\":0.01,\"a\":1}}},\"gradients\":[]},\"original\":{\"colors\":{\"c84a5\":{\"val\":\"rgb(47, 138, 229)\",\"hsl\":{\"h\":210,\"s\":0.77,\"l\":0.54,\"a\":1}}},\"gradients\":[]}}]}__CONFIG_colors_palette__<\/div><input type=\"hidden\" class=\"tve-lg-err-msg\" value=\"{&quot;email&quot;:&quot;Email address invalid&quot;,&quot;phone&quot;:&quot;Phone number invalid&quot;,&quot;password&quot;:&quot;Password invalid&quot;,&quot;passwordmismatch&quot;:&quot;Password mismatch error&quot;,&quot;required&quot;:&quot;Required field missing&quot;}\">\n<div class=\"thrv_lead_generation_container tve_clearfix\">\n<form action=\"#\" method=\"post\" novalidate=\"novalidate\">\n<div class=\"tve_lead_generated_inputs_container tve_clearfix\">\n<div class=\"thrv_wrapper thrv-columns\" data-css=\"tve-u-1746e058966\" style=\"\"><div class=\"tcb-flex-row v-2 tcb-resized tcb--cols--2\" style=\"\" data-css=\"tve-u-1746e058967\"><div class=\"tcb-flex-col\" data-css=\"tve-u-1746e058968\" style=\"\"><div class=\"tcb-col\" style=\"\"><div class=\"tve_lg_input_container tve_lg_input tve_lg_regular_input tcb-plain-text tcb-no-clone tcb-no-delete\" data-css=\"tve-u-1746e05896a\" data-label=\"tve-lg-1735813b311\" style=\"\" data-tcb_hover_state_parent=\"\">\n<input class=\"tcb-plain-text\" type=\"email\" data-field=\"email\" data-required=\"1\" data-validation=\"email\" name=\"email\" placeholder=\"Email\" data-placeholder=\"Email\" style=\"\" data-name=\"Email\">\n<\/div><\/div><\/div><div class=\"tcb-flex-col\" data-css=\"tve-u-1746e05896b\" style=\"\"><div class=\"tcb-col\" style=\"\"><div class=\"thrv_wrapper tve-form-button tcb-local-vars-root tve-color-set\" data-tcb_hover_state_parent=\"\" data-button-style=\"btn-tpl-58359\" data-css=\"tve-u-1746e05896e\" style=\"\"><div class=\"thrive-colors-palette-config\" style=\"display: none !important\">__CONFIG_colors_palette__{\"active_palette\":0,\"config\":{\"colors\":{\"f8570\":{\"name\":\"Main Accent\",\"parent\":-1}},\"gradients\":[]},\"palettes\":[{\"name\":\"Default Palette\",\"value\":{\"colors\":{\"f8570\":{\"val\":\"var(--tcb-local-color-bec10)\"}},\"gradients\":[]},\"original\":{\"colors\":{\"f8570\":{\"val\":\"rgb(19, 114, 211)\",\"hsl\":{\"h\":210,\"s\":0.83,\"l\":0.45}}},\"gradients\":[]}}]}__CONFIG_colors_palette__<\/div>\n<a href=\"#\" class=\"tcb-button-link tve-form-button-submit tcb-plain-text\" style=\"\">\n<span class=\"tcb-button-texts\" style=\"\"><span class=\"tcb-button-text thrv-inline-text\" style=\"\">Sign Up<\/span><\/span>\n<\/a>\n<input type=\"submit\" style=\"display: none !important;\">\n<\/div><\/div><\/div><\/div><\/div>\n<\/div>\n<input id=\"_submit_option\" type=\"hidden\" name=\"_submit_option\" value=\"redirect\">\n<input id=\"_sendParams\" type=\"hidden\" name=\"_sendParams\" value=\"1\">\n<input id=\"_back_url\" type=\"hidden\" name=\"_back_url\" value=\"#\">\n<input type=\"hidden\" id=\"tve_mapping\" name=\"tve_mapping\" value=\"YTowOnt9\"><input type=\"hidden\" id=\"tve_labels\" name=\"tve_labels\" value=\"YToxOntzOjU6ImVtYWlsIjtzOjU6IkVtYWlsIjt9\"><\/form>\n<\/div>\n<\/div><\/div><\/div><\/div><\/div><\/div><\/div><\/div><\/div><div class=\"thrv_wrapper thrv-columns\" data-css=\"tve-u-1727fba3b1e\" style=\"\"><div class=\"tcb-flex-row v-2 tcb-medium-no-wrap tcb-mobile-wrap m-edit tcb--cols--3\" data-css=\"tve-u-1727fba3b1d\" style=\"\"><div class=\"tcb-flex-col\" style=\"\"><div class=\"tcb-col\"><div class=\"thrv_wrapper thrv_contentbox_shortcode thrv-content-box tve-elem-default-pad\" data-css=\"tve-u-1727fba3b34\" style=\"\">\n<div class=\"tve-content-box-background\"><\/div>\n<div class=\"tve-cb\" data-css=\"tve-u-1727fbc11fe\" style=\"\"><div class=\"thrv_wrapper thrv_icon tcb-icon-display\" data-css=\"tve-u-172f0a91a27\" style=\"\"><svg class=\"tcb-icon\" viewBox=\"0 0 640 512\" data-id=\"icon-truck-loading-light\" data-name=\"\" style=\"\">\n<path d=\"M100.4 414.6l213.4-68.2c16.8-5.4 26.1-23.4 20.7-40.2L276 123.3c-5.4-16.9-23.5-26.2-40.2-20.8L22.5 170.7C5.7 176-3.7 194 1.7 210.9l58.4 182.9c5.3 16.6 23.2 26.2 40.3 20.8zm53.7-252.4l19.5 61-30.4 9.8-19.5-61 30.4-9.8zm-61 19.5l29.3 91.4 91.4-29.2-29.2-91.4 60.9-19.5L304 315.9 90.6 384.1 32.2 201.2l60.9-19.5zM416 32h224V0H416c-35.3 0-64 28.7-64 64v307.9L5.9 480.8c-4.3 1.2-6.8 5.6-5.6 9.8L4.5 506c1.2 4.3 5.6 6.8 9.8 5.6L367.2 400H416c0 61.9 50.1 112 112 112s112-50.1 112-112-50.1-112-112-112c-50.6 0-92.8 33.9-106.7 80H384V64c0-17.6 14.4-32 32-32zm112 288c44.1 0 80 35.9 80 80s-35.9 80-80 80-80-35.9-80-80 35.9-80 80-80z\"><\/path>\n<\/svg><\/div><div class=\"thrv_wrapper thrv_text_element\" style=\"\" data-css=\"tve-u-172f0a83b87\"><p class=\"tcb-global-text-\" data-css=\"tve-u-1727fba3b1f\" style=\"\">Fast Shipping<\/p><\/div><div class=\"thrv_wrapper thrv_text_element\" data-css=\"tve-u-1727fbd0aca\" style=\"\"><p class=\"tcb-global-text-\" style=\"\" data-css=\"tve-u-1727fbde03a\">Lorem ipsum dolor sit amet, consectetur adipiscing elit.<\/p><\/div><\/div>\n<\/div><\/div><\/div><div class=\"tcb-flex-col\" style=\"\"><div class=\"tcb-col\"><div class=\"thrv_wrapper thrv_contentbox_shortcode thrv-content-box tve-elem-default-pad\" data-css=\"tve-u-1727fba3b21\" style=\"\">\n<div class=\"tve-content-box-background\"><\/div>\n<div class=\"tve-cb\"><div class=\"thrv_wrapper thrv_contentbox_shortcode thrv-content-box tve-elem-default-pad\" data-css=\"tve-u-172f0a01668\" style=\"\">\n<div class=\"tve-content-box-background\"><\/div>\n<div class=\"tve-cb\" data-css=\"tve-u-1727fbc11fe\" style=\"\"><div class=\"thrv_wrapper thrv_icon tcb-icon-display\" data-css=\"tve-u-172f0a90e52\" style=\"\"><svg class=\"tcb-icon\" viewBox=\"0 0 512 512\" data-id=\"icon-exchange-light\" data-name=\"\" style=\"\">\n<path d=\"M508.485 184.485l-92.485 92c-4.687 4.686-12.284 4.686-16.97 0l-7.071-7.07c-4.687-4.686-4.687-12.284 0-16.971L452.893 192H12c-6.627 0-12-5.373-12-12v-8c0-6.627 5.373-12 12-12h440.905l-60.946-60.444c-4.687-4.686-4.687-12.284 0-16.971l7.07-7.07c4.687-4.686 12.284-4.686 16.971 0l92.485 92c4.687 4.686 4.686 12.284 0 16.97zm-504.97 160l92.485 92c4.687 4.686 12.284 4.686 16.971 0l7.07-7.07c4.687-4.686 4.687-12.284 0-16.971L59.095 352H500c6.627 0 12-5.373 12-12v-8c0-6.627-5.373-12-12-12H59.107l60.934-60.444c4.687-4.686 4.687-12.284 0-16.971l-7.071-7.07c-4.686-4.686-12.284-4.687-16.97 0l-92.485 92c-4.686 4.686-4.687 12.284 0 16.97z\"><\/path>\n<\/svg><\/div><div class=\"thrv_wrapper thrv_text_element\" style=\"\" data-css=\"tve-u-172f0a84889\"><p class=\"tcb-global-text-\" data-css=\"tve-u-172f0a8c196\" style=\"\">easy returns<\/p><\/div><div class=\"thrv_wrapper thrv_text_element\" data-css=\"tve-u-172f1014cb7\" style=\"\"><p class=\"tcb-global-text-\" data-css=\"tve-u-1727fbde03a\">Lorem ipsum dolor sit amet, consectetur adipiscing elit.<\/p><\/div><\/div>\n<\/div><\/div>\n<\/div><\/div><\/div><div class=\"tcb-flex-col\" style=\"\"><div class=\"tcb-col\"><div class=\"thrv_wrapper thrv_contentbox_shortcode thrv-content-box tve-elem-default-pad\" data-css=\"tve-u-172f09fe468\" style=\"\">\n<div class=\"tve-content-box-background\"><\/div>\n<div class=\"tve-cb\" data-css=\"tve-u-1727fbc11fe\" style=\"\"><div class=\"thrv_wrapper thrv_icon tcb-icon-display\" data-css=\"tve-u-1727fbfa6af\" style=\"\"><svg class=\"tcb-icon\" viewBox=\"0 0 576 512\" data-id=\"icon-credit-card-blank-light\" data-name=\"\" style=\"\">\n<path d=\"M528 31H48C21.5 31 0 52.5 0 79v352c0 26.5 21.5 48 48 48h480c26.5 0 48-21.5 48-48V79c0-26.5-21.5-48-48-48zm16 400c0 8.8-7.2 16-16 16H48c-8.8 0-16-7.2-16-16V79c0-8.8 7.2-16 16-16h480c8.8 0 16 7.2 16 16v352zm-352-68v8c0 6.6-5.4 12-12 12h-72c-6.6 0-12-5.4-12-12v-8c0-6.6 5.4-12 12-12h72c6.6 0 12 5.4 12 12zm192 0v8c0 6.6-5.4 12-12 12H236c-6.6 0-12-5.4-12-12v-8c0-6.6 5.4-12 12-12h136c6.6 0 12 5.4 12 12z\"><\/path>\n<\/svg><\/div><div class=\"thrv_wrapper thrv_text_element\" style=\"\" data-css=\"tve-u-172f0a853c7\"><p class=\"tcb-global-text-\" data-css=\"tve-u-172f0a8cbd2\" style=\"\">Secure payment<\/p><\/div><div class=\"thrv_wrapper thrv-credit\" data-style=\"style4\" data-cards=\"visa,masterCard,americanExpress,payPal,googlePay,applePay,bitcoin\" data-css=\"tve-u-172f101173c\" style=\"\"><svg viewBox=\"0 0 72 52\" class=\"tcb-visa-card\"><g><polygon class=\"visa-style-4-st0\" points=\"52.3,28.1 55.5,28.1 54.3,22.7\" style=\"\"><\/polygon><path class=\"visa-style-4-st0\" d=\"M64.4,1H7.6C4,1,1,4,1,7.6v36.7C1,48,4,51,7.6,51h56.7c3.7,0,6.6-3,6.6-6.6V7.6C71,4,68,1,64.4,1z M20.4,33.3L17,20.6c0,0-0.1,0-0.1,0c-0.2-0.1-0.5-0.3-0.7-0.4c0,0,0,0-0.1,0c-0.2-0.1-0.5-0.2-0.7-0.3c0,0-0.1,0-0.1,0c-0.4-0.2-0.8-0.4-1.2-0.5c0,0,0,0-0.1,0c-0.2-0.1-0.3-0.1-0.5-0.2c0,0,0,0,0,0c-0.1,0-0.3-0.1-0.3-0.1c0,0,0,0,0,0c-0.1,0-0.2,0-0.2-0.1c0,0,0,0,0,0c0,0-0.1,0-0.1,0l0.1-0.2h3h3c1.7,0,1.8,1.3,1.8,1.3l1.3,6.5v0l0.4,2.2l3.7-10h4.1l-6.1,14.5H20.4z M29.6,33.3L32,18.7h3.8l-2.4,14.5H29.6z M40.1,33.5c-2.6,0-4.3-0.8-4.3-0.8l0.6-3.3c1.6,1.2,6.3,1.6,6.3-0.4c0-2-5.3-2-5.3-5.8c0-4,4.5-4.8,6.4-4.8c1.8,0,3.5,0.6,3.5,0.6l-0.5,3.1c-1.6-0.9-5.4-1.1-5.4,0.5c0,1.6,5.4,2,5.4,5.8C46.7,32.2,42.7,33.5,40.1,33.5z M56.5,33.3l-0.4-2.2h-4.9l-0.8,2.2h-4l5.7-13.5c0,0,0.3-1.1,1.8-1.1H57l3.1,14.5H56.5z\" style=\"\"><\/path><\/g><\/svg><svg viewBox=\"0 0 72 52\" class=\"tcb-masterCard-card\"><g><g><path class=\"masterCard-style-4-st0\" d=\"M39.2,18.6C39.2,18.6,39.2,18.6,39.2,18.6C39.2,18.6,39.2,18.6,39.2,18.6L39.2,18.6z\" style=\"\"><\/path><path class=\"masterCard-style-4-st0\" d=\"M40,31.9C40,31.9,40,31.9,40,31.9L40,31.9C40,31.9,40,31.9,40,31.9z\" style=\"\"><\/path><path class=\"masterCard-style-4-st0\" d=\"M39.2,33.4C39.2,33.4,39.2,33.4,39.2,33.4C39.2,33.4,39.2,33.4,39.2,33.4L39.2,33.4z\" style=\"\"><\/path><path class=\"masterCard-style-4-st0\" d=\"M64.4,1H7.6C4,1,1,4,1,7.6v36.7C1,48,4,51,7.6,51h56.7c3.7,0,6.6-3,6.6-6.6V7.6C71,4,68,1,64.4,1z M46.1,39.9c-3.6,0-6.9-1.4-9.4-3.6c0,0,0,0,0.1-0.1c-2.5,2.3-5.8,3.7-9.4,3.7c-7.7,0-14-6.2-14-13.9c0-7.7,6.2-13.9,14-13.9c3.6,0,6.9,1.4,9.3,3.6c0,0,0,0,0,0c2.5-2.2,5.8-3.6,9.4-3.6c7.7,0,14,6.2,14,13.9C60.1,33.7,53.8,39.9,46.1,39.9z\" style=\"\"><\/path><path class=\"masterCard-style-4-st0\" d=\"M40,20.1C40,20.1,40,20.1,40,20.1C40,20.1,40,20.1,40,20.1L40,20.1z\" style=\"\"><\/path><\/g><path class=\"masterCard-style-4-st0\" d=\"M57.7,29.7h-1.4l0.1-0.5c-0.4,0.4-0.8,0.6-1.4,0.6c-1.1,0-1.8-0.9-1.8-2.4c0-1.9,1.1-3.5,2.5-3.5c0.6,0,1,0.2,1.4,0.8l0.3-2h1.5L57.7,29.7L57.7,29.7z M55.5,28.4c0.7,0,1.2-0.8,1.2-1.9c0-0.7-0.3-1.1-0.8-1.1c-0.7,0-1.2,0.8-1.2,1.9C54.7,28,55,28.4,55.5,28.4L55.5,28.4z\" style=\"\"><\/path><path class=\"masterCard-style-4-st0\" d=\"M50.9,23.8c-0.2,1.8-0.5,3.6-0.8,5.4L50,29.5h1.5c0.5-3.5,0.7-4.2,1.5-4.1c0.1-0.7,0.4-1.4,0.6-1.7c-0.6-0.1-1,0.2-1.5,0.9c0-0.3,0.1-0.6,0.1-0.9H50.9\" style=\"\"><\/path><path class=\"masterCard-style-4-st0\" d=\"M48.5,27.1c-0.2,0-0.2,0-0.3,0c-0.9,0-1.3,0.3-1.3,0.9c0,0.4,0.2,0.6,0.5,0.6C48,28.5,48.5,27.9,48.5,27.1L48.5,27.1z M49.6,29.6h-1.3l0-0.6c-0.4,0.5-0.9,0.7-1.6,0.7c-0.8,0-1.4-0.6-1.4-1.6c0-1.4,1-2.2,2.7-2.2c0.2,0,0.4,0,0.6,0c0-0.2,0.1-0.3,0.1-0.4c0-0.4-0.3-0.5-1-0.5c-0.7,0-1.4,0.2-1.6,0.3c0-0.1,0.2-1.3,0.2-1.3c0.8-0.2,1.3-0.3,1.8-0.3c1.3,0,2,0.6,2,1.7c0,0.3,0,0.7-0.1,1.1C49.9,27.4,49.7,29.2,49.6,29.6L49.6,29.6z\" style=\"\"><\/path><path class=\"masterCard-style-4-st0\" d=\"M46.1,22.8l-0.2,1.5c-0.5-0.3-0.9-0.4-1.4-0.4c-1.1,0-1.9,1.1-1.9,2.6c0,1.1,0.5,1.7,1.4,1.7c0.4,0,0.8-0.1,1.3-0.4L45,29.6c-0.6,0.2-0.9,0.2-1.3,0.2c-1.6,0-2.6-1.2-2.6-3.1c0-2.5,1.4-4.3,3.4-4.3C45.1,22.4,45.9,22.7,46.1,22.8\" style=\"\"><\/path><path class=\"masterCard-style-4-st0\" d=\"M38.6,23.8c-0.2,1.8-0.5,3.6-0.8,5.4l-0.1,0.4h1.5c0.5-3.5,0.7-4.2,1.5-4.1c0.1-0.7,0.4-1.4,0.6-1.7c-0.6-0.1-1,0.2-1.5,0.9c0-0.3,0.1-0.6,0.1-0.9H38.6\" style=\"\"><\/path><path class=\"masterCard-style-4-st0\" d=\"M37.2,29.5c-0.5,0.2-1,0.2-1.5,0.2c-1.7,0-2.6-0.9-2.6-2.6c0-2,1.1-3.4,2.6-3.4c1.2,0,2,0.8,2,2.1c0,0.4-0.1,0.8-0.2,1.4h-3c-0.1,0.8,0.4,1.2,1.3,1.2c0.5,0,1-0.1,1.6-0.4L37.2,29.5L37.2,29.5z M36.3,26.1c0-0.1,0.2-1-0.7-1c-0.5,0-0.8,0.4-1,1H36.3L36.3,26.1z\" style=\"\"><\/path><path class=\"masterCard-style-4-st0\" d=\"M32.5,29.6c-0.4,0.1-0.7,0.2-1.1,0.2c-0.8,0-1.2-0.4-1.2-1.3c0-0.3,0.1-0.9,0.2-1.5c0.1-0.5,0.7-3.9,0.7-3.9h1.5l-0.2,0.9h0.8L33,25.3h-0.8c-0.2,1.1-0.4,2.5-0.4,2.6c0,0.3,0.2,0.4,0.5,0.4c0.2,0,0.3,0,0.4-0.1L32.5,29.6\" style=\"\"><\/path><path class=\"masterCard-style-4-st0\" d=\"M26.6,25.7c0,0.7,0.4,1.2,1.2,1.6c0.6,0.3,0.7,0.4,0.7,0.6c0,0.4-0.3,0.5-0.9,0.5c-0.5,0-0.9-0.1-1.4-0.2c0,0-0.2,1.3-0.2,1.3c0.3,0.1,0.7,0.1,1.6,0.2c1.6,0,2.3-0.6,2.3-1.9c0-0.8-0.3-1.3-1.1-1.6c-0.6-0.3-0.7-0.4-0.7-0.6c0-0.3,0.3-0.5,0.7-0.5c0.3,0,0.7,0,1.1,0.1l0.2-1.3c-0.4-0.1-1-0.1-1.3-0.1C27.2,23.7,26.6,24.6,26.6,25.7\" style=\"\"><\/path><path class=\"masterCard-style-4-st0\" d=\"M24.7,27.1c-0.2,0-0.2,0-0.3,0c-0.9,0-1.3,0.3-1.3,0.9c0,0.4,0.2,0.6,0.5,0.6C24.2,28.5,24.7,27.9,24.7,27.1L24.7,27.1z M25.8,29.6h-1.3l0-0.6c-0.4,0.5-0.9,0.7-1.6,0.7c-0.8,0-1.4-0.6-1.4-1.6c0-1.4,1-2.2,2.7-2.2c0.2,0,0.4,0,0.6,0c0-0.2,0.1-0.3,0.1-0.4c0-0.4-0.3-0.5-1-0.5c-0.7,0-1.4,0.2-1.6,0.3c0-0.1,0.2-1.3,0.2-1.3c0.8-0.2,1.3-0.3,1.8-0.3c1.3,0,2,0.6,2,1.7c0,0.3,0,0.7-0.1,1.1C26.1,27.4,25.8,29.2,25.8,29.6L25.8,29.6z\" style=\"\"><\/path><polyline class=\"masterCard-style-4-st0\" points=\"20.8,29.7 19.3,29.7 20.2,24.3 18.3,29.7 17.2,29.7 17.1,24.3 16.2,29.7 14.8,29.7 16,22.6 18.1,22.6 18.2,27 19.7,22.6 22,22.6 20.8,29.7\" style=\"\"><\/polyline><\/g><\/svg><svg viewBox=\"0 0 72 52\" class=\"tcb-americanExpress-card\"><g><path class=\"americanExpress-style-4-st0\" d=\"M37.5,28.2c-0.1,0-0.2,0-0.2,0h-4.2v0h-1.3l-2,2.1l-2-2.1h-0.9h-5.4V35h5.4h1l1.8-2l1.8,2h1.5h1.7v-2.2h1.7c2.2,0,3-0.6,3-2.6C39.5,28.4,38,28.2,37.5,28.2z M26.9,33.5h-3.6v-1.1h3.5v-1.5h-3.5v-1h3.6l1.7,1.8L26.9,33.5z M33.1,34L31,31.7l2.1-2.3V34z M36.6,31.1h-1.8v-1.3h1.8c0.5,0,0.9,0.3,0.9,0.6C37.5,30.8,37.1,31.1,36.6,31.1z\" style=\"\"><\/path><path class=\"americanExpress-style-4-st0\" d=\"M45.6,22.1c0,0.1,0,0.3,0,0.4c0,0.7,0.2,0.7,0.3,0.7c0,0,0,0,0,0l0.7-1.6l-0.7,0C45.9,21.6,45.7,21.6,45.6,22.1z\" style=\"\"><\/path><rect x=\"40.5\" y=\"19.1\" class=\"americanExpress-style-4-st0\" width=\"1.7\" height=\"6.7\" style=\"\"><\/rect><polygon class=\"americanExpress-style-4-st0\" points=\"32.5,24.3 28.9,24.3 28.9,23.2 32.4,23.2 32.4,21.7 28.9,21.7 28.9,20.6 32.5,20.6 32.5,19.1 27.1,19.1 27.1,25.8 32.5,25.8 \t\" style=\"\"><\/polygon><path class=\"americanExpress-style-4-st0\" d=\"M45.1,25.8H46h0.3h1.6l0.6-1.4h3.2l0.6,1.4h1.6h0.3h1.5v-4.5l2.7,4.5h2.4v-6.7H59v4.4l-2.7-4.4h-2.4v6.1l-2.6-6.1h-2.4l-2.1,5c0,0-0.3,0.1-0.7,0.1c-0.6,0-1.3-0.3-1.3-1.7c0-0.1,0-0.3,0-0.5c0.1-1.5,1.3-1.5,1.3-1.5l1.7,0v-1.5L45.5,19c-0.1,0-2.7-0.1-2.7,3.6C42.8,25.4,45.1,25.8,45.1,25.8z M50,20.6l0.8,2h-1.7L50,20.6z\" style=\"\"><\/path><path class=\"americanExpress-style-4-st0\" d=\"M56.5,30.8c-0.1,0-0.2,0-0.2,0s-0.1,0-0.2,0c-0.3,0-1.1,0-1.1-0.5c0-0.4,0.4-0.5,0.7-0.5c0.2,0,0.3,0,0.3,0h2.7v-1.6h-3.3c0,0,0,0-0.1,0c-0.4,0-2.1,0.1-2.1,2.1c0,1.9,1.7,2,2.2,2c0.1,0,0.2,0,0.2,0s0,0,0.1,0c0.3,0,1.4,0,1.4,0.6c0,0.5-0.5,0.5-0.8,0.5c-0.1,0-0.2,0-0.2,0h-2.7V35h3.1c0,0,0.1,0,0.2,0c0.6,0,2.3-0.2,2.3-2.4C58.9,30.9,57,30.8,56.5,30.8z\" style=\"\"><\/path><path class=\"americanExpress-style-4-st0\" d=\"M62.5,30.8c-0.1,0-0.2,0-0.2,0s-0.1,0-0.2,0c-0.3,0-1.1,0-1.1-0.5c0-0.4,0.4-0.5,0.7-0.5c0.2,0,0.3,0,0.3,0h2.7v-1.6h-3.3c0,0,0,0-0.1,0c-0.4,0-2.1,0.1-2.1,2.1c0,1.9,1.7,2,2.2,2c0.1,0,0.2,0,0.2,0s0,0,0.1,0c0.3,0,1.4,0,1.4,0.6c0,0.5-0.5,0.5-0.8,0.5c-0.1,0-0.2,0-0.2,0h-2.7V35h3.1c0,0,0.1,0,0.2,0c0.6,0,2.3-0.2,2.3-2.4C65,30.9,63.1,30.8,62.5,30.8z\" style=\"\"><\/path><path class=\"americanExpress-style-4-st0\" d=\"M46.4,30.2c0-1.8-1.4-2-2-2c-0.1,0-0.2,0-0.2,0h-4.2V35h1.7v-2.3h1.7c1.1,0,1.2,1,1.2,1V35h1.7v-1.7c0-1.1-0.8-1.5-0.8-1.5S46.4,31.4,46.4,30.2z M43.6,31.1h-1.8v-1.3h1.8c0.5,0,0.9,0.3,0.9,0.6S44.1,31.1,43.6,31.1z\" style=\"\"><\/path><path class=\"americanExpress-style-4-st0\" d=\"M64.4,1H7.6C4,1,1,4,1,7.6v36.7C1,48,4,51,7.6,51h56.7c3.7,0,6.6-3,6.6-6.6V7.6C71,4,68,1,64.4,1z M19.9,26.2l-0.3-0.6v0.1v1h-1h-1.5h-0.2h-1.7h-0.7l-0.3-0.6L14,25.4h-1.8l-0.3,0.8l-0.3,0.6h-0.7H9H7.5l0.6-1.4l2.9-6.7l0.3-0.6h0.7h2.4H15l0.3,0.6l0.7,1.7v-1.3v-1h1h2.7h0.6l0.3,0.6l1,2.2l1-2.2l0.3-0.6h0.6h2.7h1v0h5.2v0h1h4.1c0.1,0,0.1,0,0.3,0c0.6,0,1.2,0.1,1.7,0.4v-0.4h1h1.7h1v0.8c0.6-0.5,1.4-0.8,2.2-0.9l0,0l0.1,0l2.1,0.1l0.5,0l0,0h0.7h2.4h0.7l0.3,0.6l0.7,1.6v-1.2v-1h1h2.4h0.6l0.3,0.5l0.9,1.4v-0.9v-1h1h1.7h1v1v6.7v1h-1h-2.4h-0.6l-0.3-0.5l-0.9-1.5v0.9v1h-1h-1.5h-0.3h-1.6h-0.7l-0.3-0.6l-0.3-0.8h-1.8l-0.3,0.8l-0.3,0.6h-0.7h-1.6H46h-0.8h-0.1l-0.1,0c-0.5-0.1-1.2-0.3-1.8-0.8v0.9h-1h-1.7h-1v0H38h-1v-1v-1.2c0,0,0-0.1,0-0.1c0,0,0,0-0.1,0h-0.7v1.3v1h-1h-1.7h-1v0h-5.2v0h-1h-1.7h-1v-1v-0.1l-0.3,0.6l-0.3,0.6h-0.6h-1.4h-0.6L19.9,26.2z M62.7,36c-0.1,0-0.2,0-0.3,0h-3h-1v-0.5c-0.6,0.3-1.2,0.5-1.8,0.5c-0.1,0-0.2,0-0.3,0h-2.8v0h-1h-5.2v0h-1h-1.7h-1v-1v-1.2c0,0,0-0.1,0-0.1c0,0,0,0-0.1,0h-0.7V35v1h-1h-1.7h-1v-1v-1.7c-0.6,0.3-1.5,0.5-2.6,0.5h-0.7V35v1h-1h-1.7h-1.5h-0.4l-0.3-0.3l-1.1-1.2l-1.1,1.2L28.4,36h-0.4h-1h-5.4h-1v-1v-6.7v-1h1h5.4h0.9h0.4l0.3,0.3l1.3,1.4l1.3-1.3l0.3-0.3h0.4h0.3v0h1h4.1c0.1,0,0.1,0,0.2,0c0.5,0,1.1,0.1,1.6,0.4v-0.4h1h4.1c0.1,0,0.1,0,0.3,0c0.6,0,1.2,0.1,1.7,0.4v-0.4h1h5.4h1v0.4c0.5-0.3,1.1-0.4,1.7-0.4c0,0,0.1,0,0.1,0h3.3h1v0.4c0.5-0.3,1.1-0.4,1.7-0.4c0,0,0.1,0,0.1,0h3.3h1v1v1.6v1h-0.3c0.4,0.5,0.6,1.1,0.6,1.8C66,35.1,64.2,36,62.7,36z\" style=\"\"><\/path><path class=\"americanExpress-style-4-st0\" d=\"M35.1,23.4h1.7c1.1,0,1.2,1,1.2,1v1.3h1.7v-1.7c0-1.1-0.8-1.5-0.8-1.5s1-0.4,1-1.6c0-1.8-1.4-2-2-2c-0.1,0-0.2,0-0.2,0h-4.2v6.7h1.7V23.4z M35.1,20.6h1.8c0.5,0,0.9,0.3,0.9,0.6c0,0.4-0.4,0.6-0.9,0.6h-1.8V20.6z\" style=\"\"><\/path><path class=\"americanExpress-style-4-st0\" d=\"M22.2,25.8l2.2-4.6v4.6h1.7v-6.7h-2.7l-1.9,4.2l-1.9-4.2h-2.7v6.2l-2.6-6.2h-2.4L9,25.8h1.9l0.6-1.4h3.2l0.6,1.4h1.7h0.2h1.5v-4.6l2.2,4.6H22.2z M12.2,22.7l0.8-2l0.8,2H12.2z\" style=\"\"><\/path><polygon class=\"americanExpress-style-4-st0\" points=\"47.2,35 52.5,35 52.5,33.5 48.9,33.5 48.9,32.4 52.5,32.4 52.5,30.9 48.9,30.9 48.9,29.8 52.5,29.8 52.5,28.3 47.2,28.3 \t\" style=\"\"><\/polygon><\/g><\/svg><svg viewBox=\"0 0 72 52\" class=\"tcb-payPal-card\"><g><path class=\"payPal-style-4-st0\" d=\"M54.8,24.6c-1.2,0-2.1,0.8-2.3,2c-0.1,0.6,0,1.1,0.3,1.4c0.3,0.4,0.8,0.6,1.4,0.6c1.2,0,2.1-0.8,2.3-2c0.1-0.6,0-1.1-0.4-1.5C55.9,24.8,55.4,24.6,54.8,24.6z\" style=\"\"><\/path><g><path class=\"payPal-style-4-st0\" d=\"M44.9,21h-0.3c-0.2,0-0.3,0.1-0.4,0.3l-0.5,2.9h0.7c1.1,0,2.3,0,2.6-1.5c0.1-0.5,0-0.9-0.2-1.2C46.4,21,45.7,21,44.9,21z\" style=\"\"><\/path><g><g><path class=\"payPal-style-4-st0\" d=\"M14.1,21h-0.3c-0.2,0-0.3,0.1-0.4,0.3L13,24.2h0.7c1.1,0,2.3,0,2.6-1.5c0.1-0.5,0-0.9-0.2-1.2C15.6,21,14.9,21,14.1,21z\" style=\"\"><\/path><path class=\"payPal-style-4-st0\" d=\"M64.4,1H7.6C4,1,1,4,1,7.6v36.7C1,48,4,51,7.6,51h56.7c3.7,0,6.6-3,6.6-6.6V7.6C71,4,68,1,64.4,1zM14.5,26.6h-1.4c-0.3,0-0.5,0.2-0.6,0.5l-0.5,3c0,0.3-0.3,0.5-0.6,0.5H9.4c-0.2,0-0.4-0.2-0.4-0.4l1.7-11c0-0.3,0.3-0.5,0.6-0.5h4.3c1.4,0,2.5,0.4,3.1,1.1c0.6,0.7,0.7,1.6,0.6,2.8C19,25.2,17.4,26.6,14.5,26.6z M27.9,30.1c0,0.3-0.3,0.5-0.6,0.5h-1.9c-0.2,0-0.4-0.2-0.4-0.4l0.1-0.6c0,0-1,1.2-2.9,1.2c-1.1,0-2-0.3-2.6-1c-0.7-0.8-1-2-0.8-3.2c0.4-2.4,2.3-4.1,4.6-4.1c1,0,2,0.2,2.4,0.9l0.1,0.2l0.1-0.6c0-0.2,0.2-0.3,0.4-0.3h2.1c0.2,0,0.4,0.2,0.4,0.4L27.9,30.1zM32.5,33.4h-2.1c-0.3,0-0.5-0.3-0.3-0.6l2.2-3L30,23.1c-0.1-0.2,0.1-0.5,0.3-0.5h2c0.3,0,0.5,0.2,0.6,0.4l1.2,4l2.9-4.2c0.1-0.2,0.3-0.3,0.5-0.3h2.1c0.3,0,0.5,0.3,0.3,0.6L33,33.1C32.9,33.3,32.7,33.4,32.5,33.4z M45.3,26.6H44c-0.3,0-0.5,0.2-0.6,0.5l-0.5,3.1c0,0.2-0.2,0.4-0.4,0.4h-2.2c-0.2,0-0.4-0.2-0.4-0.4l1.7-11c0-0.3,0.3-0.5,0.6-0.5h4.3c1.4,0,2.5,0.4,3.1,1.1c0.6,0.7,0.7,1.6,0.6,2.8C49.8,25.2,48.2,26.6,45.3,26.6z M58.7,30.1c0,0.3-0.3,0.5-0.6,0.5h-1.9c-0.2,0-0.4-0.2-0.4-0.4l0.1-0.6c0,0-1,1.2-2.9,1.2c-1.1,0-2-0.3-2.6-1c-0.7-0.8-1-2-0.8-3.2c0.4-2.4,2.3-4.1,4.6-4.1c1,0,2,0.2,2.4,0.9l0.1,0.2l0.1-0.6c0-0.2,0.2-0.3,0.4-0.3h2.1c0.2,0,0.4,0.2,0.4,0.4L58.7,30.1z M62.8,30.1c0,0.3-0.3,0.5-0.6,0.5h-1.8c-0.2,0-0.4-0.2-0.4-0.4l1.8-11.2c0-0.2,0.2-0.3,0.4-0.3h2c0.2,0,0.4,0.2,0.4,0.4L62.8,30.1z\" style=\"\"><\/path><\/g><path class=\"payPal-style-4-st0\" d=\"M24,24.6c-1.2,0-2.1,0.8-2.3,2c-0.1,0.6,0,1.1,0.3,1.4c0.3,0.4,0.8,0.6,1.4,0.6c1.2,0,2.1-0.8,2.3-2c0.1-0.6,0-1.1-0.4-1.5C25.1,24.8,24.6,24.6,24,24.6z\" style=\"\"><\/path><\/g><\/g><\/g><\/svg><svg viewBox=\"0 0 72 52\" class=\"tcb-googlePay-card\"><g><path class=\"googlePay-style-4-st0\" d=\"M45.7,27.4c-0.6,0.4-0.8,0.9-0.8,1.5c0,0.5,0.2,1,0.7,1.3c0.4,0.4,1,0.5,1.6,0.5c0.9,0,1.7-0.3,2.3-0.9\t\tc0.7-0.6,1-1.4,1-2.2c-0.6-0.5-1.5-0.8-2.6-0.8C46.9,26.8,46.2,27,45.7,27.4z\" style=\"\"><\/path><path class=\"googlePay-style-4-st0\" d=\"M39.9,19.1c-0.5-0.6-1.3-0.9-2-0.8h-3.4v0v5.5h3.4c0.8,0,1.5-0.3,2-0.8C41,22,41,20.2,39.9,19.1\t\tC40,19.2,39.9,19.1,39.9,19.1z\" style=\"\"><\/path><path class=\"googlePay-style-4-st0\" d=\"M64.4,1H7.6C4,1,1,4,1,7.6v36.7C1,48,4,51,7.6,51h56.7c3.7,0,6.6-3,6.6-6.6V7.6C71,4,68,1,64.4,1z M23.6,31.1\t\tL23.6,31.1L23.6,31.1c-1.5,1.4-3.6,2.2-6,2.2c-3.4,0-6.6-1.9-8.1-5c-1.3-2.6-1.3-5.6,0-8.2c1.5-3.1,4.7-5,8.1-5\tc2.3,0,4.4,0.8,6.1,2.4L21.1,20c-0.9-0.9-2.2-1.4-3.5-1.4c-2.4,0-4.4,1.6-5.1,3.7c-0.4,1.1-0.4,2.3,0,3.5c0.7,2.2,2.7,3.7,5.1,3.7\t\tc1.2,0,2.3-0.3,3.1-0.9v0c1-0.6,1.6-1.6,1.8-2.8h-4.9v-3.5h8.6c0.1,0.6,0.2,1.2,0.2,1.8C26.3,27.1,25.3,29.5,23.6,31.1z M37.9,25.7\t\th-3.4v0v6.4h-2V16.3h5.4c1.3,0,2.6,0.5,3.5,1.4c0.9,0.8,1.5,2.1,1.5,3.3c0,1.3-0.5,2.5-1.5,3.4C40.4,25.3,39.3,25.7,37.9,25.7z\t\t M52.3,32.2h-1.9v-1.5h-0.1c-0.8,1.2-2,1.9-3.4,1.9c-1.2,0-2.2-0.4-3-1.1c-0.8-0.7-1.2-1.6-1.2-2.6c0-1.1,0.4-2,1.3-2.7s2-1,3.4-1\t\tc1.2,0,2.2,0.2,3,0.7v-0.5c0-0.7-0.3-1.4-0.8-1.8c-0.5-0.5-1.2-0.7-2-0.7c-1.1,0-2,0.5-2.7,1.4l-1.8-1.1c1-1.4,2.4-2.1,4.4-2.1\t\tc1.5,0,2.7,0.4,3.6,1.2c0.9,0.8,1.3,1.9,1.3,3.3V32.2z M56.7,36.9h-2.1l2.5-5.5l-4.5-10.1h2.2l3.2,7.8h0l3.1-7.8h2.2L56.7,36.9z\" style=\"\"><\/path><\/g><\/svg><svg viewBox=\"0 0 72 52\" class=\"tcb-applePay-card\"><g><path class=\"applePay-style-4-st0\" d=\"M32.8,17.2h-3l-0.1,6.6h3c2.3,0,3.6-1.2,3.6-3.3S35,17.2,32.8,17.2z\" style=\"\"><\/path><path class=\"applePay-style-4-st0\" d=\"M42,28.3c0,1.1,0.9,1.7,2.3,1.7c1.8-0.2,3.1-1.3,3.1-2.8v-0.9l-2.9,0.2C42.9,26.6,42,27.2,42,28.3z\" style=\"\"><\/path><path class=\"applePay-style-4-st0\" d=\"M63.4,0H6.6C3,0,0,3,0,6.6v36.7C0,47,3,50,6.6,50h56.7c3.7,0,6.6-3,6.6-6.6V6.6C70,3,67,0,63.4,0z M15.7,15.1\t\tc0.7-0.8,1.7-1.3,2.7-1.4c0.1,1-0.2,2.1-0.9,2.9c-0.6,0.8-1.6,1.3-2.8,1.3C14.7,16.9,15,15.9,15.7,15.1z M21,29.6\t\tc-0.8,1.1-1.6,2.2-2.8,2.2s-1.6-0.7-3-0.7c-1.4,0-1.8,0.7-3,0.7s-2.1-1.2-2.9-2.3c-1.5-2.2-2.7-6.3-1.1-9.1C9,19,10.4,18.1,12,18.1\t\tc1.2,0,2.3,0.8,3,0.8s2-0.9,3.5-0.8c1.3,0,2.5,0.7,3.4,1.7c-1.2,0.8-2,2.1-2,3.5c0,1.6,0.9,3.1,2.4,3.7C22,27.9,21.5,28.8,21,29.6z\t\t M33.3,26h-3.6v5.7h-2.6V15h6.3c3.3,0,5.5,2.2,5.5,5.5S36.6,26,33.3,26z M49.9,31.6h-2.4v-2h-0.1c-0.8,1.4-2.3,2.2-3.8,2.1\t\tc-2.4,0.1-4.1-1.3-4.1-3.5c0-2.1,1.6-3.4,4.7-3.6l3.2-0.2v-0.9c0-1.3-0.9-2.1-2.5-2.1c-1.3,0-2.3,0.7-2.5,1.7h-2.3\t\tc0.1-2.2,2.1-3.8,4.9-3.8c3,0,4.9,1.6,4.9,4V31.6z M57.9,32.4c-1,2.9-2.2,3.9-4.8,3.9c-0.3,0-0.6-0.1-1-0.1v-2c0.3,0,0.5,0,0.8,0\t\tc1.1,0,1.8-0.5,2.2-1.7l0.2-0.7l-4.4-12.2h2.7l3.1,9.9h0.1l3.1-9.9h2.6L57.9,32.4z\" style=\"\"><\/path><\/g>\n<\/svg><svg viewBox=\"0 0 72 52\" class=\"tcb-bitcoin-card\"><g><path class=\"bitcoin-style-4-st0\" d=\"M38.3,22.6c0.8-0.1,1.4-0.3,1.9-0.8c0.5-0.4,0.7-1,0.7-1.8s-0.2-1.3-0.6-1.8c-0.4-0.4-1-0.7-1.8-0.8\t\tc-0.5-0.1-1.9-0.1-4.1-0.1h-2.7v5.4h3.1C36.7,22.7,37.8,22.7,38.3,22.6z\" style=\"\"><\/path><path class=\"bitcoin-style-4-st0\" d=\"M41.2,27.9c-0.4-0.5-0.9-0.9-1.5-1.1c-0.6-0.2-2-0.3-4.2-0.3h-3.8v6.3h4.4c1.8,0,2.8,0,3.3-0.1\t\tc0.7-0.1,1.3-0.4,1.7-0.9c0.4-0.3,0.7-1,0.6-2.1C41.7,29,41.5,28.4,41.2,27.9z\" style=\"\"><\/path><path class=\"bitcoin-style-4-st0\" d=\"M63.4,0H6.6C3,0,0,3,0,6.6v36.7C0,47,3,50,6.6,50h56.7c3.7,0,6.6-3,6.6-6.6V6.6C70,3,67,0,63.4,0z M45.9,33.4\t\tc-0.5,1-1.1,1.8-2,2.4c-0.9,0.6-1.9,1-3.2,1.1c-0.5,0-1.5,0.1-2.9,0.1v3.2h-3.9V37h-2.2h-0.3v3.2h-3.9V37h-0.6h-3.6v-4h3.6V17.2\t\th-3.6v-3.9h3.6h0.6V9.8h3.9v3.5h0.3h2.2V9.8h3.9v3.5c1.1,0,2,0.1,2.7,0.2c1,0.2,1.8,0.5,2.5,1s1.3,1.2,1.8,2\t\tc0.5,0.9,0.7,1.8,0.7,2.8c0,1.1-0.3,2.1-0.9,3c-0.6,0.9-1.4,1.6-2.4,2.1c1.4,0.4,2.5,1.1,3.3,2.1s1.2,2.3,1.1,3.8\t\tC46.6,31.3,46.4,32.4,45.9,33.4z\" style=\"\"><\/path><\/g>\n<\/svg><\/div><\/div>\n<\/div><\/div><\/div><\/div><\/div>","decoration":[],"comments":[],"attr":{"class":""},"hide":0},"header":{"id":"4ea06fbc83cdd0a06020c35d50e1e89a","hide":0},"footer":{"id":"9fd81843ad7f202f26c1a174c7357585","hide":0}},"icons":[],"style":{"css":{"(min-width: 300px)":".tve-theme-__template_id__ #wrapper { --header-background-width:100%; --footer-background-width:100%; --top-background-width:100%; --bottom-background-width:100%; }.tve-theme-__template_id__ .main-container { padding: 10px !important; }.tve-theme-__template_id__ .content-section .section-content { padding: 20px 10px !important; min-height: 490px !important; }.tve-theme-__template_id__ .content-section .cart-template-wrapper { margin-top: 0px !important; margin-bottom: 0px !important; }.tve-theme-__template_id__ .sidebar-section .section-background { border: medium none; background-color: transparent !important; }.tve-theme-__template_id__ .sidebar-section .section-content { text-align: left; --tve-color:var(--tcb-skin-color-3); padding: 20px 10px !important; }.tve-theme-__template_id__ .sidebar-section { margin: 0px !important; }.tve-theme-__template_id__ .sidebar-section [data-css=\"tve-u-172dba0d1d6\"] { padding: 0px !important; }.tve-theme-__template_id__ .sidebar-section [data-css=\"tve-u-172dba3aeee\"] { font-size: 18px; width: 18px; height: 18px; border-radius: 0px; overflow: hidden; border: medium none; float: left; z-index: 3; position: relative; padding: 6px !important; margin: 0px auto 6px !important; background-color: transparent !important; }:not(#tve) .tve-theme-__template_id__ .sidebar-section [data-css=\"tve-u-172dba3aeee\"] > :first-child { color: var(--tcb-skin-color-0); }.tve-theme-__template_id__ .sidebar-section [data-css=\"tve-u-172dba3aef2\"]::after { clear: both; }:not(#tve) .tve-theme-__template_id__ .sidebar-section [data-css=\"tve-u-172dba6a799\"] { padding-bottom: 0px !important; margin-bottom: 0px !important; font-weight: var(--g-bold-weight, bold)  !important; }.tve-theme-__template_id__ .sidebar-section [data-css=\"tve-u-172dba6cff2\"] { padding: 10px 10px 10px 0px !important; margin: 0px 0px 60px !important; }.tve-theme-__template_id__ .sidebar-section [data-css=\"tve-u-172dbaca35e\"] { background-color: rgba(255, 255, 255, 0.7) !important; border: medium none !important; }.tve-theme-__template_id__ .sidebar-section [data-css=\"tve-u-172dbaec183\"] { padding: 10px 10px 10px 0px !important; margin: 0px 0px 8px !important; }.tve-theme-__template_id__ .sidebar-section [data-css=\"tve-u-172dbafa3d4\"] { padding: 10px 10px 10px 0px !important; margin: 0px !important; }.tve-theme-__template_id__ .sidebar-section [data-css=\"tve-u-172dbc577c3\"] { font-size: 18px; width: 18px; height: 18px; border-radius: 0px; overflow: hidden; border: medium none; float: left; z-index: 3; position: relative; padding: 6px !important; margin: 0px auto 6px !important; background-color: transparent !important; }:not(#tve) .tve-theme-__template_id__ .sidebar-section [data-css=\"tve-u-172dbc577c3\"] > :first-child { color: var(--tcb-skin-color-0); }.tve-theme-__template_id__ .sidebar-section [data-css=\"tve-u-172dbc577c7\"]::after { clear: both; }.tve-theme-__template_id__ .sidebar-section [data-css=\"tve-u-172dbc58322\"] { font-size: 18px; width: 18px; height: 18px; border-radius: 0px; overflow: hidden; border: medium none; float: left; z-index: 3; position: relative; padding: 6px !important; margin: 0px auto 6px !important; background-color: transparent !important; }:not(#tve) .tve-theme-__template_id__ .sidebar-section [data-css=\"tve-u-172dbc58322\"] > :first-child { color: var(--tcb-skin-color-0); }.tve-theme-__template_id__ .sidebar-section [data-css=\"tve-u-172dbc58325\"]::after { clear: both; }.tve-theme-__template_id__ .sidebar-section [data-css=\"tve-u-172dbc67291\"] { width: 500px; margin-top: 0px !important; margin-bottom: 20px !important; }.tve-theme-__template_id__ .sidebar-section [data-css=\"tve-u-172dbc67291\"] .tve_image_frame { height: 100%; }.tve-theme-__template_id__ .sidebar-section [data-css=\"tve-u-172dbf27d6c\"] { margin-left: -75px; width: 153% !important; max-width: none !important; }.tve-theme-__template_id__ .sidebar-section [data-css=\"tve-u-172dbf7020d\"] { background-color: rgba(255, 255, 255, 0.7) !important; border: medium none !important; }.tve-theme-__template_id__ .sidebar-section [data-css=\"tve-u-172dbf7277b\"] { background-color: rgba(255, 255, 255, 0.7) !important; border-top: 1px solid var(--tcb-skin-color-8)  !important; border-right: medium none !important; border-bottom: 1px solid var(--tcb-skin-color-8)  !important; border-left: medium none !important; border-image: initial !important; }.tve-theme-__template_id__ .sidebar-section .section-content p, .tve-theme-__template_id__ .sidebar-section .section-content li, .tve-theme-__template_id__ .sidebar-section .section-content label, .tve-theme-__template_id__ .sidebar-section .section-content .tcb-plain-text { color: var(--tve-color, var(--tcb-skin-color-3)); --tcb-applied-color:var$(--tcb-skin-color-3); }:not(#tve) .tve-theme-__template_id__ .sidebar-section [data-css=\"tve-u-172dbfdbc6b\"] { font-weight: var(--g-bold-weight, bold)  !important; padding-bottom: 0px !important; margin-bottom: 0px !important; }:not(#tve) .tve-theme-__template_id__ .sidebar-section [data-css=\"tve-u-172dbfdcaa3\"] { font-weight: var(--g-regular-weight, normal)  !important; padding-bottom: 0px !important; margin-bottom: 0px !important; font-size: 14px !important; }.tve-theme-__template_id__ .sidebar-section [data-css=\"tve-u-172dbfe8133\"] { margin-bottom: 20px !important; }:not(#tve) .tve-theme-__template_id__ .sidebar-section [data-css=\"tve-u-172dbfef203\"] { padding-bottom: 0px !important; margin-bottom: 0px !important; font-weight: var(--g-bold-weight, bold)  !important; }:not(#tve) .tve-theme-__template_id__ .sidebar-section [data-css=\"tve-u-172dbfefba8\"] { padding-bottom: 0px !important; margin-bottom: 0px !important; font-weight: var(--g-bold-weight, bold)  !important; }.tve-theme-__template_id__ .sidebar-section [data-css=\"tve-u-172dbff6940\"] { margin-bottom: 10px !important; }.tve-theme-__template_id__ .sidebar-section [data-css=\"tve-u-172dc03af13\"] .tcb-button-link { letter-spacing: var(--tve-letter-spacing, 1px); border: 1px solid var(--tcb-local-color-f8570); background-color: transparent !important; padding: 11px !important; }:not(#tve) .tve-theme-__template_id__ .sidebar-section [data-css=\"tve-u-172dc03af13\"] .tcb-button-link span { font-weight: var(--tve-font-weight, var(--g-regular-weight, normal)); color: var(--tve-color, var(--tcb-local-color-f8570)); --tcb-applied-color:var$(--tcb-local-color-f8570); }.tve-theme-__template_id__ .sidebar-section [data-css=\"tve-u-172dc03af13\"] { --tve-font-weight:var(--g-regular-weight, normal); --tve-letter-spacing:1px; --tve-color:var(--tcb-local-color-f8570); --tcb-local-color-ef6da:rgb(19, 114, 211); --tve-font-size:13px; float: left; z-index: 3; position: relative; --tcb-local-color-f8570:var(--tcb-skin-color-0)  !important; margin-top: 0px !important; margin-bottom: 0px !important; }:not(#tve) .tve-theme-__template_id__ .sidebar-section [data-css=\"tve-u-172dc03af13\"]:hover .tcb-button-link { border: 1px solid var(--tcb-local-color-f8570)  !important; background-color: transparent !important; background-image: linear-gradient(var(--tcb-local-color-f8570), var(--tcb-local-color-f8570))  !important; background-size: auto !important; background-position: 50% 50% !important; background-attachment: scroll !important; background-repeat: no-repeat !important; }.tve-theme-__template_id__ .sidebar-section [data-css=\"tve-u-172dc03af13\"] .tcb-button-link::after { background-color: transparent !important; background-image: linear-gradient(var(--tcb-local-color-f8570), var(--tcb-local-color-f8570))  !important; background-size: auto !important; background-position: 50% 50% !important; background-attachment: scroll !important; background-repeat: no-repeat !important; }:not(#tve) .tve-theme-__template_id__ .sidebar-section [data-css=\"tve-u-172dc03af13\"]:hover .tcb-button-link span { color: var(--tve-color, rgb(255, 255, 255))  !important; --tcb-applied-color:rgb(255, 255, 255)  !important; }:not(#tve) .tve-theme-__template_id__ .sidebar-section [data-css=\"tve-u-172dc03af13\"]:hover { --tve-color:rgb(255, 255, 255)  !important; }:not(#tve) .tve-theme-__template_id__ .sidebar-section [data-css=\"tve-u-172dc03e2dd\"] textarea, :not(#tve) .tve-theme-__template_id__ .sidebar-section [data-css=\"tve-u-172dc03e2dd\"] input { border: medium none; border-radius: 0px; overflow: hidden; background-color: rgb(248, 249, 250) !important; margin-top: 5px !important; margin-bottom: 5px !important; padding: 14px 8px !important; }:not(#tve) .tve-theme-__template_id__ .sidebar-section [data-css=\"tve-u-172dc03e2dd\"] input, :not(#tve) .tve-theme-__template_id__ .sidebar-section [data-css=\"tve-u-172dc03e2dd\"] select, :not(#tve) .tve-theme-__template_id__ .sidebar-section [data-css=\"tve-u-172dc03e2dd\"] textarea, :not(#tve) .tve-theme-__template_id__ .sidebar-section [data-css=\"tve-u-172dc03e2dd\"] ::placeholder { --tcb-applied-color:var$(--tcb-skin-color-5); font-size: var(--tve-font-size, 11px); letter-spacing: var(--tve-letter-spacing, 1px); color: var(--tve-color, var(--tcb-skin-color-5))  !important; }.tve-theme-__template_id__ .sidebar-section [data-css=\"tve-u-172dc03e2dd\"] { --tve-color:var(--tcb-skin-color-5); --tve-font-size:11px; --tve-letter-spacing:1px; }:not(#tve) .tve-theme-__template_id__ .sidebar-section [data-css=\"tve-u-172dc049543\"] { font-size: 10px !important; font-style: italic !important; color: var(--tcb-skin-color-13)  !important; --tcb-applied-color:var$(--tcb-skin-color-13)  !important; }.tve-theme-__template_id__ .sidebar-section [data-css=\"tve-u-172dc04955d\"] { --tcb-applied-color:var$(--tcb-skin-color-13)  !important; }:not(#tve) .tve-theme-__template_id__ .sidebar-section [data-css=\"tve-u-172dc03af13\"] .tcb-button-link { font-size: var(--tve-font-size, 13px)  !important; }.tve-theme-__template_id__ .sidebar-section [data-css=\"tve-u-172dc0619e9\"]::after { clear: both; }:not(#tve) .tve-theme-__template_id__ .sidebar-section [data-css=\"tve-u-172dc077b56\"] { letter-spacing: 1px; font-weight: var(--g-regular-weight, normal)  !important; padding-bottom: 0px !important; margin-bottom: 0px !important; font-size: 13px !important; color: var(--tcb-skin-color-5)  !important; --tcb-applied-color:var$(--tcb-skin-color-5)  !important; }:not(#tve) .tve-theme-__template_id__ .sidebar-section [data-css=\"tve-u-172dc081fc8\"] { font-weight: var(--g-bold-weight, bold)  !important; padding-bottom: 16px !important; margin-bottom: 0px !important; }:not(#tve) .tve-theme-__template_id__ .sidebar-section :not(#tve) [data-css=\"tve-u-172dc03e2dd\"]:hover input, :not(#tve) .tve-theme-__template_id__ .sidebar-section :not(#tve) [data-css=\"tve-u-172dc03e2dd\"]:hover select, :not(#tve) .tve-theme-__template_id__ .sidebar-section :not(#tve) [data-css=\"tve-u-172dc03e2dd\"]:hover textarea, :not(#tve) .tve-theme-__template_id__ .sidebar-section :not(#tve) [data-css=\"tve-u-172dc03e2dd\"]:hover ::placeholder { color: var(--tve-color, var(--tcb-skin-color-3))  !important; --tcb-applied-color:var$(--tcb-skin-color-3)  !important; }:not(#tve) .tve-theme-__template_id__ .sidebar-section [data-css=\"tve-u-172dc03e2dd\"]:hover { --tve-color:var(--tcb-skin-color-3)  !important; }:not(#tve) .tve-theme-__template_id__ .sidebar-section :not(#tve) [data-css=\"tve-u-172dc03e2dd\"]:hover input, :not(#tve) .tve-theme-__template_id__ .sidebar-section :not(#tve) [data-css=\"tve-u-172dc03e2dd\"]:hover select, :not(#tve) .tve-theme-__template_id__ .sidebar-section :not(#tve) [data-css=\"tve-u-172dc03e2dd\"]:hover textarea { background-color: rgb(249, 249, 249) !important; }:not(#tve) .tve-theme-__template_id__ .sidebar-section [data-css=\"tve-u-172dc03e2dd\"] input, :not(#tve) .tve-theme-__template_id__ .sidebar-section [data-css=\"tve-u-172dc03e2dd\"] select, :not(#tve) .tve-theme-__template_id__ .sidebar-section [data-css=\"tve-u-172dc03e2dd\"] textarea { background-color: rgb(248, 248, 248) !important; }.tve-theme-__template_id__ .sidebar-section [data-css=\"tve-u-172dc0acc2e\"] { margin-bottom: 60px !important; }.tve-theme-__template_id__ .sidebar-section [data-css=\"tve-u-172dc0b3b1e\"] { margin-bottom: 0px !important; }:not(#tve) .tve-theme-__template_id__ .sidebar-section [data-css=\"tve-u-172dc0b4589\"] { font-weight: var(--g-bold-weight, bold)  !important; padding-bottom: 0px !important; margin-bottom: 0px !important; }.tve-theme-__template_id__ .sidebar-section [data-css=\"tve-u-172dc0bb92c\"] .tve_social_items { font-size: 8px !important; }.tve-theme-__template_id__ .sidebar-section [data-css=\"tve-u-17300ac8dc8\"] { margin-bottom: 10px !important; }.tve-theme-__template_id__ .sidebar-section [data-css=\"tve-u-172dc0bb92c\"] { margin-bottom: 0px !important; }.tve-theme-__template_id__ .top-section .section-background { background-color: transparent !important; background-image: linear-gradient(rgba(0, 0, 0, 0.48), rgba(0, 0, 0, 0.48)), url(\"{{img=67a66b1829db0304f92e5d65fa3056d9}}\") !important; background-size: auto, cover !important; background-position: 50% 50%, 50% 50% !important; background-attachment: scroll, scroll !important; background-repeat: no-repeat, no-repeat !important; }.tve-theme-__template_id__ .top-section .section-content { display: flex; --tve-color:rgb(255, 255, 255); justify-content: center; flex-direction: column; min-height: 1px !important; padding: 14px 20px !important; }.tve-theme-__template_id__ .top-section .section-content p, .tve-theme-__template_id__ .top-section .section-content li, .tve-theme-__template_id__ .top-section .section-content label, .tve-theme-__template_id__ .top-section .section-content .tcb-plain-text { color: var(--tve-color, rgb(255, 255, 255)); --tcb-applied-color:rgb(255, 255, 255); }.tve-theme-__template_id__ .top-section [data-css=\"tve-u-172801e4840\"] { padding: 0px !important; margin-bottom: 0px !important; }:not(#tve) .tve-theme-__template_id__ .top-section [data-css=\"tve-u-1729e8c414c\"] { letter-spacing: 3px; padding-bottom: 0px !important; margin-bottom: 0px !important; font-size: 11px !important; }.tve-theme-__template_id__ .top-section [data-css=\"tve-u-172dc888df8\"] { font-size: 17px !important; }.tve-theme-__template_id__ .top-section [data-css=\"tve-u-172dc891ebe\"] { background-color: var(--tcb-skin-color-1)  !important; }.tve-theme-__template_id__ .bottom-section .section-background { background-color: var(--tcb-skin-color-9)  !important; background-image: none !important; }.tve-theme-__template_id__ .bottom-section .section-content { display: flex; flex-direction: column; min-height: 1px !important; padding: 40px 20px !important; }.tve-theme-__template_id__ .bottom-section [data-css=\"tve-u-1727fba3b1d\"] { padding: 0px !important; }.tve-theme-__template_id__ .bottom-section [data-css=\"tve-u-1727fba3b1e\"] { margin-top: 27px !important; margin-bottom: 0px !important; background-color: transparent !important; }:not(#tve) .tve-theme-__template_id__ .bottom-section [data-css=\"tve-u-1727fba3b1f\"] { letter-spacing: 2px; padding-bottom: 4px !important; margin-bottom: 0px !important; text-transform: uppercase !important; font-size: 13px !important; color: var(--tcb-skin-color-4)  !important; --tcb-applied-color:var$(--tcb-skin-color-4)  !important; font-weight: var(--g-bold-weight, bold)  !important; line-height: 1.3em !important; }.tve-theme-__template_id__ .bottom-section [data-css=\"tve-u-1727fba3b21\"] { padding: 1px !important; margin: 0px !important; }.tve-theme-__template_id__ .bottom-section [data-css=\"tve-u-1727fba3b34\"] { float: none; padding: 1px !important; margin: 0px auto !important; }.tve-theme-__template_id__ .bottom-section [data-css=\"tve-u-1727fbc11fe\"] { text-align: center; }.tve-theme-__template_id__ .bottom-section [data-css=\"tve-u-1727fbd0aca\"] { float: none; max-width: 284px; margin-left: auto !important; margin-right: auto !important; }:not(#tve) .tve-theme-__template_id__ .bottom-section [data-css=\"tve-u-1727fbde03a\"] { padding-bottom: 0px !important; margin-bottom: 0px !important; font-size: 12px !important; }.tve-theme-__template_id__ .bottom-section [data-css=\"tve-u-1727fbfa6af\"] { font-size: 28px; width: 28px; height: 28px; border-radius: 0px; overflow: hidden; border: none; float: none; z-index: 3; position: relative; padding: 1px !important; margin: 0px auto 17px !important; background-color: transparent !important; }:not(#tve) .tve-theme-__template_id__ .bottom-section [data-css=\"tve-u-1727fbfa6af\"] > :first-child { color: var(--tcb-skin-color-0); }.tve-theme-__template_id__ .bottom-section [data-css=\"tve-u-172f09fe468\"] { padding: 1px !important; margin-top: 0px !important; margin-bottom: 0px !important; }.tve-theme-__template_id__ .bottom-section [data-css=\"tve-u-172f0a01668\"] { float: none; padding: 1px !important; margin: 0px auto !important; }:not(#tve) .tve-theme-__template_id__ .bottom-section [data-css=\"tve-u-172f0a69461\"] { letter-spacing: 1px; padding-bottom: 0px !important; margin-bottom: 0px !important; font-size: 13px !important; color: var(--tcb-skin-color-3)  !important; --tcb-applied-color:var$(--tcb-skin-color-3)  !important; text-transform: uppercase !important; font-weight: var(--g-regular-weight, normal)  !important; }.tve-theme-__template_id__ .bottom-section [data-css=\"tve-u-172f0a69462\"] { padding: 0px !important; }.tve-theme-__template_id__ .bottom-section [data-css=\"tve-u-172f0a69463\"] { border-top: none; margin: 0px !important; background-color: transparent !important; }.tve-theme-__template_id__ .bottom-section [data-css=\"tve-u-172f0a69462\"] > .tcb-flex-col > .tcb-col { justify-content: center; }.tve-theme-__template_id__ .bottom-section [data-css=\"tve-u-172f0a69464\"] { max-width: 32.2%; }.tve-theme-__template_id__ .bottom-section [data-css=\"tve-u-172f0a69465\"] { max-width: 67.8%; }.tve-theme-__template_id__ .bottom-section [data-css=\"tve-u-172f0a69466\"] { padding: 0px !important; margin-bottom: 12px !important; }.tve-theme-__template_id__ .bottom-section [data-css=\"tve-u-172f0a69467\"] { background-color: var(--tcb-skin-color-0)  !important; color: rgb(255, 255, 255) !important; }.tve-theme-__template_id__ .bottom-section [data-css=\"tve-u-172f0a83b87\"] { margin-bottom: 18px !important; }.tve-theme-__template_id__ .bottom-section [data-css=\"tve-u-172f0a84889\"] { margin-bottom: 18px !important; }.tve-theme-__template_id__ .bottom-section [data-css=\"tve-u-172f0a853c7\"] { margin-bottom: 18px !important; }:not(#tve) .tve-theme-__template_id__ .bottom-section [data-css=\"tve-u-172f0a8c196\"] { letter-spacing: 2px; padding-bottom: 4px !important; margin-bottom: 0px !important; text-transform: uppercase !important; font-size: 13px !important; color: var(--tcb-skin-color-4)  !important; --tcb-applied-color:var$(--tcb-skin-color-4)  !important; font-weight: var(--g-bold-weight, bold)  !important; line-height: 1.3em !important; }:not(#tve) .tve-theme-__template_id__ .bottom-section [data-css=\"tve-u-172f0a8cbd2\"] { letter-spacing: 2px; padding-bottom: 4px !important; margin-bottom: 0px !important; text-transform: uppercase !important; font-size: 13px !important; color: var(--tcb-skin-color-4)  !important; --tcb-applied-color:var$(--tcb-skin-color-4)  !important; font-weight: var(--g-bold-weight, bold)  !important; line-height: 1.3em !important; }.tve-theme-__template_id__ .bottom-section [data-css=\"tve-u-172f0a90e52\"] { font-size: 26px; width: 26px; height: 26px; border-radius: 0px; overflow: hidden; border: none; float: none; z-index: 3; position: relative; padding: 1px !important; margin: 0px auto 17px !important; background-color: transparent !important; }:not(#tve) .tve-theme-__template_id__ .bottom-section [data-css=\"tve-u-172f0a90e52\"] > :first-child { color: var(--tcb-skin-color-0); }.tve-theme-__template_id__ .bottom-section [data-css=\"tve-u-172f0a91a27\"] { font-size: 28px; width: 28px; height: 28px; border-radius: 0px; overflow: hidden; border: none; float: none; z-index: 3; position: relative; padding: 1px !important; margin: 0px auto 17px !important; background-color: transparent !important; }:not(#tve) .tve-theme-__template_id__ .bottom-section [data-css=\"tve-u-172f0a91a27\"] > :first-child { color: var(--tcb-skin-color-0); }.tve-theme-__template_id__ .bottom-section [data-css=\"tve-u-172f0eeb18b\"] { max-width: 33.3%; }.tve-theme-__template_id__ .bottom-section [data-css=\"tve-u-172f0eeb1ce\"] { max-width: 66.7%; }.tve-theme-__template_id__ .bottom-section [data-css=\"tve-u-172f0eeed65\"] { margin-left: -20px; padding: 0px !important; }.tve-theme-__template_id__ .bottom-section [data-css=\"tve-u-172f0eef04c\"] { margin: 0px !important; }:not(#tve) .tve-theme-__template_id__ .bottom-section [data-css=\"tve-u-172f0ef6fed\"] { letter-spacing: 1px; padding-bottom: 0px !important; margin-bottom: 0px !important; font-size: 13px !important; color: var(--tcb-skin-color-3)  !important; --tcb-applied-color:var$(--tcb-skin-color-3)  !important; text-transform: uppercase !important; font-weight: var(--g-regular-weight, normal)  !important; background-color: transparent !important; }:not(#tve) .tve-theme-__template_id__ .bottom-section [data-css=\"tve-u-172f0ef89b8\"] { letter-spacing: 1px; padding-bottom: 0px !important; margin-bottom: 0px !important; font-size: 13px !important; color: var(--tcb-skin-color-3)  !important; --tcb-applied-color:var$(--tcb-skin-color-3)  !important; text-transform: uppercase !important; font-weight: var(--g-regular-weight, normal)  !important; background-color: transparent !important; }.tve-theme-__template_id__ .bottom-section [data-css=\"tve-u-172f0efadab\"] { text-align: center; background-color: rgb(255, 255, 255) !important; padding: 20px !important; }.tve-theme-__template_id__ .bottom-section [data-css=\"tve-u-172f0efd299\"] { background-color: rgb(255, 255, 255) !important; padding: 20px !important; }.tve-theme-__template_id__ .bottom-section [data-css=\"tve-u-172f0eeed65\"] > .tcb-flex-col > .tcb-col { justify-content: center; }.tve-theme-__template_id__ .bottom-section [data-css=\"tve-u-172f0f099f8\"] .tve_social_items { font-size: 13px !important; }.tve-theme-__template_id__ .bottom-section [data-css=\"tve-u-172f0eeed65\"] > .tcb-flex-col { padding-left: 20px; }.tve-theme-__template_id__ .bottom-section [data-css=\"tve-u-172f0f0bae6\"] { float: right; z-index: 3; position: relative; padding: 0px !important; }.tve-theme-__template_id__ .bottom-section [data-css=\"tve-u-172f0f0e2f7\"]::after { clear: both; }.tve-theme-__template_id__ .bottom-section [data-css=\"tve-u-172f101173c\"] .visa-style-4-st0, .tve-theme-__template_id__ .bottom-section [data-css=\"tve-u-172f101173c\"] .masterCard-style-4-st0, .tve-theme-__template_id__ .bottom-section [data-css=\"tve-u-172f101173c\"] .americanExpress-style-4-st0, .tve-theme-__template_id__ .bottom-section [data-css=\"tve-u-172f101173c\"] .payPal-style-4-st0, .tve-theme-__template_id__ .bottom-section [data-css=\"tve-u-172f101173c\"] .discover-style-4-st0, .tve-theme-__template_id__ .bottom-section [data-css=\"tve-u-172f101173c\"] .bitcoin-style-4-st0, .tve-theme-__template_id__ .bottom-section [data-css=\"tve-u-172f101173c\"] .googlePay-style-4-st0, .tve-theme-__template_id__ .bottom-section [data-css=\"tve-u-172f101173c\"] .applePay-style-4-st0 { fill: var(--tcb-skin-color-18); }.tve-theme-__template_id__ .bottom-section [data-css=\"tve-u-172f101173c\"] { float: none; margin: 0px auto 14px !important; }.tve-theme-__template_id__ .bottom-section [data-css=\"tve-u-172f1014cb7\"] { float: none; max-width: 284px; margin-left: auto !important; margin-right: auto !important; }.tve-theme-__template_id__ .bottom-section [data-css=\"tve-u-172f0f099f8\"] { margin-top: 0px !important; margin-bottom: 0px !important; }.tve-theme-__template_id__ .bottom-section [data-css=\"tve-u-1746e058966\"] { margin-top: 0px !important; margin-bottom: 0px !important; }.tve-theme-__template_id__ .bottom-section [data-css=\"tve-u-1746e058968\"] { max-width: 76.7%; }.tve-theme-__template_id__ .bottom-section [data-css=\"tve-u-1746e05896b\"] { max-width: 23.3%; }.tve-theme-__template_id__ .bottom-section [data-css=\"tve-u-1746e058967\"] > .tcb-flex-col { padding-left: 5px; }.tve-theme-__template_id__ .bottom-section [data-css=\"tve-u-1746e058967\"] { margin-left: -5px; }.tve-theme-__template_id__ .bottom-section [data-css=\"tve-u-1746e05896e\"] .tcb-button-link { letter-spacing: var(--tve-letter-spacing, 1px); border: 3px solid var(--tcb-local-color-f8570); background-color: transparent !important; padding: 16px !important; }:not(#tve) .tve-theme-__template_id__ .bottom-section [data-css=\"tve-u-1746e05896e\"] .tcb-button-link span { font-weight: var(--tve-font-weight, var(--g-bold-weight, bold)); color: var(--tve-color, var(--tcb-local-color-f8570)); --tcb-applied-color:var$(--tcb-local-color-f8570); }.tve-theme-__template_id__ .bottom-section [data-css=\"tve-u-1746e05896e\"] { --tve-font-weight:var(--g-bold-weight, bold); --tve-letter-spacing:1px; --tve-color:var(--tcb-local-color-f8570); --tcb-local-color-ef6da:rgb(19, 114, 211); --tcb-local-color-f8570:var(--tcb-local-color-bec10); }:not(#tve) .tve-theme-__template_id__ .bottom-section [data-css=\"tve-u-1746e05896e\"]:hover .tcb-button-link { border: 3px solid var(--tcb-local-color-f8570)  !important; background-color: transparent !important; background-image: linear-gradient(var(--tcb-local-color-f8570), var(--tcb-local-color-f8570))  !important; background-size: auto !important; background-position: 50% 50% !important; background-attachment: scroll !important; background-repeat: no-repeat !important; }.tve-theme-__template_id__ .bottom-section [data-css=\"tve-u-1746e05896e\"] .tcb-button-link::after { background-color: transparent !important; background-image: linear-gradient(var(--tcb-local-color-f8570), var(--tcb-local-color-f8570))  !important; background-size: auto !important; background-position: 50% 50% !important; background-attachment: scroll !important; background-repeat: no-repeat !important; }:not(#tve) .tve-theme-__template_id__ .bottom-section [data-css=\"tve-u-1746e05896e\"]:hover .tcb-button-link span { color: var(--tve-color, rgb(255, 255, 255))  !important; --tcb-applied-color:rgb(255, 255, 255)  !important; }:not(#tve) .tve-theme-__template_id__ .bottom-section [data-css=\"tve-u-1746e05896e\"]:hover { --tve-color:rgb(255, 255, 255)  !important; }.tve-theme-__template_id__ .bottom-section [data-css=\"tve-u-1746e0589dd\"] { --tcb-local-color-bec10:var(--tcb-local-color-c84a5); --form-color:--tcb-skin-color-18; float: none; --tcb-local-color-c84a5:var(--tcb-skin-color-18); margin-left: auto !important; margin-right: auto !important; }.tve-theme-__template_id__ .bottom-section #lg-keu0vizg .tve-form-button.tve-color-set { --tcb-local-color-3e1f8:var(--tcb-local-color-bec10); }.tve-theme-__template_id__ .bottom-section #lg-keu0vizg .tve-form-button { --tve-font-size:11px; --tve-letter-spacing:2px; --tve-color:var(--tcb-local-color-c84a5); --tve-applied---tve-color:var$(--tcb-local-color-c84a5); margin-top: 5px !important; margin-bottom: 5px !important; min-width: 100% !important; }:not(#tve) .tve-theme-__template_id__ .bottom-section #lg-keu0vizg .tve_lg_regular_input:not(.tcb-excluded-from-group-item) input, :not(#tve) .tve-theme-__template_id__ .bottom-section #lg-keu0vizg .tve_lg_regular_input:not(.tcb-excluded-from-group-item) textarea { border-top: none; border-right: none; border-bottom: 1px solid rgba(0, 0, 0, 0.14); border-left: none; border-image: initial; --tve-applied-border:none; border-radius: 0px; overflow: hidden; background-image: none !important; --tve-applied-background-image:none  !important; background-color: transparent !important; --tve-applied-background-color:transparent  !important; padding: 12px !important; }:not(#tve) .tve-theme-__template_id__ .bottom-section #lg-keu0vizg .tve_lg_regular_input:not(.tcb-excluded-from-group-item) input, :not(#tve) .tve-theme-__template_id__ .bottom-section #lg-keu0vizg .tve_lg_regular_input:not(.tcb-excluded-from-group-item) textarea, :not(#tve) .tve-theme-__template_id__ .bottom-section #lg-keu0vizg .tve_lg_regular_input:not(.tcb-excluded-from-group-item) ::placeholder { font-weight: var(--tve-font-weight, var(--g-regular-weight, normal)); font-family: var(--tve-font-family, Arial,Helvetica,sans-serif); font-size: var(--tve-font-size, 14px); line-height: var(--tve-line-height, 1.2em); --tcb-applied-color:rgba(0, 0, 0, 0.5); color: var(--tve-color, rgba(0, 0, 0, 0.5))  !important; --tve-applied-color:var$(--tve-color, rgba(0, 0, 0, 0.5))  !important; }.tve-theme-__template_id__ .bottom-section #lg-keu0vizg .tve_lg_regular_input:not(.tcb-excluded-from-group-item) { --tve-font-weight:var(--g-regular-weight, normal); --tve-font-family:Arial,Helvetica,sans-serif; --tve-font-size:14px; --tve-line-height:1.2em; --tve-color:rgba(0, 0, 0, 0.5); --tve-applied---tve-color:rgba(0, 0, 0, 0.5); margin-top: 0px !important; margin-bottom: 14px !important; }.tve-theme-__template_id__ .bottom-section #lg-keu0vizg .tve_lg_regular_input:not(.tcb-excluded-from-group-item) input, .tve-theme-__template_id__ .bottom-section #lg-keu0vizg .tve_lg_regular_input:not(.tcb-excluded-from-group-item) textarea { padding: 2px 0px !important; }:not(#tve) .tve-theme-__template_id__ .bottom-section #lg-keu0vizg .tve-form-button .tcb-button-link { font-size: var(--tve-font-size, 11px)  !important; }.tve-theme-__template_id__ .bottom-section #lg-keu0vizg .tve-form-button .tcb-button-link { letter-spacing: var(--tve-letter-spacing, 2px); border: 3px solid var(--tcb-local-color-c84a5); --tve-applied-border:3px solid var$(--tcb-local-color-c84a5); border-radius: 65px; overflow: hidden; padding: 12px !important; }:not(#tve) .tve-theme-__template_id__ .bottom-section #lg-keu0vizg .tve_lg_regular_input:not(.tcb-excluded-from-group-item):hover input, :not(#tve) .tve-theme-__template_id__ .bottom-section #lg-keu0vizg .tve_lg_regular_input:not(.tcb-excluded-from-group-item):hover textarea, :not(#tve) .tve-theme-__template_id__ .bottom-section #lg-keu0vizg .tve_lg_regular_input:not(.tcb-excluded-from-group-item):hover ::placeholder { color: var(--tve-color, rgba(0, 0, 0, 0.9))  !important; --tve-applied-color:var$(--tve-color, rgba(0, 0, 0, 0.9))  !important; --tcb-applied-color:rgba(0, 0, 0, 0.9)  !important; }:not(#tve) .tve-theme-__template_id__ .bottom-section #lg-keu0vizg .tve_lg_regular_input:not(.tcb-excluded-from-group-item):hover { --tve-color:rgba(0, 0, 0, 0.9)  !important; --tve-applied---tve-color:rgba(0, 0, 0, 0.9)  !important; }:not(#tve) .tve-theme-__template_id__ .bottom-section #lg-keu0vizg .tve_lg_regular_input:not(.tcb-excluded-from-group-item):hover input, :not(#tve) .tve-theme-__template_id__ .bottom-section #lg-keu0vizg .tve_lg_regular_input:not(.tcb-excluded-from-group-item):hover textarea { border-bottom: 1px solid var(--tcb-local-color-c84a5)  !important; }:not(#tve) .tve-theme-__template_id__ .bottom-section #lg-keu0vizg .tve-form-button .tcb-button-link span { color: var(--tve-color, var(--tcb-local-color-c84a5)); --tve-applied-color:var$(--tve-color, var$(--tcb-local-color-c84a5)); --tcb-applied-color:var$(--tcb-local-color-c84a5); }:not(#tve) .tve-theme-__template_id__ .bottom-section #lg-keu0vizg .tve-form-button:hover .tcb-button-link { background-image: linear-gradient(var(--tcb-local-color-c84a5), var(--tcb-local-color-c84a5))  !important; background-size: auto !important; background-position: 50% 50% !important; background-attachment: scroll !important; background-repeat: no-repeat !important; --tve-applied-background-image:linear-gradient(var$(--tcb-local-color-c84a5), var$(--tcb-local-color-c84a5))  !important; }:not(#tve) .tve-theme-__template_id__ .bottom-section #lg-keu0vizg .tve-form-button:hover .tcb-button-link span { color: var(--tve-color, rgb(255, 255, 255))  !important; --tve-applied-color:var$(--tve-color, rgb(255, 255, 255))  !important; --tcb-applied-color:rgb(255, 255, 255)  !important; }:not(#tve) .tve-theme-__template_id__ .bottom-section #lg-keu0vizg .tve-form-button:hover { --tve-color:rgb(255, 255, 255)  !important; --tve-applied---tve-color:rgb(255, 255, 255)  !important; }.tve-theme-__template_id__ .bottom-section [data-css=\"tve-u-1746e058967\"] > .tcb-flex-col > .tcb-col { justify-content: center; }:not(#tve) .tve-theme-__template_id__ .bottom-section #lg-keu0vizg .tve_lg_regular_input:not(.tcb-excluded-from-group-item) { margin-top: 5px !important; margin-bottom: 5px !important; }","(max-width: 1023px)":".tve-theme-__template_id__ .main-container { padding: 20px !important; }.tve-theme-__template_id__ .content-section .section-content { min-height: 1px !important; }.tve-theme-__template_id__ .sidebar-section .section-content { padding: 20px 10px !important; }.tve-theme-__template_id__ .sidebar-section { margin: 0px !important; }.tve-theme-__template_id__ .sidebar-section [data-css=\"tve-u-172dbc67291\"] { width: 320px; float: none; margin-left: auto !important; margin-right: auto !important; }.tve-theme-__template_id__ .sidebar-section [data-css=\"tve-u-172dbf27d6c\"] { margin-left: -2px; }.tve-theme-__template_id__ .sidebar-section [data-css=\"tve-u-17300ac8dc8\"] { float: none; max-width: 320px; margin-left: auto !important; margin-right: auto !important; }.tve-theme-__template_id__ .sidebar-section [data-css=\"tve-u-172dbfe8133\"] { float: none; max-width: 320px; margin-left: auto !important; margin-right: auto !important; }.tve-theme-__template_id__ .sidebar-section [data-css=\"tve-u-172dbaec183\"] { float: none; max-width: 320px; margin-left: auto !important; margin-right: auto !important; }.tve-theme-__template_id__ .sidebar-section [data-css=\"tve-u-172dbafa3d4\"] { float: none; max-width: 320px; margin-left: auto !important; margin-right: auto !important; }.tve-theme-__template_id__ .sidebar-section [data-css=\"tve-u-172dba6cff2\"] { float: none; max-width: 320px; margin-left: auto !important; margin-right: auto !important; }.tve-theme-__template_id__ .sidebar-section [data-css=\"tve-u-172dbff6940\"] { float: none; margin-left: auto !important; margin-right: auto !important; padding-top: 12px !important; border-top: 1px solid rgba(0, 0, 0, 0.08) !important; }.tve-theme-__template_id__ .sidebar-section [data-css=\"tve-u-172dc0b3b1e\"] { float: none; margin-left: auto !important; margin-right: auto !important; }.tve-theme-__template_id__ .sidebar-section [data-css=\"tve-u-172dc0bb92c\"] { float: left; z-index: 3; position: relative; margin-left: auto !important; margin-right: auto !important; }.tve-theme-__template_id__ .sidebar-section [data-css=\"tve-u-172dc0acc2e\"] { float: none; margin-left: auto !important; margin-right: auto !important; }.tve-theme-__template_id__ .sidebar-section [data-css=\"tve-u-17300aec9c9\"]::after { clear: both; }.tve-theme-__template_id__ .top-section .section-content { padding-left: 40px !important; padding-right: 40px !important; }.tve-theme-__template_id__ .bottom-section [data-css=\"tve-u-1727fba3b1d\"] { flex-wrap: nowrap !important; }.tve-theme-__template_id__ .bottom-section [data-css=\"tve-u-1727fba3b1e\"] { margin-bottom: 30px !important; }.tve-theme-__template_id__ .bottom-section [data-css=\"tve-u-172f0a83b87\"] { margin-bottom: 8px !important; }.tve-theme-__template_id__ .bottom-section [data-css=\"tve-u-172f0a84889\"] { margin-bottom: 8px !important; }.tve-theme-__template_id__ .bottom-section [data-css=\"tve-u-172f0a853c7\"] { margin-bottom: 8px !important; }:not(#tve) .tve-theme-__template_id__ .bottom-section [data-css=\"tve-u-172f0a8c196\"] { padding-bottom: 0px !important; margin-bottom: 0px !important; font-size: 11px !important; }:not(#tve) .tve-theme-__template_id__ .bottom-section [data-css=\"tve-u-172f0a8cbd2\"] { padding-bottom: 0px !important; margin-bottom: 0px !important; font-size: 11px !important; }:not(#tve) .tve-theme-__template_id__ .bottom-section [data-css=\"tve-u-1727fba3b1f\"] { padding-bottom: 0px !important; margin-bottom: 0px !important; font-size: 11px !important; }.tve-theme-__template_id__ .bottom-section [data-css=\"tve-u-172f0a90e52\"] { font-size: 24px; width: 24px; height: 24px; }.tve-theme-__template_id__ .bottom-section [data-css=\"tve-u-172f0a91a27\"] { font-size: 26px; width: 26px; height: 26px; }.tve-theme-__template_id__ .bottom-section [data-css=\"tve-u-1727fbfa6af\"] { font-size: 26px; width: 26px; height: 26px; }.tve-theme-__template_id__ .bottom-section .section-content { padding: 20px 40px !important; }.tve-theme-__template_id__ .bottom-section [data-css=\"tve-u-172f0eeb18b\"] { max-width: 32.9%; }.tve-theme-__template_id__ .bottom-section [data-css=\"tve-u-172f0eeb1ce\"] { max-width: 67.1%; }.tve-theme-__template_id__ .bottom-section [data-css=\"tve-u-172f101173c\"] { font-size: 14px; margin-bottom: 0px !important; }:not(#tve) .tve-theme-__template_id__ .bottom-section [data-css=\"tve-u-172f0a69461\"] { font-size: 11px !important; }:not(#tve) .tve-theme-__template_id__ .bottom-section [data-css=\"tve-u-172f0ef89b8\"] { font-size: 11px !important; }:not(#tve) .tve-theme-__template_id__ .bottom-section [data-css=\"tve-u-172f0ef6fed\"] { font-size: 11px !important; }.tve-theme-__template_id__ .bottom-section [data-css=\"tve-u-172f0f099f8\"] .tve_social_items { font-size: 12px !important; }.tve-theme-__template_id__ .bottom-section [data-css=\"tve-u-1746e058968\"] { max-width: 40.2%; }.tve-theme-__template_id__ .bottom-section [data-css=\"tve-u-1746e05896b\"] { max-width: 59.8%; }.tve-theme-__template_id__ .bottom-section [data-css=\"tve-u-1746e0589dd\"] { max-width: 100% !important; }","(max-width: 767px)":".tve-theme-__template_id__ .main-container { padding: 10px !important; }.tve-theme-__template_id__ .sidebar-section .section-content { padding: 20px 10px 10px !important; }.tve-theme-__template_id__ .sidebar-section { margin-left: 0px !important; margin-right: 0px !important; margin-bottom: 0px !important; }.tve-theme-__template_id__ .sidebar-section [data-css=\"tve-u-172dba3aeee\"] { float: left; z-index: 3; position: relative; font-size: 18px; width: 18px; height: 18px; padding: 18px !important; }.tve-theme-__template_id__ .sidebar-section [data-css=\"tve-u-172dbc577c3\"] { float: left; z-index: 3; position: relative; font-size: 18px; width: 18px; height: 18px; padding: 18px !important; }.tve-theme-__template_id__ .sidebar-section [data-css=\"tve-u-172dbc58322\"] { float: left; z-index: 3; position: relative; font-size: 18px; width: 18px; height: 18px; padding: 18px !important; }.tve-theme-__template_id__ .sidebar-section [data-css=\"tve-u-172dbc577c7\"]::after { clear: both; }.tve-theme-__template_id__ .sidebar-section [data-css=\"tve-u-172dbc58325\"]::after { clear: both; }.tve-theme-__template_id__ .sidebar-section [data-css=\"tve-u-172dba3aef2\"]::after { clear: both; }.tve-theme-__template_id__ .top-section .section-content { padding: 10px 20px !important; }.tve-theme-__template_id__ .bottom-section [data-css=\"tve-u-1727fba3b34\"] { margin-bottom: 15px !important; }.tve-theme-__template_id__ .bottom-section [data-css=\"tve-u-1727fba3b1d\"] { flex-wrap: wrap !important; }.tve-theme-__template_id__ .bottom-section [data-css=\"tve-u-1727fba3b1d\"] > .tcb-flex-col { flex-basis: 148px !important; }.tve-theme-__template_id__ .bottom-section [data-css=\"tve-u-1727fbfa6af\"] { float: none; z-index: 3; position: relative; font-size: 24px; width: 24px; height: 24px; padding: 1px !important; margin-left: auto !important; margin-right: auto !important; }.tve-theme-__template_id__ .bottom-section [data-css=\"tve-u-172f09fe468\"] { margin-bottom: 0px !important; }.tve-theme-__template_id__ .bottom-section [data-css=\"tve-u-172f0a01668\"] { margin-bottom: 15px !important; }.tve-theme-__template_id__ .bottom-section [data-css=\"tve-u-172f0a90e52\"] { float: none; z-index: 3; position: relative; font-size: 22px; width: 22px; height: 22px; padding: 1px !important; margin-left: auto !important; margin-right: auto !important; }.tve-theme-__template_id__ .bottom-section [data-css=\"tve-u-172f0a91a27\"] { float: none; z-index: 3; position: relative; font-size: 24px; width: 24px; height: 24px; padding: 1px !important; margin-left: auto !important; margin-right: auto !important; }.tve-theme-__template_id__ .bottom-section .section-content { padding-left: 20px !important; padding-right: 20px !important; padding-bottom: 30px !important; }.tve-theme-__template_id__ .bottom-section [data-css=\"tve-u-1727fba3b1e\"] { margin-bottom: 0px !important; }.tve-theme-__template_id__ .bottom-section [data-css=\"tve-u-172f0a69466\"] { margin-bottom: 14px !important; }.tve-theme-__template_id__ .bottom-section [data-css=\"tve-u-172f0f0bae6\"] { margin-bottom: 20px !important; }.tve-theme-__template_id__ .bottom-section #lg-keu0vizg .tve_lg_regular_input:not(.tcb-excluded-from-group-item) { margin-bottom: 14px !important; margin-top: 0px !important; }.tve-theme-__template_id__ .bottom-section #lg-keu0vizg .tve_lg_regular_input:not(.tcb-excluded-from-group-item) input, .tve-theme-__template_id__ .bottom-section #lg-keu0vizg .tve_lg_regular_input:not(.tcb-excluded-from-group-item) textarea { padding-top: 0px !important; }"},"fonts":[],"dynamic":[]},"format":"standard","tag":"5f17f756c28f0","no_search_results":"","primary_template":"singular","secondary_template":"cart","variable_template":""},"post_status":"publish"}]