{"778609db5dc7e1a8315717a9cdd8fd6f":{"ID":"2316","post_title":"Post Title and Search","post_type":"thrive_section","post_status":"publish","meta_input":{"skin_tag":"q1qj01","content":"<div class=\"thrv_wrapper thrv_contentbox_shortcode thrv-content-box tve-elem-default-pad\" data-css=\"tve-u-17058dcf5f6\" style=\"\">\n\t<div class=\"tve-content-box-background\"><\/div>\n\t<div class=\"tve-cb\" style=\"\" data-css=\"tve-u-17058ddd8f2\"><div class=\"thrv_wrapper thrv_text_element\" style=\"\" data-css=\"tve-u-1705d52028a\"><h2 class=\"\" data-css=\"tve-u-1705d534173\"><span class=\"thrive-shortcode-content\" data-attr-link=\"0\" data-attr-rel=\"0\" data-attr-target=\"0\" data-extra_key=\"\" data-option-inline=\"1\" data-shortcode=\"tcb_post_title\" data-shortcode-name=\"Post title\">[tcb_post_title link='0' rel='0' target='0' inline='1']<\/span><\/h2><\/div><div class=\"thrv_wrapper thrv_text_element\" style=\"margin-top: 0px !important;\" data-css=\"tve-u-1705d53f2b6\"><p class=\"tcb-global-text-\" data-css=\"tve-u-1705d59431b\">Discover our latest news and events!<\/p><\/div>[tcb_search_form data-css-form='tve-u-1705d54143e' data-ct='search_form-55906' data-ct-name='Search 10' data-css-input='tve-u-1705d541442' input-placeholder='Search Here...' data-css-submit='tve-u-1705d54143f' button-layout='icon' button-label='Search' data-css-icon='tve-u-1705d541441' button-icon='<svg class=\"tcb-icon\" viewBox=\"0 0 512 512\" data-id=\"icon-search-regular\" data-name=\"\" style=\"\">\n            <path d=\"M508.5 468.9L387.1 347.5c-2.3-2.3-5.3-3.5-8.5-3.5h-13.2c31.5-36.5 50.6-84 50.6-136C416 93.1 322.9 0 208 0S0 93.1 0 208s93.1 208 208 208c52 0 99.5-19.1 136-50.6v13.2c0 3.2 1.3 6.2 3.5 8.5l121.4 121.4c4.7 4.7 12.3 4.7 17 0l22.6-22.6c4.7-4.7 4.7-12.3 0-17zM208 368c-88.4 0-160-71.6-160-160S119.6 48 208 48s160 71.6 160 160-71.6 160-160 160z\"><\/path>\n        <\/svg>' post-types='{\"post\":\"Post\",\"page\":\"Page\"}'][\/tcb_search_form]<\/div>\n<\/div>","type":"top","singular":"1","template_type":"singular","style":{"css":{"(min-width: 300px)":"{{css_export_placeholder}} .section-background { background-color: rgb(255, 255, 255) !important; background-image: none !important; }{{css_export_placeholder}} .section-content { display: flex; flex-direction: column; text-align: center; justify-content: center; padding: 40px 20px !important; min-height: 300px !important; }{{css_export_placeholder}} [data-css=\"tve-u-17058dcf5f6\"] { float: none; width: 50%; margin: 0px auto !important; padding: 0px !important; }:not(#tve) {{css_export_placeholder}} .thrv-content-box [data-css=\"tve-u-17058ddd8f2\"] p, :not(#tve) {{css_export_placeholder}} .thrv-content-box [data-css=\"tve-u-17058ddd8f2\"] li, :not(#tve) {{css_export_placeholder}} .thrv-content-box [data-css=\"tve-u-17058ddd8f2\"] blockquote, :not(#tve) {{css_export_placeholder}} .thrv-content-box [data-css=\"tve-u-17058ddd8f2\"] address, :not(#tve) {{css_export_placeholder}} .thrv-content-box [data-css=\"tve-u-17058ddd8f2\"] .tcb-plain-text, :not(#tve) {{css_export_placeholder}} .thrv-content-box [data-css=\"tve-u-17058ddd8f2\"] label, :not(#tve) {{css_export_placeholder}} .thrv-content-box [data-css=\"tve-u-17058ddd8f2\"] h1, :not(#tve) {{css_export_placeholder}} .thrv-content-box [data-css=\"tve-u-17058ddd8f2\"] h2, :not(#tve) {{css_export_placeholder}} .thrv-content-box [data-css=\"tve-u-17058ddd8f2\"] h3, :not(#tve) {{css_export_placeholder}} .thrv-content-box [data-css=\"tve-u-17058ddd8f2\"] h4, :not(#tve) {{css_export_placeholder}} .thrv-content-box [data-css=\"tve-u-17058ddd8f2\"] h5, :not(#tve) {{css_export_placeholder}} .thrv-content-box [data-css=\"tve-u-17058ddd8f2\"] h6 { color: var(--tve-color, rgb(106, 107, 108)); --tcb-applied-color:rgb(106, 107, 108); }{{css_export_placeholder}} [data-css=\"tve-u-17058ddd8f2\"] { --tve-color:rgb(106, 107, 108); }{{css_export_placeholder}} [data-css=\"tve-u-1705d52028a\"] { margin-bottom: 10px !important; }:not(#tve) {{css_export_placeholder}} [data-css=\"tve-u-1705d534173\"] { color: var(--tcb-skin-color-4)  !important; --tcb-applied-color:var$(--tcb-skin-color-4)  !important; padding-bottom: 0px !important; margin-bottom: 0px !important; }{{css_export_placeholder}} [data-css=\"tve-u-1705d53f2b6\"] { margin-bottom: 30px !important; }{{css_export_placeholder}} [data-css=\"tve-u-1705d54143e\"] { border: 1px solid var(--tcb-skin-color-14); border-radius: 5px; overflow: hidden; float: none; padding: 12px !important; margin: 0px auto !important; }:not(#tve) {{css_export_placeholder}} [data-css=\"tve-u-1705d54143f\"] button { color: var(--tve-color, var(--tcb-skin-color-0)); --tcb-applied-color:var$(--tcb-skin-color-0); font-size: var(--tve-font-size, 15px); font-weight: var(--tve-font-weight, var(--g-bold-weight, bold)); letter-spacing: 1px; border-left: 1px solid rgb(186, 186, 186); text-transform: var(--tve-text-transform, none); background-color: transparent !important; padding: 6px !important; }:not(#tve) {{css_export_placeholder}} [data-css=\"tve-u-1705d54143f\"]:hover button { color: rgb(57, 163, 209) !important; --tcb-applied-color:rgb(57, 163, 209)  !important; }{{css_export_placeholder}} [data-css=\"tve-u-1705d541441\"] { padding-left: 10px !important; padding-right: 10px !important; }:not(#tve) {{css_export_placeholder}} [data-css=\"tve-u-1705d541442\"] input { border: none; border-radius: 0px; overflow: hidden; color: rgba(0, 0, 0, 0.65); --tcb-applied-color:rgba(0, 0, 0, 0.65); font-size: 12px; }{{css_export_placeholder}} [data-css=\"tve-u-1705d541442\"] input { letter-spacing: 1px; padding: 4px !important; background-color: transparent !important; }:not(#tve) {{css_export_placeholder}} [data-css=\"tve-u-1705d541442\"]:hover input { color: rgba(0, 0, 0, 0.85) !important; --tcb-applied-color:rgba(0, 0, 0, 0.85)  !important; }{{css_export_placeholder}} [data-css=\"tve-u-1705d54143f\"] { --tve-color:var(--tcb-skin-color-0); --tve-font-weight:var(--g-bold-weight, bold); --tve-font-size:15px; --tve-text-transform:none; }:not(#tve) {{css_export_placeholder}} [data-css=\"tve-u-1705d541441\"]:hover > :first-child { color: var(--tcb-skin-color-4)  !important; }:not(#tve) {{css_export_placeholder}} [data-css=\"tve-u-1705d541441\"] > :first-child { color: var(--tcb-skin-color-0); }:not(#tve) {{css_export_placeholder}} [data-css=\"tve-u-1705d59431b\"] { padding-bottom: 0px !important; margin-bottom: 0px !important; padding-top: 0px !important; margin-top: 0px !important; }","(max-width: 1023px)":"{{css_export_placeholder}} .section-content { justify-content: center; display: flex; flex-direction: column; min-height: 250px !important; padding: 20px 40px !important; }{{css_export_placeholder}} [data-css=\"tve-u-17058dcf5f6\"] { width: 80%; }:not(#tve) {{css_export_placeholder}} [data-css=\"tve-u-1705d59431b\"] { padding-bottom: 0px !important; margin-bottom: 0px !important; padding-top: 0px !important; margin-top: 0px !important; }","(max-width: 767px)":"{{css_export_placeholder}} .section-content { padding: 20px !important; min-height: 186px !important; }{{css_export_placeholder}} .section-background { background-position: 50% 50%, 50% 50% !important; }{{css_export_placeholder}} [data-css=\"tve-u-1705d541441\"] { padding-left: 10px !important; padding-right: 0px !important; }{{css_export_placeholder}} [data-css=\"tve-u-17058dcf5f6\"] { width: 100%; }{{css_export_placeholder}} [data-css=\"tve-u-1705d53f2b6\"] { margin-bottom: 20px !important; }:not(#tve) {{css_export_placeholder}} [data-css=\"tve-u-1705d59431b\"] { padding-top: 0px !important; margin-top: 0px !important; padding-bottom: 0px !important; margin-bottom: 0px !important; }"},"fonts":[],"dynamic":[]},"icons":[],"decoration":[],"comments":[],"attr":{"class":""}}}}