{"e07bceab69529b0f0b43625953fbf2a0":{"ID":"2949","post_title":"Lead Generation 05","post_type":"thrive_section","post_status":"publish","meta_input":{"skin_tag":"q1qj01","content":"<div class=\"thrv_wrapper thrv_text_element\" data-css=\"tve-u-16efa12ec05\"><h2 dir=\"ltr\" class=\"\" style=\"\" data-css=\"tve-u-17080444352\">Subscribe to Receive the Latest Updates<\/h2><\/div><div class=\"thrv_wrapper thrv_text_element\" style=\"\" data-css=\"tve-u-16efa161c92\"><p data-css=\"tve-u-16efa13c35c\" style=\"font-size: 16px !important;\">Lorem ipsum dolor sit amet, consectetur adipiscing elit, sed do eiusmod tempor incididunt ut labore et dolore magna aliqua. Ut enim ad minim&nbsp;<\/p><\/div><div class=\"thrv_wrapper thrv_lead_generation\" data-connection=\"api\" style=\"\" data-css=\"tve-u-17077f1c545\"><input type=\"hidden\" class=\"tve-lg-err-msg\" value=\"{&quot;email&quot;:&quot;Email address invalid&quot;,&quot;phone&quot;:&quot;Phone number invalid&quot;,&quot;password&quot;:&quot;Password invalid&quot;,&quot;passwordmismatch&quot;:&quot;Password mismatch error&quot;,&quot;required&quot;:&quot;Required field missing&quot;}\">\n\t<div class=\"thrv_lead_generation_container tve_clearfix\">\n\t\t<form action=\"#\" method=\"post\" novalidate=\"\">\n\t\t\t<div class=\"tve_lead_generated_inputs_container tve_clearfix\">\n\t\t\t\t\n\t\t\t\t\n\t\t\t\t<div class=\"thrv_wrapper thrv-columns\" style=\"\" data-css=\"tve-u-17077ede27c\"><div class=\"tcb-flex-row tcb--cols--2 tcb-resized\"><div class=\"tcb-flex-col\" data-css=\"tve-u-17077ed9dca\" style=\"\"><div class=\"tcb-col\"><div class=\"tve_lg_input_container tve_lg_input\" data-css=\"tve-u-17077eabb4e\" style=\"\" data-tcb_hover_state_parent=\"\">\n\t\t\t\t\t<input type=\"email\" data-field=\"email\" data-required=\"1\" data-validation=\"email\" name=\"email\" placeholder=\"Email\" data-placeholder=\"Email\" style=\"\">\n\t\t\t\t<\/div><\/div><\/div><div class=\"tcb-flex-col\" data-css=\"tve-u-17077ed9e22\" style=\"\"><div class=\"tcb-col\"><div class=\"tve_lg_input_container tve_submit_container tve_lg_submit\" data-css=\"tve-u-17077edaffb\" style=\"\" data-tcb_hover_state_parent=\"\">\n\t\t\t\t\t<button type=\"submit\" class=\"\" style=\"padding: 14px !important;\">Sign Up<\/button>\n\t\t\t\t<\/div><\/div><\/div><\/div><\/div>\n\t\t\t<\/div>\n\t\t\t<input id=\"_submit_option\" type=\"hidden\" name=\"_submit_option\" value=\"redirect\">\n\t\t\t<input id=\"_back_url\" type=\"hidden\" name=\"_back_url\" value=\"#\">\n\t\t<input id=\"_autofill\" type=\"hidden\" name=\"_autofill\" value=\"\"><input type=\"hidden\" id=\"tve_mapping\" name=\"tve_mapping\" value=\"YTowOnt9\"><input type=\"hidden\" id=\"tve_labels\" name=\"tve_labels\" value=\"YToxOntzOjU6ImVtYWlsIjtzOjU6IkVtYWlsIjt9\"><\/form>\n\t<\/div>\n<\/div>","type":"bottom","singular":"1","template_type":"","style":{"css":{"(min-width: 300px)":"{{css_export_placeholder}} .section-background { background-color: rgb(255, 255, 255) !important; background-image: linear-gradient(rgba(0, 0, 0, 0.85), rgba(0, 0, 0, 0.85)), url(\"{{img=4c2c53ee02334a2a4b277d829e54923f}}\") !important; background-size: auto, cover !important; background-position: 50% 50%, 50% 50% !important; background-attachment: scroll, scroll !important; background-repeat: no-repeat, no-repeat !important; }{{css_export_placeholder}} .section-content { text-align: center; justify-content: center; display: flex; flex-direction: column; min-height: 1px !important; padding: 40px 20px 60px !important; }{{css_export_placeholder}} [data-css=\"tve-u-16efa12ec05\"] { padding: 0px !important; background-color: transparent !important; margin-bottom: 20px !important; }{{css_export_placeholder}} .section-content p, {{css_export_placeholder}} .section-content li, {{css_export_placeholder}} .section-content label, {{css_export_placeholder}} .section-content .tcb-plain-text { color: rgb(255, 255, 255); --tcb-applied-color:rgb(255, 255, 255); }:not(#tve) {{css_export_placeholder}} [data-css=\"tve-u-16efa13c35c\"] { padding-bottom: 0px !important; margin-bottom: 0px !important; padding-top: 0px !important; margin-top: 0px !important; font-size: 16px !important; color: rgba(255, 255, 255, 0.8) !important; --tcb-applied-color:rgba(255, 255, 255, 0.8)  !important; }{{css_export_placeholder}} [data-css=\"tve-u-16efa161c92\"] { max-width: 650px; float: none; padding: 0px !important; margin: 0px auto 40px !important; }{{css_export_placeholder}} { margin-top: 0px !important; margin-bottom: 0px !important; }:not(#tve) {{css_export_placeholder}} [data-css=\"tve-u-17077eabb4e\"] input, :not(#tve) {{css_export_placeholder}} [data-css=\"tve-u-17077eabb4e\"] select { border-radius: 0px; overflow: hidden; border-top: none; border-right: none; border-bottom: 1px solid rgba(255, 255, 255, 0.25); border-left: none; border-image: initial; font-family: var(--tve-font-family, Muli); font-size: var(--tve-font-size, 12px); letter-spacing: var(--tve-letter-spacing, 2px); margin-top: 0px !important; margin-bottom: 0px !important; padding: 14px 14px 14px 0px !important; background-color: transparent !important; }:not(#tve) {{css_export_placeholder}} [data-css=\"tve-u-17077eabb4e\"] input, :not(#tve) {{css_export_placeholder}} [data-css=\"tve-u-17077eabb4e\"] input::placeholder, :not(#tve) {{css_export_placeholder}} [data-css=\"tve-u-17077eabb4e\"] select { --tcb-applied-color:rgb(255, 255, 255); font-weight: var(--tve-font-weight, var(--g-regular-weight, normal)); color: var(--tve-color, rgb(255, 255, 255))  !important; }{{css_export_placeholder}} [data-css=\"tve-u-17077eabb4e\"] { --tve-color:rgb(255, 255, 255); --tve-font-weight:var(--g-regular-weight, normal); --tve-font-family:Muli; --g-regular-weight:300; --g-bold-weight:500; --tve-font-size:12px; --tve-letter-spacing:2px; }{{css_export_placeholder}} [data-css=\"tve-u-17077ed9dca\"] { max-width: 69.3%; }{{css_export_placeholder}} [data-css=\"tve-u-17077ed9e22\"] { max-width: 30.7%; }:not(#tve) {{css_export_placeholder}} [data-css=\"tve-u-17077edaffb\"] button { font-weight: var(--tve-font-weight, var(--g-bold-weight, bold)); font-family: var(--tve-font-family, Muli); font-size: var(--tve-font-size, 12px); letter-spacing: var(--tve-letter-spacing, 2px); border: 1px solid var(--tcb-skin-color-0); margin: 0px !important; padding: 14px !important; background-color: var(--tcb-skin-color-0)  !important; }{{css_export_placeholder}} [data-css=\"tve-u-17077ede27c\"] { margin: 0px !important; }{{css_export_placeholder}} [data-css=\"tve-u-17077f1c545\"] { float: none; padding: 0px !important; margin: 0px auto !important; min-width: 484px !important; }:not(#tve) {{css_export_placeholder}} [data-css=\"tve-u-17077eabb4e\"]:hover input, :not(#tve) {{css_export_placeholder}} [data-css=\"tve-u-17077eabb4e\"]:hover select { border-bottom: 1px solid rgb(255, 255, 255) !important; }{{css_export_placeholder}} [data-css=\"tve-u-17077edaffb\"] { --tve-font-weight:var(--g-bold-weight, bold); --tve-font-family:Muli; --g-regular-weight:300; --g-bold-weight:800; --tve-font-size:12px; --tve-letter-spacing:2px; }:not(#tve) {{css_export_placeholder}} [data-css=\"tve-u-17077edaffb\"]:hover button { background-color: var(--tcb-skin-color-0)  !important; background-image: linear-gradient(rgba(255, 255, 255, 0.06), rgba(255, 255, 255, 0.06)) !important; background-size: auto !important; background-position: 50% 50% !important; background-attachment: scroll !important; background-repeat: no-repeat !important; border-bottom: 1px solid var(--tcb-skin-color-0)  !important; }:not(#tve) {{css_export_placeholder}} [data-css=\"tve-u-17080444352\"] { color: rgb(255, 255, 255) !important; --tcb-applied-color:rgb(255, 255, 255) !important; padding-bottom: 0px !important; margin-bottom: 0px !important; }","(max-width: 1023px)":"{{css_export_placeholder}} { margin-bottom: 0px !important; margin-top: 0px !important; }{{css_export_placeholder}} .section-content { padding-left: 40px !important; padding-right: 40px !important; }","(max-width: 767px)":"{{css_export_placeholder}} [data-css=\"tve-u-16efa161c92\"] { min-width: 100%; margin-bottom: 15px !important; margin-top: 0px !important; }{{css_export_placeholder}} [data-css=\"tve-u-16efa12ec05\"] { margin-bottom: 20px !important; }{{css_export_placeholder}} .section-content { padding: 40px 20px !important; }{{css_export_placeholder}} [data-css=\"tve-u-17077f1c545\"] { min-width: 100% !important; }:not(#tve) {{css_export_placeholder}} [data-css=\"tve-u-17077eabb4e\"] input, :not(#tve) {{css_export_placeholder}} [data-css=\"tve-u-17077eabb4e\"] select { margin-bottom: 14px !important; }"},"fonts":["@import url(\"https:\/\/fonts.googleapis.com\/css?family=Muli:300,300i,800,800i,400,400i,500,500i,600,900,700,200,600i&subset=latin\");","@import url(\"https:\/\/fonts.googleapis.com\/css?family=Muli:400,400i,800,800i,500,500i,600,300,900,700,200,600i,700i,300i,900i&subset=latin\");","@import url(\"https:\/\/fonts.googleapis.com\/css?family=Muli:300,500,400,600,800,700,200,900,400i,600i,500i,300i,700i,800i,900i&subset=latin\");"],"dynamic":[]},"icons":[],"decoration":[],"comments":[],"tve_globals":"","attr":{"class":""}}}}