{"4ea06fbc83cdd0a06020c35d50e1e89a":{"name":"770.png","folder":"symbols","h":23,"w":600,"custom_subdir":1},"9fd81843ad7f202f26c1a174c7357585":{"name":"297.png","folder":"symbols","h":112,"w":600,"custom_subdir":1},"c527601f9454555cb914fec91805adab":{"name":"WooCommerce-Sidebar-texture02.jpg"},"fc5e6e9d7b4e127f22fb44fe643b9c09":{"name":"Woocommerce_toptexture12.jpg"},"14e06b90df035a4230e87d91f55ad743":{"name":"WooCommerce-Pattern-11.jpg"},"2c7473f485961a525b4625538be4284d":{"name":"WooCommerce_obj-08.jpg"},"69f62956429865909921fa916d61c1f8":{"name":"5139.png","folder":"thrive-theme\/preview","h":300,"w":300,"custom_subdir":1}}