{"db8e1af0cb3aca1ae2d0018624204529":{"ID":"276","post_title":"Boxed Layout- No sidebar","post_type":"thrive_layout","meta_input":{"style":{"css":{"(min-width: 300px)":".thrive-layout-db8e1af0cb3aca1ae2d0018624204529 .main-container .sidebar-section { width: 28.51%; }.thrive-layout-db8e1af0cb3aca1ae2d0018624204529 .main-container .content-section { width: calc(71.49% - 80px); }","(max-width: 1023px)":".thrive-layout-db8e1af0cb3aca1ae2d0018624204529 .main-container { flex-wrap: wrap; }.thrive-layout-db8e1af0cb3aca1ae2d0018624204529 #wrapper .main-content-background, .thrive-layout-db8e1af0cb3aca1ae2d0018624204529 #wrapper .layout-background-width .section-background, .thrive-layout-db8e1af0cb3aca1ae2d0018624204529 #wrapper .layout-background-width .symbol-section-out { width: 100%; }.thrive-layout-db8e1af0cb3aca1ae2d0018624204529 .layout-content-width.main-container { width: 100%; }.thrive-layout-db8e1af0cb3aca1ae2d0018624204529 .layout-content-width > .section-content { width: 100%; }.thrive-layout-db8e1af0cb3aca1ae2d0018624204529 .layout-content-width .symbol-section-in { width: 100%; }"}},"default":0,"sidebar_on_left":0,"hide_sidebar":1,"content_width":"1080px"},"post_status":"publish"}}