{"4ea06fbc83cdd0a06020c35d50e1e89a":{"ID":770,"title":"01 - Logo - Menu - Call to Action","meta_input":{"tve_updated_post":"<div class=\"symbol-section-out\" style=\"\"><\/div>\n<div class=\"symbol-section-in\" style=\"\"><div class=\"thrv_wrapper thrv-columns\" style=\"\" data-css=\"tve-u-16eff064345\"><div class=\"tcb-flex-row v-2 m-edit tcb-medium-no-wrap tcb-resized tcb-mobile-wrap tcb--cols--2\" style=\"padding: 0px !important;\" data-css=\"tve-u-16eff063edc\"><div class=\"tcb-flex-col\" data-css=\"tve-u-16eff067282\" style=\"\"><div class=\"tcb-col\" style=\"\">[tcb_logo data-id-d='0' data-css='tve-u-17076c6b956' class=''][\/tcb_logo]<\/div><\/div><div class=\"tcb-flex-col\" data-css=\"tve-u-16eff067395\" style=\"\"><div class=\"tcb-col\" style=\"\"><div class=\"tcb-clear\" data-css=\"tve-u-16eff0801da\"><div class=\"thrv_wrapper thrv_widget_menu tve-custom-menu-upgrade tve-mobile-dropdown tve-menu-template-light-tmp-first da-fold tve-regular\" data-tve-switch-icon=\"tablet,mobile\" data-css=\"tve-u-170156e432e\" style=\"\"><div class=\"thrive-shortcode-config\" style=\"display:none\">__CONFIG_widget_menu__{\"menu_id\":\"custom\",\"dropdown_icon\":\"style_1\",\"mobile_icon\":\"style_1\",\"dir\":\"tve_horizontal\",\"icon\":{\"top\":\"\",\"sub\":\"\"},\"layout\":{\"default\":\"grid\"},\"type\":\"regular\",\"mega_desc\":{},\"actions\":{},\"uuid\":\"m-170156e432d\",\"template\":\"39777\",\"template_name\":\"Dropdown 01\",\"unlinked\":{\":last-child\":true},\"top_cls\":{\"main\":\"c-underline\"}}__CONFIG_widget_menu__<\/div>\n<div class=\"thrive-shortcode-html tve-custom-menu-type thrive-shortcode-html-editable tve_clearfix\" style=\"\">\n<a class=\"tve-m-trigger\" href=\"#\">\n<div class=\"thrv_wrapper thrv_icon tcb-icon-open\" data-not-changeable=\"true\"><svg class=\"tcb-icon\" viewBox=\"0 0 24 24\" data-name=\"align-justify\" style=\"\"><g><g><path class=\"st0\" d=\"M23,13H1c-0.6,0-1-0.4-1-1s0.4-1,1-1h22c0.6,0,1,0.4,1,1S23.6,13,23,13z\"><\/path><\/g><g><path class=\"st0\" d=\"M23,6.7H1c-0.6,0-1-0.4-1-1s0.4-1,1-1h22c0.6,0,1,0.4,1,1S23.6,6.7,23,6.7z\"><\/path><\/g><g><path class=\"st0\" d=\"M23,19.3H1c-0.6,0-1-0.4-1-1s0.4-1,1-1h22c0.6,0,1,0.4,1,1S23.6,19.3,23,19.3z\"><\/path><\/g><\/g><\/svg><\/div>\n<div class=\"thrv_wrapper thrv_icon tcb-icon-close\" data-not-changeable=\"true\"><svg class=\"tcb-icon\" viewBox=\"0 0 24 24\" data-name=\"close\" style=\"\"><path class=\"st0\" d=\"M13.4,12l7.1-7.1c0.4-0.4,0.4-1,0-1.4s-1-0.4-1.4,0L12,10.6L4.9,3.5c-0.4-0.4-1-0.4-1.4,0s-0.4,1,0,1.4l7.1,7.1 l-7.1,7.1c-0.4,0.4-0.4,1,0,1.4c0.4,0.4,1,0.4,1.4,0l7.1-7.1l7.1,7.1c0.4,0.4,1,0.4,1.4,0c0.4-0.4,0.4-1,0-1.4L13.4,12z\"><\/path><\/svg><\/div>\n<\/a>\n<ul id=\"m-170156e432d\" class=\"tve_w_menu tve_horizontal\" data-iid=\"9\" style=\"z-index: 12;\">\n<li class=\"menu-item menu-item-1 lvl-0 c-underline tve_editable\" data-id=\"1\" style=\"\">\n<a class=\"menu-item menu-item-1-a menu-item-1\" href=\"\" style=\"\">\n<span class=\"tve-disabled-text-inner\">Nav #1<\/span><\/a>\n<\/li>\n<li class=\"menu-item menu-item-3 lvl-0 c-underline tve_editable\" data-id=\"3\" style=\"\">\n<a class=\"menu-item menu-item-3-a menu-item-3\" href=\"\" style=\"\">\n<span class=\"tve-disabled-text-inner\">Nav #2<\/span><\/a>\n<\/li>\n<li class=\"menu-item menu-item-2 menu-item-has-children lvl-0 c-underline tve_editable\" data-id=\"2\" style=\"\">\n<a class=\"menu-item menu-item-2-a menu-item-2\" href=\"\" style=\"\">\n<span class=\"tve-disabled-text-inner\">Nav #3<\/span><span class=\"tve-item-dropdown-trigger\"><svg xmlns=\"http:\/\/www.w3.org\/2000\/svg\" class=\"tve-dropdown-icon-up\" viewBox=\"0 0 320 512\"><path d=\"M151.5 347.8L3.5 201c-4.7-4.7-4.7-12.3 0-17l19.8-19.8c4.7-4.7 12.3-4.7 17 0L160 282.7l119.7-118.5c4.7-4.7 12.3-4.7 17 0l19.8 19.8c4.7 4.7 4.7 12.3 0 17l-148 146.8c-4.7 4.7-12.3 4.7-17 0z\"><\/path><\/svg><\/span><\/a>\n<ul class=\"sub-menu menu-item-2-ul tve_editable\" data-tcb_hover_state_parent=\"\" style=\"z-index: 13;\">\n<li class=\"menu-item menu-item-5 lvl-1 tve_editable\" data-id=\"5\" style=\"\">\n<a class=\"menu-item menu-item-5-a menu-item-5\" href=\"\" style=\"\">\n<span class=\"tve-disabled-text-inner\">Subnav #1<\/span><\/a>\n<\/li>\n<li class=\"menu-item menu-item-6 lvl-1 tve_editable\" data-id=\"6\" style=\"\">\n<a class=\"menu-item menu-item-6-a menu-item-6\" href=\"\" style=\"\">\n<span class=\"tve-disabled-text-inner\">Subnav #2<\/span><\/a>\n<\/li>\n<\/ul>\n<\/li>\n<li class=\"menu-item menu-item-7 lvl-0 c-underline tve_editable\" data-id=\"7\" style=\"\">\n<a class=\"menu-item menu-item-7-a menu-item-7\" href=\"\" style=\"\">\n<span class=\"tve-disabled-text-inner\">Nav #4<\/span><\/a>\n<\/li>\n<li class=\"menu-item menu-item-8 lvl-0 tve_editable tcb-excluded-from-group-item\" data-id=\"8\" style=\"\" data-tcb_hover_state_parent=\"\">\n<a class=\"menu-item menu-item-8-a menu-item-8\" href=\"\" style=\"\">\n<span class=\"tve-disabled-text-inner\">Call to Action<\/span><\/a>\n<\/li>\n<\/ul>\n<\/div><\/div><\/div><\/div><\/div><\/div><\/div><\/div>","tve_custom_css":"@import url(\"https:\/\/fonts.googleapis.com\/css?family=Source+Sans+Pro:400,600&subset=latin\");@media (min-width: 300px){.thrv_symbol_770 [data-css=\"tve-u-16eff063edc\"] { padding: 0px !important; }.thrv_symbol_770 [data-css=\"tve-u-16eff064345\"] { margin: 0px !important; }.thrv_symbol_770 [data-css=\"tve-u-16eff063edc\"] > .tcb-flex-col > .tcb-col { justify-content: center; }.thrv_symbol_770 [data-css=\"tve-u-16eff067282\"] { max-width: 24.1%; }.thrv_symbol_770 [data-css=\"tve-u-16eff067395\"] { max-width: 75.9%; }.thrv_symbol_770 [data-css=\"tve-u-16eff0801da\"]::after { clear: both; }.thrv_symbol_770 .symbol-section-out { box-shadow: rgba(0, 0, 0, 0.08) 0px 2px 30px 0px; background-color: rgb(255, 255, 255) !important; }.thrv_symbol_770 .thrive-symbol-shortcode { border: none; padding: 15px 20px !important; }.thrv_symbol_770 [data-css=\"tve-u-170156e432e\"] { border-top: none; border-bottom: none; float: right; z-index: 3; position: relative; padding: 0px !important; margin: 0px !important; }.thrv_symbol_770 [data-css=\"tve-u-170156e432e\"] .tve_w_menu { background-color: transparent !important; padding-top: 0px !important; padding-bottom: 0px !important; }.thrv_symbol_770 .thrv_widget_menu #m-170156e432d ul:not(.tcb-excluded-from-group-item) { width: 100%; margin-left: 0px !important; padding-top: 0px !important; background-image: linear-gradient(var(--tcb-skin-color-0), var(--tcb-skin-color-0))  !important; background-size: auto !important; background-position: 50% 50% !important; background-attachment: scroll !important; background-repeat: no-repeat !important; box-shadow: none !important; border-right: none !important; padding-bottom: 0px !important; }.thrv_symbol_770 .thrv_widget_menu #m-170156e432d > li:not(.tcb-excluded-from-group-item) { border-right: none; border-bottom: none; border-left: none; --tve-color:var(--tcb-skin-color-4); --tve-font-weight:var(--g-bold-weight, bold) ; --tve-font-size:14px; padding: 5px 14px !important; margin-right: 0px !important; margin-left: 0px !important; }.thrv_symbol_770 .thrv_widget_menu #m-170156e432d li li:not(.tcb-excluded-from-group-item) > a { font-family: \"Source Sans Pro\"; font-size: 14px !important; color: rgb(255, 255, 255) !important; font-weight: 400 !important; }.thrv_symbol_770 .thrv_widget_menu #m-170156e432d li li:not(.tcb-excluded-from-group-item) { text-align: center; border: none; padding-top: 10px !important; padding-bottom: 10px !important; background-image: none !important; }.thrv_symbol_770 .thrv_widget_menu #m-170156e432d > li:not(.tcb-excluded-from-group-item) > a { text-transform: capitalize; --tcb-applied-color:var$(--tcb-skin-color-4); font-weight: 600 !important; color: var(--tve-color, var(--tcb-skin-color-4))  !important; font-size: var(--tve-font-size, 14px)  !important; }.thrv_symbol_770 .thrv_widget_menu #m-170156e432d > li:not(.tcb-excluded-from-group-item) > ul { width: calc(100% + 1px); min-width: calc(100% + 1px); margin-left: 0px !important; margin-top: 1px !important; }.thrv_symbol_770 .thrv_widget_menu #m-170156e432d > li:last-child { text-align: center; border: none; border-radius: 100px; box-shadow: none; padding-left: 42px !important; padding-right: 42px !important; margin-right: 0px !important; margin-left: 30px !important; background-image: linear-gradient(rgb(57, 163, 209), rgb(57, 163, 209)) !important; background-size: auto !important; background-position: 50% 50% !important; background-attachment: scroll !important; background-repeat: no-repeat !important; }.thrv_symbol_770 .thrv_widget_menu #m-170156e432d > li:last-child > a { font-family: \"Source Sans Pro\"; text-transform: capitalize; font-size: 16px !important; font-weight: 600 !important; color: rgb(255, 255, 255) !important; }:not(#tve) .thrv_symbol_770 .thrv_widget_menu #m-170156e432d li li:not(.tcb-excluded-from-group-item):hover { background-color: var(--tcb-skin-color-0)  !important; background-image: linear-gradient(rgba(0, 0, 0, 0.1), rgba(0, 0, 0, 0.1)) !important; border-top: none !important; background-size: auto !important; background-position: 50% 50% !important; background-attachment: scroll !important; background-repeat: no-repeat !important; }:not(#tve) .thrv_symbol_770 .thrv_widget_menu #m-170156e432d > li:not(.tcb-excluded-from-group-item):hover { border-bottom: none !important; }:not(#tve) .thrv_symbol_770 .thrv_widget_menu #m-170156e432d > li:last-child:hover { box-shadow: none !important; background-image: linear-gradient(rgba(0, 0, 0, 0.1), rgba(0, 0, 0, 0.1)), linear-gradient(rgb(57, 163, 209), rgb(57, 163, 209)) !important; background-size: auto, auto !important; background-position: 50% 50%, 50% 50% !important; background-attachment: scroll, scroll !important; background-repeat: no-repeat, no-repeat !important; border: none !important; }:not(#tve) .thrv_symbol_770 .thrv_widget_menu #m-170156e432d > li:last-child:hover > a { color: rgb(255, 255, 255) !important; }:not(#tve) .thrv_symbol_770 .thrv_widget_menu #m-170156e432d li li:not(.tcb-excluded-from-group-item):hover > a { text-decoration: none !important; }.thrv_symbol_770 .thrv_widget_menu #m-170156e432d > li.menu-item:last-child { border: 2px solid var(--tcb-skin-color-1); --tve-color:var(--tcb-skin-color-0); --tve-font-weight:var(--g-bold-weight, bold) ; --tve-letter-spacing:1px; border-radius: 50px; padding: 5px 14px !important; background-image: none !important; }:not(#tve) .thrv_symbol_770 .thrv_widget_menu #m-170156e432d > li:not(.tcb-excluded-from-group-item) > a { font-weight: var(--tve-font-weight, var(--g-bold-weight, bold) )  !important; }.thrv_symbol_770 .thrv_widget_menu #m-170156e432d > li.menu-item:last-child > a { --tcb-applied-color:var$(--tcb-skin-color-0); color: var(--tve-color, var(--tcb-skin-color-0))  !important; letter-spacing: var(--tve-letter-spacing, 1px)  !important; }:not(#tve) .thrv_symbol_770 .thrv_widget_menu #m-170156e432d > li.menu-item:last-child > a { font-weight: var(--tve-font-weight, var(--g-bold-weight, bold) )  !important; }:not(#tve) .thrv_symbol_770 .thrv_widget_menu #m-170156e432d > li.menu-item:last-child:hover > a { letter-spacing: var(--tve-letter-spacing, 1px)  !important; }:not(#tve) .thrv_symbol_770 .thrv_widget_menu #m-170156e432d > li.menu-item:last-child:hover { --tve-letter-spacing:1px  !important; background-image: linear-gradient(var(--tcb-skin-color-0), var(--tcb-skin-color-0))  !important; background-size: auto !important; background-position: 50% 50% !important; background-attachment: scroll !important; background-repeat: no-repeat !important; border: 2px solid var(--tcb-skin-color-0)  !important; }.thrv_symbol_770 .thrv_widget_menu #m-170156e432d > li.menu-item:last-child.tve-state-active { border: 2px solid var(--tcb-skin-color-0); }.thrv_symbol_770 .symbol-section-in { max-width: 100%; }.thrv_symbol_770 [data-css=\"tve-u-17076c6b956\"] { width: 160px; margin-top: 0px !important; margin-bottom: 0px !important; }}@media (max-width: 1023px){.thrv_symbol_770 [data-css=\"tve-u-16eff063edc\"] { padding: 0px !important; flex-flow: row nowrap !important; }.thrv_symbol_770 .thrive-symbol-shortcode { padding: 15px 40px !important; }.thrv_symbol_770 [data-css=\"tve-u-16eff067395\"] { max-width: 67.4%; }.thrv_symbol_770 [data-css=\"tve-u-16eff067282\"] { max-width: 32.6%; }:not(#tve) .thrv_symbol_770 [data-css=\"tve-u-170156e432e\"] .tcb-icon-open > :first-child { color: rgb(57, 163, 209); }.thrv_symbol_770 [data-css=\"tve-u-170156e432e\"] .tcb-icon-open { font-size: 25px; width: 25px; height: 25px; }:not(#tve) .thrv_symbol_770 [data-css=\"tve-u-170156e432e\"] .tcb-icon-close > :first-child { color: rgb(57, 163, 209); }.thrv_symbol_770 [data-css=\"tve-u-170156e432e\"] .tcb-icon-close { font-size: 25px; width: 25px; height: 25px; }.thrv_symbol_770 .thrv_widget_menu #m-170156e432d > li:last-child { margin-left: 0px !important; padding-top: 0px !important; margin-top: 33px !important; }.thrv_symbol_770 .thrv_widget_menu #m-170156e432d > li:not(.tcb-excluded-from-group-item) { padding-top: 4px !important; padding-bottom: 4px !important; margin-top: 10px !important; }:not(#tve) .thrv_symbol_770 [data-css=\"tve-u-170156e432e\"] .tve-m-trigger .thrv_icon > svg { color: var(--tcb-skin-color-4); }.thrv_symbol_770 .thrv_widget_menu #m-170156e432d li li:not(.tcb-excluded-from-group-item) > a { --tcb-applied-color:rgb(255, 255, 255); color: var(--tve-color, rgb(255, 255, 255))  !important; font-size: var(--tve-font-size, 16px)  !important; line-height: var(--tve-line-height, 1em)  !important; }.thrv_symbol_770 .thrv_widget_menu #m-170156e432d li li:not(.tcb-excluded-from-group-item) { --tve-color:rgb(255, 255, 255); --tve-font-size:16px; --tve-line-height:1em; padding-top: 4px !important; padding-bottom: 4px !important; background-color: transparent !important; }.thrv_symbol_770 [data-css=\"tve-u-170156e432e\"] .tve_w_menu { padding-left: 40px !important; padding-right: 40px !important; padding-bottom: 20px !important; }.thrv_symbol_770 .thrv_widget_menu #m-170156e432d > li.menu-item:last-child { margin-top: 15px !important; padding-top: 4px !important; padding-bottom: 4px !important; }.thrv_symbol_770 .thrv_widget_menu #m-170156e432d ul:not(.tcb-excluded-from-group-item) { background-image: linear-gradient(var(--tcb-skin-color-0), var(--tcb-skin-color-0))  !important; background-size: auto !important; background-position: 50% 50% !important; background-attachment: scroll !important; background-repeat: no-repeat !important; }.thrv_symbol_770 [data-css=\"tve-u-170156e432e\"] { z-index: 4 !important; }}@media (max-width: 767px){.thrv_symbol_770 [data-css=\"tve-u-16eff063edc\"] { padding: 0px !important; flex-flow: row wrap !important; }.thrv_symbol_770 .thrive-symbol-shortcode { padding: 15px !important; }.thrv_symbol_770 [data-css=\"tve-u-16eff063edc\"] .tcb-flex-col { flex-basis: 103px !important; }.thrv_symbol_770 [data-css=\"tve-u-170156e432e\"] .tve_w_menu { padding-left: 20px !important; padding-right: 20px !important; }.thrv_symbol_770 .thrv_widget_menu #m-170156e432d > li:not(.tcb-excluded-from-group-item) > a { line-height: var(--tve-line-height, 1em)  !important; }.thrv_symbol_770 .thrv_widget_menu #m-170156e432d > li:not(.tcb-excluded-from-group-item) { --tve-line-height:1em; }.thrv_symbol_770 .thrv_widget_menu #m-170156e432d > li.menu-item:last-child > a { line-height: var(--tve-line-height, 1em)  !important; }.thrv_symbol_770 .thrv_widget_menu #m-170156e432d > li.menu-item:last-child { --tve-line-height:1em; }.thrv_symbol_770 .thrv_widget_menu #m-170156e432d li li:not(.tcb-excluded-from-group-item) > a { line-height: var(--tve-line-height, 1em)  !important; }.thrv_symbol_770 .thrv_widget_menu #m-170156e432d li li:not(.tcb-excluded-from-group-item) { --tve-line-height:1em; }}","icons":""},"type":"header"},"9fd81843ad7f202f26c1a174c7357585":{"ID":297,"title":"01 - Columns","meta_input":{"tve_updated_post":"<div class=\"symbol-section-out\" style=\"\" data-tcb_hover_state_parent=\"\"><\/div>\n<div class=\"symbol-section-in\" style=\"\"><div class=\"thrv_wrapper thrv-columns\" style=\"\" data-css=\"tve-u-16ecb116f18\"><div class=\"tcb-flex-row tcb-resized v-2 tcb-medium-wrap tcb--cols--4\" style=\"\" data-css=\"tve-u-16ecb1169a6\"><div class=\"tcb-flex-col\" style=\"\" data-css=\"tve-u-16ef4c110f0\"><div class=\"tcb-col\" style=\"\" data-css=\"tve-u-16ecc3abe12\"><div class=\"thrv_wrapper thrv_text_element\" style=\"\" data-css=\"tve-u-16ecc39ec63\"><p data-css=\"tve-u-16ecb319742\">Useful links<\/p><\/div>[thrive_dynamic_list icon='' type='pages' limit='5' css='tve-u-16f7f3a506a']<\/div><\/div><div class=\"tcb-flex-col\" style=\"\" data-css=\"tve-u-16ef4c11211\"><div class=\"tcb-col\" style=\"\" data-css=\"tve-u-17053db9f59\"><div class=\"thrv_wrapper thrv_text_element\" style=\"\" data-css=\"tve-u-16ecc3a0a75\"><p data-css=\"tve-u-16ecb31878f\" style=\"color: rgba(255, 255, 255, 0.3) !important; --tcb-applied-color:rgba(255, 255, 255, 0.3)  !important;\">Categories<\/p><\/div>[thrive_dynamic_list icon='' type='categories' limit='5' css='tve-u-1701a6cab4b']<\/div><\/div><div class=\"tcb-flex-col\" style=\"\" data-css=\"tve-u-16ef4c11338\"><div class=\"tcb-col\" style=\"\" data-css=\"tve-u-16ecc3a3a49\"><div class=\"thrv_wrapper thrv_text_element\" style=\"\" data-css=\"tve-u-16ecc3a1bae\"><p data-css=\"tve-u-16fa3d06cc8\">Contact<\/p><\/div><div class=\"thrv_wrapper thrv_contentbox_shortcode thrv-content-box tve-elem-default-pad\" style=\"margin-bottom: 10px !important;\" data-css=\"tve-u-16fa4454aff\">\n<div class=\"tve-content-box-background\" data-tcb_hover_state_parent=\"1\"><\/div>\n<div class=\"tve-cb\"><div class=\"thrv_wrapper thrv_icon tcb-icon-display\" data-css=\"tve-u-16ef4c196f8\" style=\"margin-right: 8px !important;\"><svg class=\"tcb-icon\" viewBox=\"0 0 384 512\" data-id=\"icon-map-marker-alt-solid\" data-name=\"\" style=\"\">\n<path d=\"M172.268 501.67C26.97 291.031 0 269.413 0 192 0 85.961 85.961 0 192 0s192 85.961 192 192c0 77.413-26.97 99.031-172.268 309.67-9.535 13.774-29.93 13.773-39.464 0zM192 272c44.183 0 80-35.817 80-80s-35.817-80-80-80-80 35.817-80 80 35.817 80 80 80z\"><\/path>\n<\/svg><\/div><div class=\"thrv_wrapper thrv_text_element\" style=\"\" data-css=\"tve-u-16ecb31189a\"><p data-css=\"tve-u-16f8577193f\"><span class=\"thrive-shortcode-content\" data-attr-id=\"2\" data-attr-multiline=\"0\" data-extra_key=\"1\" data-option-inline=\"1\" data-shortcode=\"thrive_global_fields\" data-shortcode-name=\"[Company] Address\">[thrive_global_fields id='2' multiline='0' inline='1']<\/span><\/p><\/div><\/div>\n<\/div><div class=\"thrv_wrapper thrv_contentbox_shortcode thrv-content-box tve-elem-default-pad\" style=\"\" data-css=\"tve-u-16fa4459cbe\">\n<div class=\"tve-content-box-background\" data-tcb_hover_state_parent=\"1\"><\/div>\n<div class=\"tve-cb\"><div class=\"thrv_wrapper thrv_icon tcb-icon-display\" data-css=\"tve-u-16ef4c682bd\" style=\"margin-right: 8px !important;\"><svg class=\"tcb-icon\" viewBox=\"0 0 512 512\" data-id=\"icon-phone-solid\" data-name=\"\">\n<path d=\"M493.4 24.6l-104-24c-11.3-2.6-22.9 3.3-27.5 13.9l-48 112c-4.2 9.8-1.4 21.3 6.9 28l60.6 49.6c-36 76.7-98.9 140.5-177.2 177.2l-49.6-60.6c-6.8-8.3-18.2-11.1-28-6.9l-112 48C3.9 366.5-2 378.1.6 389.4l24 104C27.1 504.2 36.7 512 48 512c256.1 0 464-207.5 464-464 0-11.2-7.7-20.9-18.6-23.4z\"><\/path>\n<\/svg><\/div><div class=\"thrv_wrapper thrv_text_element\" style=\"\" data-css=\"tve-u-16ecb31189a\"><p data-css=\"tve-u-16f8577233f\"><span class=\"thrive-shortcode-content\" data-attr-id=\"3\" data-extra_key=\"1\" data-option-inline=\"1\" data-shortcode=\"thrive_global_fields\" data-shortcode-name=\"[Company] Phone number\">[thrive_global_fields id='3' inline='1']<\/span><\/p><\/div><\/div>\n<\/div><div class=\"thrv_wrapper thrv_contentbox_shortcode thrv-content-box tve-elem-default-pad\" style=\"\" data-css=\"tve-u-16ef4c292f2\">\n<div class=\"tve-content-box-background\" data-tcb_hover_state_parent=\"1\"><\/div>\n<div class=\"tve-cb\"><div class=\"thrv_wrapper thrv_icon tcb-icon-display\" data-css=\"tve-u-16ef4c6646c\" style=\"margin-right: 8px !important;\"><svg class=\"tcb-icon\" viewBox=\"0 0 512 512\" data-id=\"icon-envelope-solid\" data-name=\"\">\n<path d=\"M502.3 190.8c3.9-3.1 9.7-.2 9.7 4.7V400c0 26.5-21.5 48-48 48H48c-26.5 0-48-21.5-48-48V195.6c0-5 5.7-7.8 9.7-4.7 22.4 17.4 52.1 39.5 154.1 113.6 21.1 15.4 56.7 47.8 92.2 47.6 35.7.3 72-32.8 92.3-47.6 102-74.1 131.6-96.3 154-113.7zM256 320c23.2.4 56.6-29.2 73.4-41.4 132.7-96.3 142.8-104.7 173.4-128.7 5.8-4.5 9.2-11.5 9.2-18.9v-19c0-26.5-21.5-48-48-48H48C21.5 64 0 85.5 0 112v19c0 7.4 3.4 14.3 9.2 18.9 30.6 23.9 40.7 32.4 173.4 128.7 16.8 12.2 50.2 41.8 73.4 41.4z\"><\/path>\n<\/svg><\/div><div class=\"thrv_wrapper thrv_text_element\" style=\"\" data-css=\"tve-u-16ecb31189a\"><p data-css=\"tve-u-16ecb30366e\"><span class=\"thrive-shortcode-content\" data-attr-id=\"5\" data-extra_key=\"1\" data-option-inline=\"1\" data-shortcode=\"thrive_global_fields\" data-shortcode-name=\"[Company] Email address\">[thrive_global_fields id='5' inline='1']<\/span><\/p><\/div><\/div>\n<\/div><\/div><\/div><div class=\"tcb-flex-col\" style=\"\" data-css=\"tve-u-16ef4c11458\"><div class=\"tcb-col\" style=\"\" data-css=\"tve-u-16ecc3a7527\"><div class=\"thrv_wrapper thrv_text_element\" style=\"\" data-css=\"tve-u-16ecb115065\"><p data-css=\"tve-u-16ecb092969\">Social<\/p><\/div><div class=\"thrv_wrapper thrv_social_custom thrive_author_links\" data-css=\"tve-u-16ecb321934\" style=\"\"><div class=\"tve_social_items tve_social_custom tve_links_style_2 tve_social_itb\">\n<div class=\"tve_s_item tve_s_fb_share\" data-network=\"fb\" data-s=\"fb_share\" data-href=\"\">\n\t<a href=\"[thrive_global_fields_url id=fb]\" class=\"tve-dynamic-link\" target=\"_blank\" data-dynamic-link=\"thrive_global_fields_url\" data-shortcode-id=\"fb\">\n\t\t<span class=\"tve_s_icon\">\n\t\t\t <svg class=\"tcb-icon\" viewBox=\"0 0 264 512\" data-id=\"icon-fb\" data-name=\"\">\n<path d=\"M76.7 512V283H0v-91h76.7v-71.7C76.7 42.4 124.3 0 193.8 0c33.3 0 61.9 2.5 70.2 3.6V85h-48.2c-37.8 0-45.1 18-45.1 44.3V192H256l-11.7 91h-73.6v229\"><\/path>\n<\/svg>\n\t\t<\/span>\n\t<\/a>\n<\/div>\n\n<div class=\"tve_s_item tve_s_t_share\" data-network=\"t\" data-s=\"t_share\" data-href=\"\">\n\t<a href=\"[thrive_global_fields_url id=t]\" class=\"tve-dynamic-link\" target=\"_blank\" data-dynamic-link=\"thrive_global_fields_url\" data-shortcode-id=\"t\">\n\t\t<span class=\"tve_s_icon\">\n\t\t\t <svg class=\"tcb-icon\" viewBox=\"0 0 512 512\" data-id=\"icon-t\" data-name=\"\">\n<path d=\"M459.37 151.716c.325 4.548.325 9.097.325 13.645 0 138.72-105.583 298.558-298.558 298.558-59.452 0-114.68-17.219-161.137-47.106 8.447.974 16.568 1.299 25.34 1.299 49.055 0 94.213-16.568 130.274-44.832-46.132-.975-84.792-31.188-98.112-72.772 6.498.974 12.995 1.624 19.818 1.624 9.421 0 18.843-1.3 27.614-3.573-48.081-9.747-84.143-51.98-84.143-102.985v-1.299c13.969 7.797 30.214 12.67 47.431 13.319-28.264-18.843-46.781-51.005-46.781-87.391 0-19.492 5.197-37.36 14.294-52.954 51.655 63.675 129.3 105.258 216.365 109.807-1.624-7.797-2.599-15.918-2.599-24.04 0-57.828 46.782-104.934 104.934-104.934 30.213 0 57.502 12.67 76.67 33.137 23.715-4.548 46.456-13.32 66.599-25.34-7.798 24.366-24.366 44.833-46.132 57.827 21.117-2.273 41.584-8.122 60.426-16.243-14.292 20.791-32.161 39.308-52.628 54.253z\"><\/path>\n<\/svg>\n\t\t<\/span>\n\t<\/a>\n<\/div>\n\n<div class=\"tve_s_item tve_s_pin_share\" data-network=\"pin\" data-s=\"pin_share\" data-href=\"\">\n\t<a href=\"[thrive_global_fields_url id=pin]\" class=\"tve-dynamic-link\" target=\"_blank\" data-dynamic-link=\"thrive_global_fields_url\" data-shortcode-id=\"pin\">\n\t\t<span class=\"tve_s_icon\">\n\t\t\t <svg class=\"tcb-icon\" viewBox=\"0 0 384 512\" data-id=\"icon-pin\" data-name=\"\">\n<path d=\"M204 6.5C101.4 6.5 0 74.9 0 185.6 0 256 39.6 296 63.6 296c9.9 0 15.6-27.6 15.6-35.4 0-9.3-23.7-29.1-23.7-67.8 0-80.4 61.2-137.4 140.4-137.4 68.1 0 118.5 38.7 118.5 109.8 0 53.1-21.3 152.7-90.3 152.7-24.9 0-46.2-18-46.2-43.8 0-37.8 26.4-74.4 26.4-113.4 0-66.2-93.9-54.2-93.9 25.8 0 16.8 2.1 35.4 9.6 50.7-13.8 59.4-42 147.9-42 209.1 0 18.9 2.7 37.5 4.5 56.4 3.4 3.8 1.7 3.4 6.9 1.5 50.4-69 48.6-82.5 71.4-172.8 12.3 23.4 44.1 36 69.3 36 106.2 0 153.9-103.5 153.9-196.8C384 71.3 298.2 6.5 204 6.5z\"><\/path>\n<\/svg>\n\t\t<\/span>\n\t<\/a>\n<\/div>\n\n<div class=\"tve_s_item tve_s_yt_share\" data-network=\"yt\" data-s=\"yt_share\" data-href=\"\">\n\t<a href=\"[thrive_global_fields_url id=yt]\" class=\"tve-dynamic-link\" target=\"_blank\" data-dynamic-link=\"thrive_global_fields_url\" data-shortcode-id=\"yt\">\n\t\t<span class=\"tve_s_icon\">\n\t\t\t <svg class=\"tcb-icon\" viewBox=\"0 0 576 512\" data-id=\"icon-yt\" data-name=\"\">\n<path d=\"M549.655 124.083c-6.281-23.65-24.787-42.276-48.284-48.597C458.781 64 288 64 288 64S117.22 64 74.629 75.486c-23.497 6.322-42.003 24.947-48.284 48.597-11.412 42.867-11.412 132.305-11.412 132.305s0 89.438 11.412 132.305c6.281 23.65 24.787 41.5 48.284 47.821C117.22 448 288 448 288 448s170.78 0 213.371-11.486c23.497-6.321 42.003-24.171 48.284-47.821 11.412-42.867 11.412-132.305 11.412-132.305s0-89.438-11.412-132.305zm-317.51 213.508V175.185l142.739 81.205-142.739 81.201z\"><\/path>\n<\/svg>\n\t\t<\/span>\n\t<\/a>\n<\/div>\n\n<\/div>\n<\/div><\/div><\/div><\/div><\/div><div class=\"thrv_wrapper thrv_text_element\" style=\"\" data-css=\"tve-u-16eac533e94\"><p data-css=\"tve-u-16eac5dd29c\" style=\"text-align: center;\">Copyright <span class=\"thrive-shortcode-content\" data-attr-id=\"Y\" data-extra_key=\"Y\" data-option-inline=\"1\" data-shortcode=\"thrv_dynamic_data_date\" data-shortcode-name=\"Year (2029)\">[thrv_dynamic_data_date id='Y' inline='1']<\/span>\n<span class=\"thrive-shortcode-content\" data-attr-id=\"1\" data-extra_key=\"1\" data-option-inline=\"1\" data-shortcode=\"thrive_global_fields\" data-shortcode-name=\"[Company] Company Name\">[thrive_global_fields id='1' inline='1']<\/span>, all rights reserved.<\/p><\/div><\/div>","tve_custom_css":"@media (min-width: 300px){.thrv_symbol_297 .thrive-symbol-shortcode { padding: 40px 20px !important; }.thrv_symbol_297 .symbol-section-in { text-align: left; --g-regular-weight:300; --g-bold-weight:800; --tve-font-size:14px; --tve-color:rgba(255, 255, 255, 0.6); }.thrv_symbol_297 [data-css=\"tve-u-16eac533e94\"] { padding: 0px !important; }.thrv_symbol_297 .symbol-section-out { background-color: rgb(12, 17, 21) !important; background-image: none !important; }:not(#tve) .thrv_symbol_297 [data-css=\"tve-u-16eac5dd29c\"] { --tcb-applied-color:rgba(255, 255, 255, 0.33); letter-spacing: 2px; line-height: 1.7em !important; color: rgba(255, 255, 255, 0.33) !important; font-size: 11px !important; padding-top: 0px !important; margin-top: 0px !important; padding-bottom: 0px !important; margin-bottom: 0px !important; }:not(#tve) .thrv_symbol_297 .symbol-section-in p, :not(#tve) .thrv_symbol_297 .symbol-section-in li, :not(#tve) .thrv_symbol_297 .symbol-section-in blockquote, :not(#tve) .thrv_symbol_297 .symbol-section-in address, :not(#tve) .thrv_symbol_297 .symbol-section-in .tcb-plain-text, :not(#tve) .thrv_symbol_297 .symbol-section-in label, :not(#tve) .thrv_symbol_297 .symbol-section-in h1, :not(#tve) .thrv_symbol_297 .symbol-section-in h2, :not(#tve) .thrv_symbol_297 .symbol-section-in h3, :not(#tve) .thrv_symbol_297 .symbol-section-in h4, :not(#tve) .thrv_symbol_297 .symbol-section-in h5, :not(#tve) .thrv_symbol_297 .symbol-section-in h6 { color: var(--tve-color, rgba(255, 255, 255, 0.6)); --tcb-applied-color:rgba(255, 255, 255, 0.6); }:not(#tve) .thrv_symbol_297 [data-css=\"tve-u-16ecb092969\"] { letter-spacing: 2px; --tcb-applied-color:rgba(255, 255, 255, 0.3)  !important; padding-bottom: 0px !important; margin-bottom: 0px !important; text-transform: uppercase !important; font-size: 13px !important; color: rgba(255, 255, 255, 0.3) !important; font-weight: var(--g-regular-weight, normal)  !important; padding-top: 0px !important; margin-top: 0px !important; }.thrv_symbol_297 [data-css=\"tve-u-16ecb115065\"] { padding: 0px !important; margin-bottom: 0px !important; }.thrv_symbol_297 [data-css=\"tve-u-16ecb1169a6\"] { margin-left: -50px; padding: 0px 0px 20px !important; }.thrv_symbol_297 [data-css=\"tve-u-16ecb116f18\"] { border-bottom: 1px solid rgba(255, 255, 255, 0.08); margin: 0px 0px 20px !important; }:not(#tve) .thrv_symbol_297 .symbol-section-in p, :not(#tve) .thrv_symbol_297 .symbol-section-in li, :not(#tve) .thrv_symbol_297 .symbol-section-in blockquote, :not(#tve) .thrv_symbol_297 .symbol-section-in address, :not(#tve) .thrv_symbol_297 .symbol-section-in .tcb-plain-text, :not(#tve) .thrv_symbol_297 .symbol-section-in label { font-size: var(--tve-font-size, 14px); }.thrv_symbol_297 [data-css=\"tve-u-16ecb1169a6\"] > .tcb-flex-col { padding-left: 50px; }:not(#tve) .thrv_symbol_297 [data-css=\"tve-u-16ecb30366e\"] { padding-bottom: 0px !important; margin-bottom: 0px !important; padding-top: 0px !important; margin-top: 0px !important; }.thrv_symbol_297 [data-css=\"tve-u-16ecb31189a\"] { padding: 0px !important; margin-bottom: 0px !important; }:not(#tve) .thrv_symbol_297 [data-css=\"tve-u-16ecb31878f\"] { letter-spacing: 2px; --tcb-applied-color:rgba(255, 255, 255, 0.26)  !important; padding-bottom: 0px !important; margin-bottom: 0px !important; text-transform: uppercase !important; font-size: 13px !important; color: rgba(255, 255, 255, 0.26) !important; font-weight: var(--g-regular-weight, normal)  !important; padding-top: 0px !important; margin-top: 0px !important; }:not(#tve) .thrv_symbol_297 [data-css=\"tve-u-16ecb319742\"] { letter-spacing: 2px; --tcb-applied-color:rgba(255, 255, 255, 0.3)  !important; padding-bottom: 0px !important; margin-bottom: 0px !important; text-transform: uppercase !important; font-size: 13px !important; color: rgba(255, 255, 255, 0.3) !important; font-weight: var(--g-regular-weight, normal)  !important; padding-top: 0px !important; margin-top: 0px !important; }.thrv_symbol_297 [data-css=\"tve-u-16ecb321934\"] .tve_social_items { font-size: 10px !important; }.thrv_symbol_297 [data-css=\"tve-u-16ecb321934\"] { padding: 0px !important; margin-top: 20px !important; margin-bottom: 0px !important; }.thrv_symbol_297 [data-css=\"tve-u-16ecc39ec63\"] { padding: 0px !important; margin-bottom: 15px !important; }.thrv_symbol_297 [data-css=\"tve-u-16ecc3a0a75\"] { padding: 0px !important; margin-bottom: 15px !important; }.thrv_symbol_297 [data-css=\"tve-u-16ecc3a1bae\"] { padding: 0px !important; margin-bottom: 15px !important; }.thrv_symbol_297 [data-css=\"tve-u-16ef4c110f0\"] { max-width: 25%; }.thrv_symbol_297 [data-css=\"tve-u-16ef4c11211\"] { max-width: 22.1%; }.thrv_symbol_297 [data-css=\"tve-u-16ef4c11338\"] { max-width: 31.6%; }.thrv_symbol_297 [data-css=\"tve-u-16ef4c11458\"] { max-width: 21.3%; }.thrv_symbol_297 [data-css=\"tve-u-16ef4c196f8\"] { font-size: 22px; margin-left: auto; margin-right: auto; width: 22px; height: 22px; float: left; z-index: 3; position: relative; margin-top: 0px !important; margin-bottom: 0px !important; }:not(#tve) .thrv_symbol_297 [data-css=\"tve-u-16ef4c196f8\"] > :first-child { color: rgba(255, 255, 255, 0.12); }.thrv_symbol_297 [data-css=\"tve-u-16ef4c292f2\"] { padding: 2px !important; margin-top: 0px !important; margin-bottom: 10px !important; }.thrv_symbol_297 [data-css=\"tve-u-16ef4c6646c\"] { font-size: 18px; margin-left: auto; margin-right: auto; width: 18px; height: 18px; float: left; z-index: 3; position: relative; margin-top: 0px !important; margin-bottom: 0px !important; }:not(#tve) .thrv_symbol_297 [data-css=\"tve-u-16ef4c6646c\"] > :first-child { color: rgba(255, 255, 255, 0.12); }.thrv_symbol_297 [data-css=\"tve-u-16ef4c682bd\"] { font-size: 18px; margin-left: auto; margin-right: auto; width: 18px; height: 18px; float: left; z-index: 3; position: relative; margin-top: 0px !important; margin-bottom: 0px !important; }:not(#tve) .thrv_symbol_297 [data-css=\"tve-u-16ef4c682bd\"] > :first-child { color: rgba(255, 255, 255, 0.12); }.thrv_symbol_297 [data-css=\"tve-u-16f7f3a506a\"] { padding: 0px !important; margin-top: 0px !important; }:not(#tve) .thrv_symbol_297 [data-css=\"tve-u-16f7f3a506a\"] .thrive-dynamic-styled-list-item p, :not(#tve) .thrv_symbol_297 [data-css=\"tve-u-16f7f3a506a\"] .thrive-dynamic-styled-list-item li, :not(#tve) .thrv_symbol_297 [data-css=\"tve-u-16f7f3a506a\"] .thrive-dynamic-styled-list-item blockquote, :not(#tve) .thrv_symbol_297 [data-css=\"tve-u-16f7f3a506a\"] .thrive-dynamic-styled-list-item address, :not(#tve) .thrv_symbol_297 [data-css=\"tve-u-16f7f3a506a\"] .thrive-dynamic-styled-list-item .tcb-plain-text, :not(#tve) .thrv_symbol_297 [data-css=\"tve-u-16f7f3a506a\"] .thrive-dynamic-styled-list-item label { line-height: var(--tve-line-height, 1.6em); }.thrv_symbol_297 [data-css=\"tve-u-16f7f3a506a\"] .thrive-dynamic-styled-list-item { --tve-line-height:1.6em; margin-bottom: 2px !important; padding-bottom: 0px !important; }:not(#tve) .thrv_symbol_297 [data-css=\"tve-u-16f8577193f\"] { padding-bottom: 0px !important; margin-bottom: 0px !important; padding-top: 0px !important; margin-top: 0px !important; }:not(#tve) .thrv_symbol_297 [data-css=\"tve-u-16f8577233f\"] { padding-bottom: 0px !important; margin-bottom: 0px !important; padding-top: 0px !important; margin-top: 0px !important; }:not(#tve) .thrv_symbol_297 [data-css=\"tve-u-16fa3d06cc8\"] { letter-spacing: 2px; --tcb-applied-color:rgba(255, 255, 255, 0.3)  !important; padding-bottom: 0px !important; margin-bottom: 0px !important; text-transform: uppercase !important; font-size: 13px !important; color: rgba(255, 255, 255, 0.3) !important; font-weight: var(--g-regular-weight, normal)  !important; padding-top: 0px !important; margin-top: 0px !important; }.thrv_symbol_297 [data-css=\"tve-u-16fa4454aff\"] { padding: 2px !important; margin-top: 0px !important; margin-bottom: 10px !important; }.thrv_symbol_297 [data-css=\"tve-u-16fa4459cbe\"] { padding: 2px !important; margin-top: 0px !important; margin-bottom: 10px !important; }.thrv_symbol_297 [data-css=\"tve-u-1701a6cab4b\"] { padding: 0px !important; margin-top: 0px !important; }:not(#tve) .thrv_symbol_297 [data-css=\"tve-u-1701a6cab4b\"] .thrive-dynamic-styled-list-item p, :not(#tve) .thrv_symbol_297 [data-css=\"tve-u-1701a6cab4b\"] .thrive-dynamic-styled-list-item li, :not(#tve) .thrv_symbol_297 [data-css=\"tve-u-1701a6cab4b\"] .thrive-dynamic-styled-list-item blockquote, :not(#tve) .thrv_symbol_297 [data-css=\"tve-u-1701a6cab4b\"] .thrive-dynamic-styled-list-item address, :not(#tve) .thrv_symbol_297 [data-css=\"tve-u-1701a6cab4b\"] .thrive-dynamic-styled-list-item .tcb-plain-text, :not(#tve) .thrv_symbol_297 [data-css=\"tve-u-1701a6cab4b\"] .thrive-dynamic-styled-list-item label { line-height: var(--tve-line-height, 1.6em); }.thrv_symbol_297 [data-css=\"tve-u-1701a6cab4b\"] .thrive-dynamic-styled-list-item { --tve-line-height:1.6em; margin-bottom: 2px !important; padding-bottom: 0px !important; }:not(#tve) .thrv_symbol_297 [data-css=\"tve-u-16f7f3a506a\"] .thrive-dynamic-styled-list-text a:hover { color: rgb(255, 255, 255) !important; text-decoration-line: none !important; --eff:none  !important; text-decoration-color: var(--eff-color, currentColor)  !important; }:not(#tve) .thrv_symbol_297 [data-css=\"tve-u-1701a6cab4b\"] .thrive-dynamic-styled-list-text a:hover { color: rgb(255, 255, 255) !important; text-decoration-line: none !important; --eff:none  !important; text-decoration-color: var(--eff-color, currentColor)  !important; }}@media (max-width: 1023px){.thrv_symbol_297 .thrive-symbol-shortcode { padding: 40px !important; }.thrv_symbol_297 [data-css=\"tve-u-16ecc39ec63\"] { margin-bottom: 15px !important; }.thrv_symbol_297 [data-css=\"tve-u-16ecc3a0a75\"] { margin-bottom: 15px !important; }.thrv_symbol_297 [data-css=\"tve-u-16ecc3a1bae\"] { margin-top: 0px !important; margin-bottom: 15px !important; }.thrv_symbol_297 [data-css=\"tve-u-16ecc3a3a49\"] { padding-top: 0px !important; }.thrv_symbol_297 [data-css=\"tve-u-16ecc3a7527\"] { padding-top: 0px !important; }.thrv_symbol_297 [data-css=\"tve-u-16ecb1169a6\"] { padding-bottom: 15px !important; flex-wrap: wrap !important; }.thrv_symbol_297 [data-css=\"tve-u-16ecb116f18\"] { margin-bottom: 15px !important; }.thrv_symbol_297 [data-css=\"tve-u-16ecb1169a6\"] > .tcb-flex-col { flex-basis: 311px !important; }.thrv_symbol_297 [data-css=\"tve-u-16ecc3abe12\"] { margin-bottom: 30px !important; }.thrv_symbol_297 [data-css=\"tve-u-17053db9f59\"] { margin-bottom: 30px !important; }.thrv_symbol_297 [data-css=\"tve-u-1701a6cab4b\"] { margin-top: 0px !important; }.thrv_symbol_297 [data-css=\"tve-u-16f7f3a506a\"] { margin-top: 0px !important; }.thrv_symbol_297 [data-css=\"tve-u-16ecb115065\"] { margin-bottom: 15px !important; }}@media (max-width: 767px){.thrv_symbol_297 .thrive-symbol-shortcode { padding: 30px 20px 15px !important; }:not(#tve) .thrv_symbol_297 .symbol-section-in p, :not(#tve) .thrv_symbol_297 .symbol-section-in li, :not(#tve) .thrv_symbol_297 .symbol-section-in blockquote, :not(#tve) .thrv_symbol_297 .symbol-section-in address, :not(#tve) .thrv_symbol_297 .symbol-section-in .tcb-plain-text, :not(#tve) .thrv_symbol_297 .symbol-section-in label { font-size: 14px; }:not(#tve) .thrv_symbol_297 [data-css=\"tve-u-16eac5dd29c\"] { letter-spacing: 0px; font-size: 10px !important; }.thrv_symbol_297 [data-css=\"tve-u-16ecc3abe12\"] { margin-bottom: 20px !important; }.thrv_symbol_297 [data-css=\"tve-u-16ecc3a3a49\"] { padding-top: 0px !important; margin-bottom: 20px !important; }.thrv_symbol_297 [data-css=\"tve-u-16ecb115065\"] { margin-bottom: 0px !important; }.thrv_symbol_297 [data-css=\"tve-u-16ecc3a7527\"] { padding-top: 0px !important; }.thrv_symbol_297 [data-css=\"tve-u-16f7f3a506a\"] { margin-top: 0px !important; }.thrv_symbol_297 [data-css=\"tve-u-16fa4454aff\"] { margin-top: 0px !important; margin-bottom: 8px !important; }.thrv_symbol_297 [data-css=\"tve-u-16fa4459cbe\"] { margin-bottom: 8px !important; }.thrv_symbol_297 [data-css=\"tve-u-16ecb321934\"] { margin-top: 10px !important; margin-bottom: 10px !important; }.thrv_symbol_297 [data-css=\"tve-u-16ecb1169a6\"] { flex-flow: row wrap !important; }.thrv_symbol_297 [data-css=\"tve-u-16f7f3a506a\"] .thrive-dynamic-styled-list-item { justify-content: flex-start; padding-bottom: 6px !important; margin-bottom: 0px !important; }.thrv_symbol_297 [data-css=\"tve-u-16ecc3a1bae\"] { margin-bottom: 10px !important; }.thrv_symbol_297 [data-css=\"tve-u-16ef4c292f2\"] { min-width: 245px; }.thrv_symbol_297 [data-css=\"tve-u-16ecc3a0a75\"] { margin-top: 0px !important; margin-bottom: 10px !important; }.thrv_symbol_297 [data-css=\"tve-u-16ecc39ec63\"] { margin-top: 0px !important; margin-bottom: 10px !important; }:not(#tve) .thrv_symbol_297 [data-css=\"tve-u-16ecb092969\"] { font-size: 11px !important; }:not(#tve) .thrv_symbol_297 [data-css=\"tve-u-16fa3d06cc8\"] { font-size: 12px !important; }:not(#tve) .thrv_symbol_297 [data-css=\"tve-u-16ecb31878f\"] { font-size: 12px !important; }:not(#tve) .thrv_symbol_297 [data-css=\"tve-u-16ecb319742\"] { font-size: 12px !important; color: rgba(255, 255, 255, 0.3) !important; --tcb-applied-color:rgba(255, 255, 255, 0.3)  !important; }.thrv_symbol_297 [data-css=\"tve-u-16ef4c196f8\"] { font-size: 20px; width: 20px; height: 20px; }.thrv_symbol_297 [data-css=\"tve-u-1701a6cab4b\"] { margin-top: 0px !important; }.thrv_symbol_297 [data-css=\"tve-u-1701a6cab4b\"] .thrive-dynamic-styled-list-item { justify-content: flex-start; padding-bottom: 6px !important; margin-bottom: 0px !important; }.thrv_symbol_297 [data-css=\"tve-u-16ecb1169a6\"] > .tcb-flex-col { flex-basis: 257px !important; }.thrv_symbol_297 [data-css=\"tve-u-17053db9f59\"] { margin-bottom: 20px !important; }}","icons":{"icon-angle-right-light":"<svg class=\"tcb-icon\" viewBox=\"0 0 192 512\" data-id=\"icon-angle-right-light\" data-name=\"\">\n<path d=\"M166.9 264.5l-117.8 116c-4.7 4.7-12.3 4.7-17 0l-7.1-7.1c-4.7-4.7-4.7-12.3 0-17L127.3 256 25.1 155.6c-4.7-4.7-4.7-12.3 0-17l7.1-7.1c4.7-4.7 12.3-4.7 17 0l117.8 116c4.6 4.7 4.6 12.3-.1 17z\"><\/path>\n<\/svg>"}},"type":"footer"}}