[{"ID":3042,"post_title":"Title Banner - Call to Action","post_type":"thrive_template","meta_input":{"default":"1","layout":"db8e1af0cb3aca1ae2d0018624204529","layout_data":{"content_width":" 1080px"},"structure":"[thrive_template_section type=\"top\" ][thrive_template_content]\n[thrive_main_container]\n[thrive_template_section type=\"sidebar\" ][thrive_template_section type=\"content\" ]\n[\/thrive_main_container]\n[\/thrive_template_content][thrive_template_section type=\"bottom\" ]","comments":{"labels":[],"icons":[]},"style":{"css":{"(min-width: 300px)":".tve-theme-__template_id__ #content { padding: 0px !important; }.tve-theme-__template_id__ #wrapper { --header-background-width:100%; --footer-background-width:100%; --top-background-width:100%; --bottom-background-width:100%; }.tve-theme-__template_id__ .content-section .section-content { padding-top: 40px !important; padding-bottom: 40px !important; }.tve-theme-__template_id__ .content-section { margin-bottom: 0px !important; }.tve-theme-__template_id__ .content-section [data-css=\"tve-u-1707d99b76f\"] { padding-left: 0px !important; padding-right: 0px !important; margin-top: 0px !important; margin-bottom: 0px !important; }.tve-theme-__template_id__ .top-section .section-background { border: none; background-color: var(--tcb-skin-color-0)  !important; background-image: none !important; }.tve-theme-__template_id__ .top-section .section-content { display: flex; flex-direction: column; text-align: center; --tve-color:rgb(255, 255, 255); justify-content: center; padding: 40px 20px !important; min-height: 224px !important; }.tve-theme-__template_id__ .top-section [data-css=\"tve-u-1705cdb4152\"] { padding-bottom: 1px !important; }:not(#tve) .tve-theme-__template_id__ .top-section [data-css=\"tve-u-1707753ab8f\"] { color: rgb(255, 255, 255) !important; --tcb-applied-color:rgb(255, 255, 255)  !important; }.tve-theme-__template_id__ .bottom-section .section-background { background-image: linear-gradient(var(--tcb-skin-color-18), var(--tcb-skin-color-18)), url(\"{{img=9096cf289a8366260a59f31455f5669c}}\") !important; background-size: auto, cover !important; background-position: 50% 50%, 50% 50% !important; background-attachment: scroll, fixed !important; background-repeat: no-repeat, no-repeat !important; }.tve-theme-__template_id__ .bottom-section .section-content { justify-content: center; display: flex; flex-direction: column; --tve-color:rgb(255, 255, 255); text-align: left; min-height: 375px !important; padding: 20px !important; }.tve-theme-__template_id__ .bottom-section [data-css=\"tve-u-16eb7f0b034\"] { float: none; z-index: 3; position: relative; --tve-font-weight:var(--g-bold-weight, bold); --tve-font-family:Muli; --g-regular-weight:400; --g-bold-weight:600; --tve-font-size:12px; --tve-text-transform:uppercase; --tve-letter-spacing:1px; margin: 0px auto !important; }.tve-theme-__template_id__ .bottom-section [data-css=\"tve-u-16eb7f0b034\"] .tcb-button-link { border: 2px solid rgb(255, 255, 255); border-radius: 100px; overflow: hidden; letter-spacing: var(--tve-letter-spacing, 1px); background-color: transparent !important; padding: 20px !important; }:not(#tve) .tve-theme-__template_id__ .bottom-section [data-css=\"tve-u-1705d95f22d\"] { color: rgb(255, 255, 255) !important; --tcb-applied-color:rgb(255, 255, 255) !important; padding-bottom: 0px !important; margin-bottom: 0px !important; font-size: 46px !important; font-weight: var(--g-bold-weight, bold) !important; }.tve-theme-__template_id__ .bottom-section [data-css=\"tve-u-1705d967199\"] { float: none; padding: 0px !important; margin-bottom: 30px !important; margin-left: auto !important; margin-right: auto !important; background-color: transparent !important; }:not(#tve) .tve-theme-__template_id__ .bottom-section [data-css=\"tve-u-16eb7f0b034\"] .tcb-button-link span { font-weight: var(--tve-font-weight, var(--g-bold-weight, bold)); text-transform: var(--tve-text-transform, uppercase); }:not(#tve) .tve-theme-__template_id__ .bottom-section [data-css=\"tve-u-16eb7f0b034\"] .tcb-button-link { font-family: var(--tve-font-family, Muli); font-size: var(--tve-font-size, 12px) !important; }:not(#tve) .tve-theme-__template_id__ .bottom-section [data-css=\"tve-u-1707d9d150c\"] { font-size: 15px !important; }","(max-width: 1023px)":".tve-theme-__template_id__ #content { padding: 0px !important; }.tve-theme-__template_id__ .content-section .section-content { padding-left: 40px !important; padding-right: 40px !important; }.tve-theme-__template_id__ .top-section .section-content { padding: 40px !important; }:not(#tve) .tve-theme-__template_id__ .bottom-section [data-css=\"tve-u-1705d95f22d\"] { font-size: 33px !important; }.tve-theme-__template_id__ .bottom-section .section-content { min-height: 261px !important; padding-top: 10px !important; padding-bottom: 10px !important; }","(max-width: 767px)":".tve-theme-__template_id__ .content-section .section-content { padding: 20px !important; }.tve-theme-__template_id__ .top-section .section-content { padding: 25px 20px !important; }.tve-theme-__template_id__ .bottom-section .section-content { padding: 20px !important; }.tve-theme-__template_id__ .bottom-section [data-css=\"tve-u-1705d967199\"] { margin-bottom: 20px !important; }:not(#tve) .tve-theme-__template_id__ .bottom-section [data-css=\"tve-u-16eb7f0b034\"] .tcb-button-link span { font-weight: var(--tve-font-weight, var(--g-bold-weight, bold)); }.tve-theme-__template_id__ .bottom-section [data-css=\"tve-u-16eb7f0b034\"] { --tve-font-weight:var(--g-bold-weight, bold); --tve-line-height:2em; min-width: 100% !important; }:not(#tve) .tve-theme-__template_id__ .bottom-section [data-css=\"tve-u-16eb7f0b034\"] .tcb-button-link { line-height: var(--tve-line-height, 2em); }:not(#tve) .tve-theme-__template_id__ .bottom-section [data-css=\"tve-u-1705d95f22d\"] { font-size: 26px !important; }.tve-theme-__template_id__ .bottom-section [data-css=\"tve-u-16eb7f0b034\"] .tcb-button-link { padding: 14px !important; }"},"fonts":["@import url(\"https:\/\/fonts.googleapis.com\/css?family=Muli:400,400i,600,600i,300,500,800,700,200,900,500i,300i,900i,800i,700i&subset=latin\");"],"dynamic":[]},"sections":{"top":{"id":0,"content":"<div class=\"thrv_wrapper thrv_text_element\" style=\"\" data-css=\"tve-u-1705cdb4152\"><h1 class=\"\">\u200b\u200b\u200b\u200b<span class=\"thrive-shortcode-content\" data-attr-link=\"0\" data-attr-rel=\"0\" data-attr-target=\"0\" data-css=\"tve-u-1707753ab8f\" data-extra_key=\"\" data-option-inline=\"1\" data-shortcode=\"tcb_post_title\" data-shortcode-name=\"Post title\">[tcb_post_title link='0' rel='0' target='0' inline='1']<\/span><\/h1><\/div>","decoration":[],"comments":[],"attr":{"class":""},"hide":0},"sidebar":{"id":0,"content":"[tcb_search_form data-ct='search_form-56234' data-ct-name='Default Template' input-placeholder='Search' button-layout='icon_text' button-label='Search' button-icon='<svg class=\"tcb-icon\" viewBox=\"0 0 512 512\" data-id=\"icon-search-regular\"><path d=\"M508.5 468.9L387.1 347.5c-2.3-2.3-5.3-3.5-8.5-3.5h-13.2c31.5-36.5 50.6-84 50.6-136C416 93.1 322.9 0 208 0S0 93.1 0 208s93.1 208 208 208c52 0 99.5-19.1 136-50.6v13.2c0 3.2 1.3 6.2 3.5 8.5l121.4 121.4c4.7 4.7 12.3 4.7 17 0l22.6-22.6c4.7-4.7 4.7-12.3 0-17zM208 368c-88.4 0-160-71.6-160-160S119.6 48 208 48s160 71.6 160 160-71.6 160-160 160z\"><\/path><\/svg>' post-types='{\"post\":\"Post\",\"page\":\"Page\"}'][\/tcb_search_form]\n<div class=\"thrv_wrapper thrv_text_element theme-style\" data-tag=\"h6\"><h6 class=\"\">Categories<\/h6><\/div>\n<div class=\"thrv_wrapper theme-sidebar-divider thrv-divider\" data-style=\"tve_sep-1\" data-thickness=\"1\" data-color=\"rgb(10, 10, 10)\">\n<hr class=\"tve_sep tve_sep-1\">\n<\/div>\n[thrive_dynamic_list icon='' type='categories' limit='5']\n<div class=\"thrv_wrapper thrv_text_element theme-style\" data-tag=\"h6\"><h6 class=\"\">Recent Posts<\/h6><\/div>\n<div class=\"thrv_wrapper theme-sidebar-divider thrv-divider\" data-style=\"tve_sep-1\" data-thickness=\"1\" data-color=\"rgb(10, 10, 10)\">\n<hr class=\"tve_sep tve_sep-1\">\n<\/div>\n[thrive_dynamic_list icon='' type='posts' limit='5']","decoration":[],"comments":[],"attr":{"class":""},"hide":1},"content":{"id":0,"content":"\n[tcb_post_content size='content' css='tve-u-1707d99b76f']\n","decoration":[],"comments":[],"attr":{"class":""},"hide":0},"bottom":{"id":0,"content":"<div class=\"thrv_wrapper thrv_text_element\" style=\"\" data-css=\"tve-u-1705d967199\"><h2 class=\"\" data-css=\"tve-u-1705d95f22d\" style=\"text-align: center;\">Direct Your Visitors to a Clear Action at the Bottom of the Page<\/h2><\/div><div class=\"thrv_wrapper thrv-button tve_ea_thrive_animation tve_anim_grow\" data-css=\"tve-u-16eb7f0b034\" style=\"\">\n<a href=\"#\" class=\"tcb-button-link tve_evt_manager_listen tve_et_mouseover\" target=\"_blank\" rel=\"nofollow\" style=\"\" data-tcb-events=\"__TCB_EVENT_[{&quot;t&quot;:&quot;mouseover&quot;,&quot;config&quot;:{&quot;anim&quot;:&quot;grow&quot;,&quot;loop&quot;:1},&quot;a&quot;:&quot;thrive_animation&quot;}]_TNEVE_BCT__\">\n<span class=\"tcb-button-texts\" style=\"\"><span class=\"tcb-button-text thrv-inline-text\" style=\"\" data-css=\"tve-u-1707d9d150c\">Clear Call To Action Button<\/span><\/span>\n<\/a>\n<\/div>","decoration":[],"comments":[],"attr":{"class":""},"hide":0},"header":{"id":"4ea06fbc83cdd0a06020c35d50e1e89a","hide":0},"footer":{"id":"9fd81843ad7f202f26c1a174c7357585","hide":0}},"icons":[],"format":"standard","tag":"5e556565e2e38","no_search_results":"","primary_template":"singular","secondary_template":"page","variable_template":""},"post_status":"publish"}]