{"4ea06fbc83cdd0a06020c35d50e1e89a":{"name":"770.png","folder":"symbols","h":23,"w":600,"custom_subdir":1},"66eea9a5b8b973552d0fde5e0ec6c03b":{"name":"WooCommerce_obj-06.jpg"},"67a66b1829db0304f92e5d65fa3056d9":{"name":"shapeshift_top_section_005-1.jpg"},"8a21e14ed0b7f8d4aaf92598014ff424":{"name":"Simple-top-texture-13_02.jpg"},"1d98edfd003bcd59e957739802965f19":{"name":"5184.png","folder":"thrive-theme\/preview","h":300,"w":300,"custom_subdir":1},"9fd81843ad7f202f26c1a174c7357585":{"name":"297.png","folder":"symbols","h":160,"w":600,"custom_subdir":1},"f8eec0a08d2ab4be92d1c9d7622582f8":{"name":"middle_image_16-1.jpg"},"843a4d7fb5b1641b0bb8e3c2b2e75231":{"name":"5176.png","folder":"thrive-theme\/preview","h":300,"w":300,"custom_subdir":1},"14e06b90df035a4230e87d91f55ad743":{"name":"WooCommerce-Pattern-11.jpg"},"6f8caa0e6413027cb7a12f945151cb8d":{"name":"5173.png","folder":"thrive-theme\/preview","h":300,"w":300,"custom_subdir":1},"99d2f9aef447e0aff4f9aa8c6288b4fb":{"name":"online_course_smart_image_18-1.jpg"},"37b236e9bd74fc5c00327d524fa67a0f":{"name":"arrow_hero.png"},"75e78b72f35507e4ce584af32548e178":{"name":"Simple-top-texture-banner-02_03.jpg"},"c527601f9454555cb914fec91805adab":{"name":"WooCommerce-Sidebar-texture02.jpg"},"6d47608160fc4e7ba41487e421c74f04":{"name":"Simple-top-texture-banner-13.jpg"},"885b2c7a6deb4fea10f319c4ce993e02":{"name":"5168.png","folder":"thrive-theme\/preview","h":300,"w":300,"custom_subdir":1},"d814f4e3dcf9e6f473e213232b9ba115":{"name":"5166.png","folder":"thrive-theme\/preview","h":300,"w":300,"custom_subdir":1},"0855e58b89bfc592fe8f2fc726e8d85d":{"name":"WooCommerce-Course-03_02.jpg"},"3b8c6dc0b282e4aa77ac2a109dbc83c8":{"name":"5163.png","folder":"thrive-theme\/preview","h":300,"w":300,"custom_subdir":1},"a142c04369b853822ec557b108058ed1":{"name":"WooCommerce-img-07_02.jpg"},"936d1b96c8fcaf28012b0360392c3307":{"name":"Simple-top-texture-banner-06_03.jpg"},"fbe0592de364cf3c98efdcfa6732a323":{"name":"shapeshift_post_list_image_01-1.jpg"},"83b637f42d48c0eb9a495ec1838243c3":{"name":"Homepage-Business_gallery3_03.jpg"},"fe4b8556000d0f0cae99daa5c5c5a410":{"name":"5145.png","folder":"thrive-theme\/preview","h":300,"w":300,"custom_subdir":1},"fc5e6e9d7b4e127f22fb44fe643b9c09":{"name":"Woocommerce_toptexture12.jpg"},"1badea3f0643da4d7f70c60ad7cb2e63":{"name":"hoodie_3_front.jpg"},"58155fc7f528a19b9fc3599b65047290":{"name":"5142.png","folder":"thrive-theme\/preview","h":300,"w":300,"custom_subdir":1},"2c7473f485961a525b4625538be4284d":{"name":"WooCommerce_obj-08.jpg"},"69f62956429865909921fa916d61c1f8":{"name":"5139.png","folder":"thrive-theme\/preview","h":300,"w":300,"custom_subdir":1},"6fbd841e2e4b2938351a4f9b68f12e6b":{"name":"5138.png","folder":"thrive-theme\/preview","h":300,"w":300,"custom_subdir":1},"e432fd20be14996d7e4f76ce0564c59e":{"name":"WooCommerce-Sidebar-08_03.jpg"},"b50aeb71563e08cc853479255f4f2e82":{"name":"Featured_img_3_03-150x84.jpg"},"87bbe48e4b715dcb8d593eb63e773b7d":{"name":"Woocom_top-img-03_02.jpg"},"999028872cfff7ae8ee330a33cbd3874":{"name":"5010.png","folder":"thrive-theme\/preview","h":300,"w":300,"custom_subdir":1},"6eca12437d7e4a82feb741520fd7a9d7":{"name":"WooCommerce-top_full-width-shop_01.jpg"},"b531be715418d966e7a6acaaa0294293":{"name":"WooCommerce-Sidebar-subscribe_03.jpg"},"d6ce4b6fe5bf97083ec98c27b0f35f82":{"name":"Woocommerce-Sidebar-06_03.jpg"},"afe9d19b76f8cd794203140b74063667":{"name":"Woocommerce_bottom-05a_03.jpg"},"1f8a7ce433abbc67882b5f8050360f12":{"name":"WooCommerce-bottom-08c.jpg"},"d7b329f1791a219e69e11ba8f8dc078c":{"name":"Woocom_top-08d.jpg"},"fc146be0b230d7e0a92e66a6114b840d":{"name":"4988.png","folder":"thrive-theme\/preview","h":300,"w":300,"custom_subdir":1},"d173a3b8298f3f44594f56e9823de00b":{"name":"bright-author-guy-200.jpg"},"137bdd55f159c4f5556391f53e608f2e":{"name":"4802.png","folder":"thrive-theme\/preview","h":300,"w":300,"custom_subdir":1},"2912bbeedc16c67bd0529ab7d438c1ac":{"name":"4803.png","folder":"thrive-theme\/preview","h":300,"w":300,"custom_subdir":1},"88b5bc63ba584637cb34881a061fd9e9":{"name":"featured_on_logo4.png"},"f5d595ed3db0fc9cd1d6533f8a24d970":{"name":"featured_on_logo2.png"},"0c7119e3a6a2209da6a5b90e5b5b75bd":{"name":"4801.png","folder":"thrive-theme\/preview","h":300,"w":300,"custom_subdir":1},"e834cc5483bed1731f1e2944e0c4e3ff":{"name":"shapeshift_homepage_author_img_02.jpg"},"495ef249cfa76a702da5ff12400d86f0":{"name":"WooCommerce_Course12_02-1.jpg"},"b87517992f7dce71b674976b280257d2":{"name":"4791.png","folder":"thrive-theme\/preview","h":300,"w":300,"custom_subdir":1},"6ef272fc4a9ab5ac691a77b4995c428a":{"name":"pennant-1-150x150.jpg"},"b3f5bcc898a2d671e02cbd76ed1adae3":{"name":"Woocom_Sidebar-offer-01_03.jpg"},"6bb49c4aa69cadd01115020045b7dcc3":{"name":"shapeshift_top_section_004-1.jpg"},"9a02387b02ce7de2dac4b925892f68fb":{"name":"4790.png","folder":"thrive-theme\/preview","h":300,"w":300,"custom_subdir":1},"a66bb2896d1492440a3b28ef14650aa9":{"name":"shapeshift_sidebar_img_001.jpg"},"9096cf289a8366260a59f31455f5669c":{"name":"img_bottom_03.jpg"},"74b92cbf868b8857c3a8729ae7a7b931":{"name":"Post-4_featured-150x150.jpg"},"be767243ca8f574c740fb4c26cc6dceb":{"name":"3072.png","folder":"thrive-theme\/preview","h":300,"w":300,"custom_subdir":1},"ec4973b5d01d7ca9a773626f45a85953":{"name":"Featured_img_3_03-10.jpg"},"6a7611a5bfec5c4be816ffd10494f352":{"name":"FB_Featured-img3-3-4.jpg"},"76d94fa66a67088c8cf87cf4e52f425d":{"name":"Post-4_featured-1024x373.jpg"},"7ba135b5e06b763058442167d50c3c8a":{"name":"Post-4_featured.jpg"},"d8ab1a52f058358b947cdf8261b5e1a2":{"name":"3066.png","folder":"thrive-theme\/preview","h":300,"w":300,"custom_subdir":1},"6fec24eac8f18ed793f5eaad3dd7977c":{"name":"3065.png","folder":"thrive-theme\/preview","h":300,"w":300,"custom_subdir":1},"96c3a3c10636a7e40413277fd6b3a8db":{"name":"hero_img_002-2.jpg"},"e0dc47ea7cbccb8252089490d795b4bd":{"name":"shapeshift_homepage_testimonial_image2-1.jpg"},"538c3ca7e178f7b59eb5c00b307dcf44":{"name":"Deco_top_04_bg_03.jpg"},"19bc12969589f278878e80fd6c994748":{"name":"Post-1_featured.jpg"},"3f5ee243547dee91fbd053c1c4a845aa":{"name":"3058.png","folder":"thrive-theme\/preview","h":300,"w":300,"custom_subdir":1},"678bcbc20ec8538014861ae9c50d9664":{"name":"Decorative_top2_bg_02-3.jpg"},"f0b1d5879866f2c2eba77f39993d1184":{"name":"3051.png","folder":"thrive-theme\/preview","h":300,"w":300,"custom_subdir":1},"8875d69e187ce29100ace96b68846e3d":{"name":"chic_blog_post_image_1-1-8.jpg"},"4ba1090cc1959819912514145ea1447a":{"name":"top-area-page.jpg"},"4fa177df22864518b2d7818d4db5db2d":{"name":"3049.png","folder":"thrive-theme\/preview","h":300,"w":300,"custom_subdir":1},"8e489b4966fe8f703b5be647f1cbae63":{"name":"3047.png","folder":"thrive-theme\/preview","h":300,"w":300,"custom_subdir":1},"823ce695846125a8c4124d7ff15953e2":{"name":"shapeshift_local_business_03_s4_video_1a-1.jpg"},"e137ca206896571de96d48557e546ad7":{"name":"shapeshift_local_business_03_s4_video_2.jpg"},"1a350842a7ff436169e16465686d26fa":{"name":"FB_Featured-img01-7.jpg"},"0ebf197205c00fc6e0aac7261a8c1bdc":{"name":"3045.png","folder":"thrive-theme\/preview","h":300,"w":300,"custom_subdir":1},"7cd5c59b5c34882317987127971ae0b0":{"name":"Subscribe_blog-_banner-10.jpg"},"b8af7d0fbf094517781e0382102d7b27":{"name":"3044.png","folder":"thrive-theme\/preview","h":300,"w":300,"custom_subdir":1},"3fd60983292458bf7dee75f12d5e9e05":{"name":"3042.png","folder":"thrive-theme\/preview","h":300,"w":300,"custom_subdir":1},"5fa085a82f7c7ae5839590bb2ba19cef":{"name":"masonry_02-1024x576.jpg"},"9922f5774d88b203c4ec0fdd26616899":{"name":"3041.png","folder":"thrive-theme\/preview","h":300,"w":300,"custom_subdir":1},"a3f54f249d4fc0cffe07275afa5c36dc":{"name":"author-girl.jpg"},"ed17ecbfc871f37ef2b186b64946fd99":{"name":"shapeshift_top_section_001-1.jpg"},"a92c274b8be496fb05d95033552eeddd":{"name":"3038.png","folder":"thrive-theme\/preview","h":300,"w":300,"custom_subdir":1},"949298ba9d2ed32a3c10304c1565b1ac":{"name":"middle_image_11-1.jpg"},"10ce03a1ed01077e3e289f3e53c72813":{"name":"3037.png","folder":"thrive-theme\/preview","h":300,"w":300,"custom_subdir":1},"4b86ca48d90bd5f0978afa3a012503a4":{"name":"3036.png","folder":"thrive-theme\/preview","h":300,"w":300,"custom_subdir":1},"272e11700558e27be60f7489d2d782e7":{"name":"3033.png","folder":"thrive-theme\/preview","h":300,"w":300,"custom_subdir":1},"0cd60efb5578cd967c3c23894f305800":{"name":"3031.png","folder":"thrive-theme\/preview","h":300,"w":300,"custom_subdir":1},"22d8caab393bd34dfbf7a4461d423e18":{"name":"Post-1_featured-1024x373.jpg"},"cb69d103b11db6fa118f0ef11fa1d5a4":{"name":"shapeshift_about_us_image_01a.jpg"},"4975b4b397d45699bf01786ef96b1167":{"name":"bottom_image_01-2.jpg"},"4aa5427395d2e771dc33621cc09461c3":{"name":"img_sidebar_04.jpg"},"a07663b91bb773c6f7b605edae795201":{"name":"Homepage-business_img2_02.jpg"},"8e9ff86653625a3074d753a1da0d777b":{"name":"author_img_sidebar.jpg"},"2bd235c31c97855b7ef2dc8b414779af":{"name":"3025.png","folder":"thrive-theme\/preview","h":300,"w":300,"custom_subdir":1},"07071b075a440fe54b357d91fdc24d52":{"name":"Featured_img_1_03-10.jpg"},"248024541dbda1d3fd75fe49d1a4df4d":{"name":"3017.png","folder":"thrive-theme\/preview","h":300,"w":300,"custom_subdir":1},"cb12d7f933e7d102c52231bf62b8a678":{"name":"2995.png","folder":"thrive-theme\/preview","h":300,"w":300,"custom_subdir":1},"58aaee7ae94b52697ad3b9275d46ec7f":{"name":"2993.png","folder":"thrive-theme\/preview","h":300,"w":300,"custom_subdir":1},"e113bb92c69391dd39e2488f9f588382":{"name":"2631.png","folder":"thrive-theme\/preview","h":300,"w":300,"custom_subdir":1},"8bd39eae38511daad6152e84545e504d":{"name":"2620.png","folder":"thrive-theme\/preview","h":300,"w":300,"custom_subdir":1},"fb89fd138b104dcf8e2077ad2a23954d":{"name":"2588.png","folder":"thrive-theme\/preview","h":300,"w":300,"custom_subdir":1},"56ca56a4cc27dc2c3eed8ca2afdd1bfe":{"name":"middle_image_01-2.jpg"},"eaa52f3366768bca401dca9ea5b181dd":{"name":"2583.png","folder":"thrive-theme\/preview","h":300,"w":300,"custom_subdir":1},"62ba3e79506d1d870d0c5a4c1918235c":{"name":"featured_image.png"},"4b4edc2630fe75800ddc29a7b4070add":{"name":"2204.png","folder":"thrive-theme\/preview","h":300,"w":300,"custom_subdir":1},"06cf32b25192880a3949a5f300327851":{"name":"Team_top-img-6.jpg"},"1415db70fe9ddb119e23e9b2808cde38":{"name":"1496.png","folder":"thrive-theme\/preview","h":300,"w":300,"custom_subdir":1},"83cdcec08fbf90370fcf53bdd56604ff":{"name":"1478.png","folder":"thrive-theme\/preview","h":300,"w":300,"custom_subdir":1},"941e1aaaba585b952b62c14a3a175a61":{"name":"451.png","folder":"thrive-theme\/preview","h":300,"w":300,"custom_subdir":1},"750b987d67c312f31f1d910d4aae4708":{"name":"404-6.png"},"42143b0c4dbf3c6a9d319a1bb952cad5":{"name":"author_image.png"},"94f6d7e04a4d452035300f18b984988c":{"name":"300.png","folder":"thrive-theme\/preview","h":300,"w":300,"custom_subdir":1},"c503173c742312df3c5fde1eadefa7ff":{"name":"shapeshift_local_business_03_s5_testimonial_1.jpg"},"211fcc2d277a639fca969105b10f33d2":{"name":"shapeshift_local_business_03_s5_testimonial_2.jpg"},"901435a5c0834433ba7fab3e4904376f":{"name":"Blog-List-simple-_02-1-8.jpg"},"601dbad3b63a2bd3f12edc24581450d6":{"name":"shapeshift_top_section_002-2-1024x683.jpg"},"34ed066df378efacc9b924ec161e7639":{"name":"301.png","folder":"thrive-theme\/preview","h":300,"w":300,"custom_subdir":1},"577bcc914f9e55d5e4e4f82f9f00e7d4":{"name":"302.png","folder":"thrive-theme\/preview","h":300,"w":300,"custom_subdir":1},"11b9842e0a271ff252c1903e7132cd68":{"name":"303.png","folder":"thrive-theme\/preview","h":300,"w":300,"custom_subdir":1},"6a25cbae1bf02537d379751dc2efd1b2":{"name":"Deco_top_04_bg_03-1.jpg"},"496e05e1aea0a9c4655800e8a7b9ea28":{"name":"305.png","folder":"thrive-theme\/preview","h":300,"w":300,"custom_subdir":1}}