{"term_id":27,"name":"Shapeshift Theme","slug":"blogger-thrive-theme","term_group":0,"term_taxonomy_id":27,"taxonomy":"thrive_skin_tax","description":"","parent":0,"count":316,"filter":"raw","term_meta":{"is_active":"1","default_layout":"20f07591c6fcb220ffe637cda29bb3f6","tag":"q1qj01","palettes":{"original":[{"colors":[{"id":0,"color":"rgb(47, 138, 229)","hsl":{"h":210,"s":0.77,"l":0.54,"a":1}},{"id":1,"color":"rgba(47, 139, 231, 0.5)","hsl_parent_dependency":{"h":210,"s":0.79,"l":0.54,"a":0.5}},{"id":3,"color":"rgb(5, 5, 65)","hsl_parent_dependency":{"h":240,"s":0.85,"l":0.13,"a":1}},{"id":8,"color":"rgba(47, 139, 231, 0.18)","hsl_parent_dependency":{"h":210,"s":0.79,"l":0.54,"a":0.18}},{"id":9,"color":"rgb(240, 246, 251)","hsl_parent_dependency":{"h":207,"s":0.57,"l":0.96,"a":1}},{"id":10,"color":"rgb(162, 241, 255)","hsl_parent_dependency":{"h":189,"s":1,"l":0.81,"a":1}},{"id":13,"color":"rgba(19, 94, 169, 0.5)","hsl_parent_dependency":{"h":210,"s":0.79,"l":0.36,"a":0.5}},{"id":16,"color":"rgb(90, 93, 96)","hsl_parent_dependency":{"h":210,"s":0.03,"l":0.36,"a":1}},{"id":18,"color":"rgba(47, 139, 231, 0.8)","hsl_parent_dependency":{"h":210,"s":0.79,"l":0.54,"a":0.8}},{"id":19,"color":"rgba(240, 246, 251, 0.85)","hsl_parent_dependency":{"h":207,"s":0.57,"l":0.96,"a":0.85}},{"id":20,"color":"rgba(240, 246, 251, 0.9)","hsl_parent_dependency":{"h":207,"s":0.57,"l":0.96,"a":0.9}},{"id":21,"color":"rgba(255, 255, 255, 0)","hsl_parent_dependency":{"h":0,"s":0,"l":1,"a":0}},{"id":2,"color":"rgb(248, 248, 248)"},{"id":4,"color":"rgb(12, 17, 21)"},{"id":5,"color":"rgb(106, 107, 108)"},{"id":14,"color":"rgb(230, 230, 230)"},{"id":22,"color":"rgb(255, 255, 255)"}],"gradients":[],"name":"Default"},{"colors":[{"id":0,"color":"rgb(233, 111, 0)","hsl":{"h":28,"s":1,"l":0.45,"a":1}},{"id":1,"color":"rgba(231, 133, 47, 0.5)","hsl_parent_dependency":{"h":28,"s":0.79,"l":0.54,"a":0.5}},{"id":3,"color":"rgb(77, 16, 0)","hsl_parent_dependency":{"h":12,"s":1,"l":0.15,"a":1}},{"id":8,"color":"rgba(231, 133, 47, 0.18)","hsl_parent_dependency":{"h":28,"s":0.79,"l":0.54,"a":0.18}},{"id":9,"color":"rgb(251, 245, 240)","hsl_parent_dependency":{"h":27,"s":0.57,"l":0.96,"a":1}},{"id":10,"color":"rgb(255, 184, 162)","hsl_parent_dependency":{"h":14,"s":1,"l":0.81,"a":1}},{"id":13,"color":"rgba(169, 89, 19, 0.5)","hsl_parent_dependency":{"h":27,"s":0.79,"l":0.36,"a":0.5}},{"id":16,"color":"rgb(96, 93, 90)","hsl_parent_dependency":{"h":29,"s":0.03,"l":0.36,"a":1}},{"id":18,"color":"rgba(231, 133, 47, 0.8)","hsl_parent_dependency":{"h":28,"s":0.79,"l":0.54,"a":0.8}},{"id":19,"color":"rgba(251, 245, 240, 0.85)","hsl_parent_dependency":{"h":27,"s":0.57,"l":0.96,"a":0.85}},{"id":20,"color":"rgba(251, 245, 240, 0.85)","hsl_parent_dependency":{"h":27,"s":0.57,"l":0.96,"a":0.85}},{"id":21,"color":"rgba(255, 255, 255, 0)","hsl_parent_dependency":{"h":0,"s":0,"l":1,"a":0}},{"id":2,"color":"rgb(248, 248, 248)"},{"id":4,"color":"rgb(12, 17, 21)"},{"id":5,"color":"rgb(101, 101, 101)"},{"id":14,"color":"rgb(106, 107, 108)"},{"id":22,"color":"rgb(255, 255, 255)"}],"gradients":[],"name":"Pallete 01"},{"colors":[{"id":0,"color":"rgb(210, 0, 98)","hsl":{"h":332,"s":1,"l":0.41,"a":1}},{"id":1,"color":"rgba(152, 43, 94, 0.5)","hsl_parent_dependency":{"h":331,"s":0.55,"l":0.38,"a":0.5}},{"id":3,"color":"rgb(65, 7, 5)","hsl_parent_dependency":{"h":2,"s":0.85,"l":0.13,"a":1}},{"id":8,"color":"rgba(231, 47, 133, 0.18)","hsl_parent_dependency":{"h":331,"s":0.79,"l":0.54,"a":0.18}},{"id":9,"color":"rgb(251, 240, 246)","hsl_parent_dependency":{"h":327,"s":0.57,"l":0.96,"a":1}},{"id":10,"color":"rgb(255, 162, 238)","hsl_parent_dependency":{"h":310,"s":1,"l":0.81,"a":1}},{"id":13,"color":"rgba(169, 19, 89, 0.5)","hsl_parent_dependency":{"h":332,"s":0.79,"l":0.36,"a":0.5}},{"id":16,"color":"rgb(96, 90, 93)","hsl_parent_dependency":{"h":330,"s":0.03,"l":0.36,"a":1}},{"id":18,"color":"rgba(208, 36, 117, 0.8)","hsl_parent_dependency":{"h":331,"s":0.7,"l":0.47,"a":0.8}},{"id":19,"color":"rgba(251, 240, 246, 0.85)","hsl_parent_dependency":{"h":327,"s":0.57,"l":0.96,"a":0.85}},{"id":20,"color":"rgba(251, 240, 246, 0.9)","hsl_parent_dependency":{"h":327,"s":0.57,"l":0.96,"a":0.9}},{"id":21,"color":"rgba(255, 255, 255, 0)","hsl_parent_dependency":{"h":0,"s":0,"l":1,"a":0}},{"id":2,"color":"rgb(248, 248, 248)"},{"id":4,"color":"rgb(12, 17, 21)"},{"id":5,"color":"rgb(106, 107, 108)"},{"id":14,"color":"rgb(230, 230, 230)"},{"id":22,"color":"rgb(255, 255, 255)"}],"gradients":[],"name":"Pallete 02"}],"modified":[{"colors":[{"id":0,"color":"rgb(47, 138, 229)","hsl":{"h":210,"s":0.77,"l":0.54,"a":1}},{"id":1,"color":"rgba(47, 139, 231, 0.5)","hsl_parent_dependency":{"h":210,"s":0.79,"l":0.54,"a":0.5}},{"id":3,"color":"rgb(5, 5, 65)","hsl_parent_dependency":{"h":240,"s":0.85,"l":0.13,"a":1}},{"id":8,"color":"rgba(47, 139, 231, 0.18)","hsl_parent_dependency":{"h":210,"s":0.79,"l":0.54,"a":0.18}},{"id":9,"color":"rgb(240, 246, 251)","hsl_parent_dependency":{"h":207,"s":0.57,"l":0.96,"a":1}},{"id":10,"color":"rgb(162, 241, 255)","hsl_parent_dependency":{"h":189,"s":1,"l":0.81,"a":1}},{"id":13,"color":"rgba(19, 94, 169, 0.5)","hsl_parent_dependency":{"h":210,"s":0.79,"l":0.36,"a":0.5}},{"id":16,"color":"rgb(90, 93, 96)","hsl_parent_dependency":{"h":210,"s":0.03,"l":0.36,"a":1}},{"id":18,"color":"rgba(47, 139, 231, 0.8)","hsl_parent_dependency":{"h":210,"s":0.79,"l":0.54,"a":0.8}},{"id":19,"color":"rgba(240, 246, 251, 0.85)","hsl_parent_dependency":{"h":207,"s":0.57,"l":0.96,"a":0.85}},{"id":20,"color":"rgba(240, 246, 251, 0.9)","hsl_parent_dependency":{"h":207,"s":0.57,"l":0.96,"a":0.9}},{"id":21,"color":"rgba(255, 255, 255, 0)","hsl_parent_dependency":{"h":0,"s":0,"l":1,"a":0}},{"id":2,"color":"rgb(248, 248, 248)"},{"id":4,"color":"rgb(12, 17, 21)"},{"id":5,"color":"rgb(106, 107, 108)"},{"id":14,"color":"rgb(230, 230, 230)"},{"id":22,"color":"rgb(255, 255, 255)"}],"gradients":[],"name":"Default"},{"colors":[{"id":0,"color":"rgb(233, 111, 0)","hsl":{"h":28,"s":1,"l":0.45,"a":1}},{"id":1,"color":"rgba(231, 133, 47, 0.5)","hsl_parent_dependency":{"h":28,"s":0.79,"l":0.54,"a":0.5}},{"id":3,"color":"rgb(77, 16, 0)","hsl_parent_dependency":{"h":12,"s":1,"l":0.15,"a":1}},{"id":8,"color":"rgba(231, 133, 47, 0.18)","hsl_parent_dependency":{"h":28,"s":0.79,"l":0.54,"a":0.18}},{"id":9,"color":"rgb(251, 245, 240)","hsl_parent_dependency":{"h":27,"s":0.57,"l":0.96,"a":1}},{"id":10,"color":"rgb(255, 184, 162)","hsl_parent_dependency":{"h":14,"s":1,"l":0.81,"a":1}},{"id":13,"color":"rgba(169, 89, 19, 0.5)","hsl_parent_dependency":{"h":27,"s":0.79,"l":0.36,"a":0.5}},{"id":16,"color":"rgb(96, 93, 90)","hsl_parent_dependency":{"h":29,"s":0.03,"l":0.36,"a":1}},{"id":18,"color":"rgba(231, 133, 47, 0.8)","hsl_parent_dependency":{"h":28,"s":0.79,"l":0.54,"a":0.8}},{"id":19,"color":"rgba(251, 245, 240, 0.85)","hsl_parent_dependency":{"h":27,"s":0.57,"l":0.96,"a":0.85}},{"id":20,"color":"rgba(251, 245, 240, 0.85)","hsl_parent_dependency":{"h":27,"s":0.57,"l":0.96,"a":0.85}},{"id":21,"color":"rgba(255, 255, 255, 0)","hsl_parent_dependency":{"h":0,"s":0,"l":1,"a":0}},{"id":2,"color":"rgb(248, 248, 248)"},{"id":4,"color":"rgb(12, 17, 21)"},{"id":5,"color":"rgb(101, 101, 101)"},{"id":14,"color":"rgb(106, 107, 108)"},{"id":22,"color":"rgb(255, 255, 255)"}],"gradients":[],"name":"Pallete 01"},{"colors":[{"id":0,"color":"rgb(210, 0, 98)","hsl":{"h":332,"s":1,"l":0.41,"a":1}},{"id":1,"color":"rgba(152, 43, 94, 0.5)","hsl_parent_dependency":{"h":331,"s":0.55,"l":0.38,"a":0.5}},{"id":3,"color":"rgb(65, 7, 5)","hsl_parent_dependency":{"h":2,"s":0.85,"l":0.13,"a":1}},{"id":8,"color":"rgba(231, 47, 133, 0.18)","hsl_parent_dependency":{"h":331,"s":0.79,"l":0.54,"a":0.18}},{"id":9,"color":"rgb(251, 240, 246)","hsl_parent_dependency":{"h":327,"s":0.57,"l":0.96,"a":1}},{"id":10,"color":"rgb(255, 162, 238)","hsl_parent_dependency":{"h":310,"s":1,"l":0.81,"a":1}},{"id":13,"color":"rgba(169, 19, 89, 0.5)","hsl_parent_dependency":{"h":332,"s":0.79,"l":0.36,"a":0.5}},{"id":16,"color":"rgb(96, 90, 93)","hsl_parent_dependency":{"h":330,"s":0.03,"l":0.36,"a":1}},{"id":18,"color":"rgba(208, 36, 117, 0.8)","hsl_parent_dependency":{"h":331,"s":0.7,"l":0.47,"a":0.8}},{"id":19,"color":"rgba(251, 240, 246, 0.85)","hsl_parent_dependency":{"h":327,"s":0.57,"l":0.96,"a":0.85}},{"id":20,"color":"rgba(251, 240, 246, 0.9)","hsl_parent_dependency":{"h":327,"s":0.57,"l":0.96,"a":0.9}},{"id":21,"color":"rgba(255, 255, 255, 0)","hsl_parent_dependency":{"h":0,"s":0,"l":1,"a":0}},{"id":2,"color":"rgb(248, 248, 248)"},{"id":4,"color":"rgb(12, 17, 21)"},{"id":5,"color":"rgb(106, 107, 108)"},{"id":14,"color":"rgb(230, 230, 230)"},{"id":22,"color":"rgb(255, 255, 255)"}],"gradients":[],"name":"Pallete 02"}],"active_id":0},"variables":{"colors":{"0":{"id":0,"color":"rgb(47, 138, 229)","name":"Main Accent","custom_name":"1","parent":-1,"hsl":{"h":210,"s":0.77,"l":0.54,"a":1}},"1":{"id":1,"color":"rgba(47, 139, 231, 0.5)","name":"Accent Medium Opacity","custom_name":"1","parent":0,"lock":{"saturation":1,"lightness":1},"hsl_parent_dependency":{"h":210,"s":0.79,"l":0.54,"a":0.5}},"3":{"id":3,"color":"rgb(5, 5, 65)","name":"Dark Accent","custom_name":"1","parent":0,"lock":{"saturation":1,"lightness":1},"hsl_parent_dependency":{"h":240,"s":0.85,"l":0.13,"a":1}},"8":{"id":8,"color":"rgba(47, 139, 231, 0.18)","name":"Accent Low Opacity","custom_name":"1","parent":0,"lock":{"saturation":1,"lightness":1},"hsl_parent_dependency":{"h":210,"s":0.79,"l":0.54,"a":0.18}},"9":{"id":9,"color":"rgb(240, 246, 251)","name":"Accent Light","custom_name":"1","parent":0,"lock":{"lightness":1,"saturation":1},"hsl_parent_dependency":{"h":207,"s":0.57,"l":0.96,"a":1}},"10":{"id":10,"color":"rgb(162, 241, 255)","name":"Accent Tone","custom_name":"1","parent":0,"lock":{"saturation":1,"lightness":1},"hsl_parent_dependency":{"h":189,"s":1,"l":0.81,"a":1}},"13":{"id":13,"color":"rgba(19, 94, 169, 0.5)","name":"Accent Dark Medium Opacity","custom_name":"1","parent":0,"lock":{"saturation":1,"lightness":1},"hsl_parent_dependency":{"h":210,"s":0.79,"l":0.36,"a":0.5}},"16":{"id":16,"color":"rgb(90, 93, 96)","name":"Dark Accent Lighter","custom_name":"1","parent":0,"lock":{"saturation":1,"lightness":1},"hsl_parent_dependency":{"h":210,"s":0.03,"l":0.36,"a":1}},"18":{"id":18,"color":"rgba(47, 139, 231, 0.8)","name":"Accent High Opacity","custom_name":"1","parent":0,"hsl_parent_dependency":{"h":210,"s":0.79,"l":0.54,"a":0.8}},"19":{"id":19,"color":"rgba(240, 246, 251, 0.85)","name":"Accent Light High Opacity","custom_name":"1","parent":0,"lock":{"saturation":1,"lightness":1},"hsl_parent_dependency":{"h":207,"s":0.57,"l":0.96,"a":0.85}},"20":{"id":20,"color":"rgba(240, 246, 251, 0.9)","name":"Accent See Through","custom_name":"1","parent":0,"lock":{"lightness":1,"saturation":1},"hsl_parent_dependency":{"h":207,"s":0.57,"l":0.96,"a":0.9}},"21":{"id":21,"color":"rgba(255, 255, 255, 0)","name":"Full Transparent","custom_name":"1","parent":0,"hsl_parent_dependency":{"h":0,"s":0,"l":1,"a":0}},"2":{"id":2,"color":"rgb(248, 248, 248)","name":"Neutral backgrounds","custom_name":"1","parent":""},"4":{"id":4,"color":"rgb(12, 17, 21)","name":"Dark elements","custom_name":"1","parent":""},"5":{"id":5,"color":"rgb(106, 107, 108)","name":"General text","custom_name":"1","parent":""},"14":{"id":14,"color":"rgb(230, 230, 230)","name":"Dividers","custom_name":"1","parent":""},"22":{"id":22,"color":"rgb(255, 255, 255)","name":"Light elements","custom_name":"1","parent":""}},"gradients":[]},"thrive_woocommerce_generated_templates":"0"}}