{"53c6de78244e9f528eb3e1cda69699bb":{"ID":"2607","post_title":"Post List - Lead Generation","post_type":"thrive_section","post_status":"publish","meta_input":{"skin_tag":"q1qj01","content":"<div class=\"thrv_wrapper thrv_text_element\" style=\"\" data-css=\"tve-u-16f9008983c\"><h2 class=\"\" data-css=\"tve-u-16fd30a8588\">Related Posts<\/h2><\/div>[tcb_post_list query=\"{'paged':1,'filter':'custom','post_type':'post','orderby':'date','order':'DESC','posts_per_page':'4','offset':'1','no_posts_text':'There are no posts to display.','queried_object':{'ID':665,'post_author':'7','post_type':'page'},'sticky':|{||}|,'rules':|{||}|}\" type=\"grid\" columns-d=\"4\" columns-t=\"2\" columns-m=\"1\" vertical-space-d=\"15\" horizontal-space-d=\"15\" ct=\"post_list-43430\" ct-name=\"Image &amp; Text 04\" tcb-elem-type=\"post_list\" pagination-type=\"none\" pages_near_current=\"2\" element-name=\"Post List\" css=\"tve-u-16f9009d4b0\" vertical-space-t=\"50\" vertical-space-m=\"20\" total_post_count=\"10\" total_sticky_count=\"0\" posts_per_page=\"4\" featured-content=\"0\" disabled-links=\"1\" featured-list=\"tve-u-16f9008983c\" horizontal-space-m=\"0\" article-tcb_hover_state_parent=\"\" article-permalink=\"|{|tcb-article-permalink|}|\" no_posts_text=\"\"  class='' article-tcb_hover_state_parent='' article-permalink='|{|tcb-article-permalink|}|' ][tcb_post_list_dynamic_style]@media (min-width: 300px){.tve-theme-3377 .content-section #main #post-[tcb_the_id] [data-css=\"tve-u-170aae40f55\"]{background-image: url(\"[tcb_featured_image_url size=full]\") !important;}{{css_export_placeholder}} [data-css=\"tve-u-16f9009d4b0\"].tcb-post-list #post-[tcb_the_id] [data-css=\"tve-u-16f9009d4b5\"]{background-image: url(\"[tcb_featured_image_url size=full]\") !important;}{{css_export_placeholder}} [data-css=\"tve-u-16f9009d4b0\"].tcb-post-list #post-[tcb_the_id] [data-css=\"tve-u-16f9009d4b4\"]:hover [data-css=\"tve-u-16f9009d4b5\"]{background-image: url(\"[tcb_featured_image_url size=full]\") !important;}}[\/tcb_post_list_dynamic_style]\n<a href=\"[tcb_post_the_permalink]\" class=\"tve-dynamic-link\" dynamic-postlink=\"tcb_post_the_permalink\" data-shortcode-id=\"2978\"><div class=\"thrv_wrapper thrv_contentbox_shortcode thrv-content-box tve-elem-default-pad\" data-css=\"tve-u-16f9009d4b4\">\n<div class=\"tve-content-box-background\" data-css=\"tve-u-16f9009d4b5\" data-tcb_hover_state_parent=\"1\"><\/div>\n<div class=\"tve-cb\" data-css=\"tve-u-16f9009d4b6\" style=\"\"><\/div>\n<\/div><\/a><div class=\"thrv_wrapper thrv_contentbox_shortcode thrv-content-box tve-elem-default-pad\" data-css=\"tve-u-16f9009d4b7\" style=\"\">\n<div class=\"tve-content-box-background\"><\/div>\n<div class=\"tve-cb\" data-css=\"tve-u-16f9009d4b8\">\n<div class=\"thrv_wrapper tve_image_caption tcb-post-author-picture\" data-dynamic=\"author\" data-css=\"tve-u-16f9009d4b9\" style=\"\">\n<span class=\"tve_image_frame\" style=\"\">\n<a href=\"[tcb_post_author_link]\" rel=\"nofollow\" class=\"tve-dynamic-link\" dynamic-postlink=\"tcb_post_author_link\" data-shortcode-id=\"2978\">\n<img class=\"tve_image\" alt=\"Author Image\" style=\"\" data-css=\"tve-u-16f9009d4ba\" ml-d=\"0\" mt-d=\"-2\" width=\"38.8\" height=\"36.8\" src=\"[tcb_author_image_url]\">\n<\/a>\n<\/span>\n<\/div>\n<div class=\"thrv_wrapper thrv_contentbox_shortcode thrv-content-box tve-elem-default-pad\" data-css=\"tve-u-16f9009d4bb\" style=\"\">\n<div class=\"tve-content-box-background\"><\/div>\n<div class=\"tve-cb\" data-css=\"tve-u-16f9009d4bc\" style=\"\"><div class=\"tcb-clear\" data-css=\"tve-u-17067c04043\"><div class=\"thrv_wrapper thrv_text_element\" style=\"\" data-css=\"tve-u-17067c03f2b\" data-float-d=\"1\"><p data-css=\"tve-u-17067bfca6e\"><span class=\"thrive-shortcode-content\" data-attr-link=\"0\" data-attr-rel=\"0\" data-attr-target=\"1\" data-extra_key=\"\" data-option-inline=\"1\" data-shortcode=\"tcb_post_author_name\" data-shortcode-name=\"Author Name\">[tcb_post_author_name link='0' rel='0' target='1' inline='1']<\/span><\/p><\/div><\/div><div class=\"thrv_wrapper thrv_text_element\" style=\"\" data-css=\"tve-u-17067bfc2f0\"><p data-css=\"tve-u-17067bfca6e\"><span class=\"thrive-shortcode-content\" data-shortcode=\"tcb_post_published_date\" data-shortcode-name=\"Post date\" data-extra_key=\"\" data-attr-type=\"published\" data-attr-date-format-select=\"m\/d\/Y\" data-attr-date-format=\"m\/d\/Y\" data-attr-show-time=\"0\" data-attr-time-format-select=\"g:i a\" data-attr-time-format=\"\" data-attr-link=\"0\" data-attr-target=\"1\" data-attr-rel=\"0\" data-option-inline=\"1\">[tcb_post_published_date type='published' date-format-select='m\/d\/Y' date-format='m\/d\/Y' show-time='0' time-format-select='g:i a' time-format='' link='0' target='1' rel='0' inline='1']<\/span><\/p><\/div><\/div>\n<\/div>[tcb_post_title css='tve-u-1708c5aa178']<\/div>\n<\/div>\n[\/tcb_post_list]<div class=\"thrv_wrapper thrv_contentbox_shortcode thrv-content-box tve-elem-default-pad\" style=\"\" data-css=\"tve-u-17067c74a75\">\n<div class=\"tve-content-box-background\" style=\"\" data-css=\"tve-u-17067c10266\"><\/div>\n<div class=\"tve-cb\"><div class=\"thrv_wrapper thrv-columns\" style=\"\" data-css=\"tve-u-17067c2cef1\"><div class=\"tcb-flex-row tcb-resized tcb--cols--2 tcb-medium-no-wrap v-2 tcb-mobile-wrap m-edit\" style=\"\" data-css=\"tve-u-17067c2cb29\"><div class=\"tcb-flex-col\" data-css=\"tve-u-17067c29315\" style=\"\"><div class=\"tcb-col\" style=\"\" data-css=\"tve-u-17067c31a86\"><\/div><\/div><div class=\"tcb-flex-col\" data-css=\"tve-u-17067c2939b\" style=\"\"><div class=\"tcb-col\" style=\"\"><div class=\"thrv_wrapper thrv_text_element\" style=\"\" data-css=\"tve-u-17067cc9831\"><h4 class=\"\" data-css=\"tve-u-17067c3cb50\" style=\"\">Subscribe now to get the <span data-css=\"tve-u-17067c486a3\" style=\"color: var(--tcb-skin-color-0);\">latest updates!<\/span><\/h4><\/div><div class=\"thrv_wrapper thrv_lead_generation\" data-connection=\"api\" style=\"\" data-css=\"tve-u-17067cca48f\"><input type=\"hidden\" class=\"tve-lg-err-msg\" value=\"{&quot;email&quot;:&quot;Email address invalid&quot;,&quot;phone&quot;:&quot;Phone number invalid&quot;,&quot;password&quot;:&quot;Password invalid&quot;,&quot;passwordmismatch&quot;:&quot;Password mismatch error&quot;,&quot;required&quot;:&quot;Required field missing&quot;}\">\n<div class=\"thrv_lead_generation_container tve_clearfix\">\n<form action=\"#\" method=\"post\" novalidate=\"novalidate\">\n<div class=\"tve_lead_generated_inputs_container tve_clearfix\">\n<div class=\"thrv_wrapper thrv-columns\" style=\"\" data-css=\"tve-u-17067c4f0df\"><div class=\"tcb-flex-row tcb--cols--3 tcb-resized tcb-medium-no-wrap tcb-mobile-no-wrap\" data-css=\"tve-u-17067ca78ec\" style=\"\"><div class=\"tcb-flex-col\" data-css=\"tve-u-17067c59c1e\" style=\"\"><div class=\"tcb-col\"><div class=\"tve_lg_input_container tve_lg_input tcb-icon-display\" data-css=\"tve-u-17067c4c6d7\" style=\"\" data-tcb_hover_state_parent=\"\">\n<input type=\"text\" data-field=\"name\" name=\"name\" placeholder=\"Name\" data-placeholder=\"Name\" style=\"\">\n<\/div><\/div><\/div><div class=\"tcb-flex-col\" data-css=\"tve-u-17067c59c9b\" style=\"\"><div class=\"tcb-col\"><div class=\"tve_lg_input_container tve_lg_input tcb-icon-display\" data-css=\"tve-u-17067c4c6d7\" style=\"\" data-tcb_hover_state_parent=\"\">\n<input type=\"email\" data-field=\"email\" data-required=\"1\" data-validation=\"email\" name=\"email\" placeholder=\"Email\" data-placeholder=\"Email\" style=\"\">\n<\/div><\/div><\/div><div class=\"tcb-flex-col\" data-css=\"tve-u-17067c59d15\" style=\"\"><div class=\"tcb-col\"><div class=\"tve_lg_input_container tve_submit_container tve_lg_submit\" data-css=\"tve-u-17067c54b7e\" style=\"\" data-tcb_hover_state_parent=\"\">\n<button type=\"submit\" class=\"\" style=\"\">Sign Up<\/button>\n<\/div><\/div><\/div><\/div><\/div>\n<\/div>\n<input id=\"_submit_option\" type=\"hidden\" name=\"_submit_option\" value=\"redirect\">\n<input id=\"_back_url\" type=\"hidden\" name=\"_back_url\" value=\"#\">\n<input id=\"_autofill\" type=\"hidden\" name=\"_autofill\" value=\"\"><input type=\"hidden\" id=\"tve_mapping\" name=\"tve_mapping\" value=\"YTowOnt9\"><input type=\"hidden\" id=\"tve_labels\" name=\"tve_labels\" value=\"YToyOntzOjQ6Im5hbWUiO3M6NDoiTmFtZSI7czo1OiJlbWFpbCI7czo1OiJFbWFpbCI7fQ==\"><\/form>\n<\/div>\n<\/div><\/div><\/div><\/div><\/div><\/div>\n<\/div>","type":"bottom","singular":"0","template_type":"","style":{"css":{"(min-width: 300px)":"{{css_export_placeholder}} .section-content { min-height: 336px !important; padding: 40px 0px !important; }{{css_export_placeholder}} .section-background { border-top: 2px solid var(--tcb-skin-color-1); }{{css_export_placeholder}} [data-css=\"tve-u-16f9008983c\"] { padding: 0px !important; margin-bottom: 15px !important; }{{css_export_placeholder}} .tcb-post-list[data-css=\"tve-u-16f9009d4b0\"] .post-wrapper.thrv_wrapper { width: calc((100% - 45px) \/ 4); padding: 0px; }{{css_export_placeholder}} [data-css=\"tve-u-16f9009d4b0\"].tcb-post-list [data-css=\"tve-u-16f9009d4b7\"] { margin-top: 0px !important; padding-top: 0px !important; margin-bottom: 0px !important; z-index: 100 !important; padding-left: 15px !important; padding-right: 15px !important; }{{css_export_placeholder}} [data-css=\"tve-u-16f9009d4b0\"].tcb-post-list .post-wrapper { border: 1px solid rgba(0, 0, 0, 0.12); border-radius: 0px; overflow: hidden; }{{css_export_placeholder}} [data-css=\"tve-u-16f9009d4b0\"].tcb-post-list [data-css=\"tve-u-16f9009d4bb\"] { padding: 0px !important; margin-top: 10px !important; margin-bottom: 5px !important; }:not(#tve) {{css_export_placeholder}} [data-css=\"tve-u-16f9009d4b0\"].tcb-post-list .thrv-content-box [data-css=\"tve-u-16f9009d4bc\"] p, :not(#tve) {{css_export_placeholder}} [data-css=\"tve-u-16f9009d4b0\"].tcb-post-list .thrv-content-box [data-css=\"tve-u-16f9009d4bc\"] li, :not(#tve) {{css_export_placeholder}} [data-css=\"tve-u-16f9009d4b0\"].tcb-post-list .thrv-content-box [data-css=\"tve-u-16f9009d4bc\"] blockquote, :not(#tve) {{css_export_placeholder}} [data-css=\"tve-u-16f9009d4b0\"].tcb-post-list .thrv-content-box [data-css=\"tve-u-16f9009d4bc\"] address, :not(#tve) {{css_export_placeholder}} [data-css=\"tve-u-16f9009d4b0\"].tcb-post-list .thrv-content-box [data-css=\"tve-u-16f9009d4bc\"] .tcb-plain-text, :not(#tve) {{css_export_placeholder}} [data-css=\"tve-u-16f9009d4b0\"].tcb-post-list .thrv-content-box [data-css=\"tve-u-16f9009d4bc\"] label { line-height: 1.4em; font-size: var(--tve-font-size, 11px); }:not(#tve) {{css_export_placeholder}} [data-css=\"tve-u-16f9009d4b0\"].tcb-post-list .thrv-content-box [data-css=\"tve-u-16f9009d4bc\"] p, :not(#tve) {{css_export_placeholder}} [data-css=\"tve-u-16f9009d4b0\"].tcb-post-list .thrv-content-box [data-css=\"tve-u-16f9009d4bc\"] li, :not(#tve) {{css_export_placeholder}} [data-css=\"tve-u-16f9009d4b0\"].tcb-post-list .thrv-content-box [data-css=\"tve-u-16f9009d4bc\"] blockquote, :not(#tve) {{css_export_placeholder}} [data-css=\"tve-u-16f9009d4b0\"].tcb-post-list .thrv-content-box [data-css=\"tve-u-16f9009d4bc\"] address, :not(#tve) {{css_export_placeholder}} [data-css=\"tve-u-16f9009d4b0\"].tcb-post-list .thrv-content-box [data-css=\"tve-u-16f9009d4bc\"] .tcb-plain-text, :not(#tve) {{css_export_placeholder}} [data-css=\"tve-u-16f9009d4b0\"].tcb-post-list .thrv-content-box [data-css=\"tve-u-16f9009d4bc\"] label, :not(#tve) {{css_export_placeholder}} [data-css=\"tve-u-16f9009d4b0\"].tcb-post-list .thrv-content-box [data-css=\"tve-u-16f9009d4bc\"] h1, :not(#tve) {{css_export_placeholder}} [data-css=\"tve-u-16f9009d4b0\"].tcb-post-list .thrv-content-box [data-css=\"tve-u-16f9009d4bc\"] h2, :not(#tve) {{css_export_placeholder}} [data-css=\"tve-u-16f9009d4b0\"].tcb-post-list .thrv-content-box [data-css=\"tve-u-16f9009d4bc\"] h3, :not(#tve) {{css_export_placeholder}} [data-css=\"tve-u-16f9009d4b0\"].tcb-post-list .thrv-content-box [data-css=\"tve-u-16f9009d4bc\"] h4, :not(#tve) {{css_export_placeholder}} [data-css=\"tve-u-16f9009d4b0\"].tcb-post-list .thrv-content-box [data-css=\"tve-u-16f9009d4bc\"] h5, :not(#tve) {{css_export_placeholder}} [data-css=\"tve-u-16f9009d4b0\"].tcb-post-list .thrv-content-box [data-css=\"tve-u-16f9009d4bc\"] h6 { color: rgb(132, 132, 132); }:not(#tve) {{css_export_placeholder}} [data-css=\"tve-u-16f9009d4b0\"].tcb-post-list .post-wrapper:hover { border: 1px solid rgba(0, 0, 0, 0.24) !important; border-radius: 8px !important; overflow: hidden !important; }{{css_export_placeholder}} [data-css=\"tve-u-16f9009d4b0\"] { padding: 0px; margin-bottom: 70px !important; margin-top: 0px !important; }{{css_export_placeholder}} [data-css=\"tve-u-16f9009d4b0\"].tcb-post-list [data-css=\"tve-u-16f9009d4b4\"] { margin: 0px !important; z-index: 4 !important; }{{css_export_placeholder}} [data-css=\"tve-u-16f9009d4b0\"].tcb-post-list [data-css=\"tve-u-16f9009d4b5\"] { box-shadow: rgba(0, 0, 0, 0.12) 0px -60px 33px -27px inset; background-image: url(\"{{img=ab29238ca70aabce3cdcf209e04426b9}}?dynamic_featured=1&size=full\") !important; background-size: cover !important; background-position: 50% 50% !important; background-attachment: scroll !important; background-repeat: no-repeat !important; }{{css_export_placeholder}} [data-css=\"tve-u-16f9009d4b0\"].tcb-post-list .thrv-content-box [data-css=\"tve-u-16f9009d4b6\"] { min-height: 116px !important; }{{css_export_placeholder}} [data-css=\"tve-u-16f9009d4b0\"].tcb-post-list [data-css=\"tve-u-16f9009d4b4\"]:hover [data-css=\"tve-u-16f9009d4b5\"] { box-shadow: rgba(0, 0, 0, 0.12) 0px -17px 25px 0px inset !important; background-image: url(\"{{img=ab29238ca70aabce3cdcf209e04426b9}}?dynamic_featured=1&size=full\") !important; background-size: cover !important; background-position: 50% 50% !important; background-attachment: scroll !important; background-repeat: no-repeat !important; }{{css_export_placeholder}} [data-css=\"tve-u-16f9009d4b0\"].tcb-post-list .thrv-content-box [data-css=\"tve-u-16f9009d4b8\"]::after { clear: both; }{{css_export_placeholder}} [data-css=\"tve-u-16f9009d4b0\"].tcb-post-list [data-css=\"tve-u-16f9009d4ba\"] { margin-left: 0px; margin-top: -2px; width: 100% !important; max-width: none !important; }{{css_export_placeholder}} [data-css=\"tve-u-16f9009d4b0\"].tcb-post-list [data-css=\"tve-u-16f9009d4b9\"] { width: 42px; position: relative; border: 2px solid rgb(255, 255, 255); margin-top: -20px !important; margin-bottom: 0px !important; z-index: 12 !important; }{{css_export_placeholder}} .tcb-post-list[data-css=\"tve-u-16f9009d4b0\"] .post-wrapper.thrv_wrapper:not(:nth-child(n+5)) { margin-top: 0px !important; }{{css_export_placeholder}} .tcb-post-list[data-css=\"tve-u-16f9009d4b0\"] .post-wrapper.thrv_wrapper:not(:nth-child(4n)) { margin-right: 15px !important; }{{css_export_placeholder}} .tcb-post-list[data-css=\"tve-u-16f9009d4b0\"] .post-wrapper.thrv_wrapper:nth-child(4n) { margin-right: 0px !important; }{{css_export_placeholder}} [data-css=\"tve-u-16f9009d4b0\"].tcb-post-list .thrv-content-box [data-css=\"tve-u-16f9009d4bc\"] { --tve-font-size:11px; --tve-letter-spacing:1px; }{{css_export_placeholder}} [data-css=\"tve-u-16f9009d4b0\"].tcb-post-list .thrv-content-box [data-css=\"tve-u-16f9009d4bc\"] p, {{css_export_placeholder}} [data-css=\"tve-u-16f9009d4b0\"].tcb-post-list .thrv-content-box [data-css=\"tve-u-16f9009d4bc\"] li, {{css_export_placeholder}} [data-css=\"tve-u-16f9009d4b0\"].tcb-post-list .thrv-content-box [data-css=\"tve-u-16f9009d4bc\"] blockquote, {{css_export_placeholder}} [data-css=\"tve-u-16f9009d4b0\"].tcb-post-list .thrv-content-box [data-css=\"tve-u-16f9009d4bc\"] address, {{css_export_placeholder}} [data-css=\"tve-u-16f9009d4b0\"].tcb-post-list .thrv-content-box [data-css=\"tve-u-16f9009d4bc\"] .tcb-plain-text, {{css_export_placeholder}} [data-css=\"tve-u-16f9009d4b0\"].tcb-post-list .thrv-content-box [data-css=\"tve-u-16f9009d4bc\"] label { letter-spacing: var(--tve-letter-spacing, 1px); }:not(#tve) {{css_export_placeholder}} [data-css=\"tve-u-16fd30a8588\"] { padding-bottom: 0px !important; margin-bottom: 0px !important; }{{css_export_placeholder}} [data-css=\"tve-u-16f9009d4b0\"].tcb-post-list [data-css=\"tve-u-17067bfc2f0\"] { padding: 0px !important; }:not(#tve) {{css_export_placeholder}} [data-css=\"tve-u-16f9009d4b0\"].tcb-post-list [data-css=\"tve-u-17067bfca6e\"] { padding-top: 0px !important; margin-top: 0px !important; padding-bottom: 0px !important; margin-bottom: 0px !important; }{{css_export_placeholder}} [data-css=\"tve-u-16f9009d4b0\"].tcb-post-list [data-css=\"tve-u-17067c03f2b\"] { float: left; z-index: 3; position: relative; display: inline-block; padding: 0px 8px 0px 0px !important; margin-right: 8px !important; border-right: 1px solid rgba(0, 0, 0, 0.14) !important; }{{css_export_placeholder}} [data-css=\"tve-u-17067c10266\"] { background-color: rgb(255, 255, 255) !important; background-image: linear-gradient(244deg, var(--tcb-skin-color-9) 0%, var(--tcb-skin-color-8) 100%)  !important; background-size: auto !important; background-position: 50% 50% !important; background-attachment: scroll !important; background-repeat: no-repeat !important; }{{css_export_placeholder}} [data-css=\"tve-u-17067c29315\"] { max-width: 24.2%; }{{css_export_placeholder}} [data-css=\"tve-u-17067c2939b\"] { max-width: 75.8%; }{{css_export_placeholder}} [data-css=\"tve-u-17067c2cb29\"] { margin-left: -30px; padding: 0px !important; }{{css_export_placeholder}} [data-css=\"tve-u-17067c2cef1\"] { margin: 0px !important; }{{css_export_placeholder}} [data-css=\"tve-u-17067c31a86\"] { background-image: url(\"{{img=20bd61ebd9492029d260ca8f6ab40892}}\") !important; background-size: cover !important; background-position: 50% 50% !important; background-attachment: scroll !important; background-repeat: no-repeat !important; }:not(#tve) {{css_export_placeholder}} [data-css=\"tve-u-17067c3cb50\"] { padding-bottom: 0px !important; margin-bottom: 0px !important; color: var(--tcb-skin-color-4)  !important; --tcb-applied-color:var$(--tcb-skin-color-4)  !important; }{{css_export_placeholder}} [data-css=\"tve-u-17067c486a3\"] { color: var(--tcb-skin-color-0)  !important; }{{css_export_placeholder}} [data-css=\"tve-u-17067c4f0df\"] { margin-top: 0px !important; margin-bottom: 0px !important; }:not(#tve) {{css_export_placeholder}} [data-css=\"tve-u-17067c4c6d7\"] input, :not(#tve) {{css_export_placeholder}} [data-css=\"tve-u-17067c4c6d7\"] select { padding-left: 15px; padding-right: 15px; border: medium none; border-radius: 0px; overflow: hidden; font-size: var(--tve-font-size, 14px); font-family: var(--tve-font-family, Muli); margin-top: 0px !important; margin-bottom: 0px !important; padding-top: 14px !important; padding-bottom: 14px !important; }:not(#tve) {{css_export_placeholder}} [data-css=\"tve-u-17067c54b7e\"] button { font-weight: var(--tve-font-weight, var(--g-bold-weight, bold)); font-family: var(--tve-font-family, Muli); font-size: var(--tve-font-size, 14px); letter-spacing: var(--tve-letter-spacing, 3px); border: medium none; background-color: var(--tcb-skin-color-0)  !important; margin-top: 0px !important; margin-bottom: 0px !important; padding: 14px !important; }{{css_export_placeholder}} [data-css=\"tve-u-17067c54b7e\"] { --tve-font-weight:var(--g-bold-weight, bold); --tve-font-family:Muli; --g-regular-weight:400; --g-bold-weight:800; --tve-font-size:14px; --tve-letter-spacing:3px; }{{css_export_placeholder}} [data-css=\"tve-u-17067c59c1e\"] { max-width: 39.1%; }{{css_export_placeholder}} [data-css=\"tve-u-17067c59c9b\"] { max-width: 37.3%; }{{css_export_placeholder}} [data-css=\"tve-u-17067c59d15\"] { max-width: 23.5%; }{{css_export_placeholder}} [data-css=\"tve-u-17067c4c6d7\"] { --tve-font-size:14px; --tve-font-weight:var(--g-regular-weight, normal); --tve-font-family:Muli; --g-regular-weight:400; --tve-color:var(--tcb-skin-color-4); }:not(#tve) {{css_export_placeholder}} [data-css=\"tve-u-17067c4c6d7\"] input, :not(#tve) {{css_export_placeholder}} [data-css=\"tve-u-17067c4c6d7\"] input::placeholder, :not(#tve) {{css_export_placeholder}} [data-css=\"tve-u-17067c4c6d7\"] select { font-weight: var(--tve-font-weight, var(--g-regular-weight, normal)); --tcb-applied-color:var$(--tcb-skin-color-4); color: var(--tve-color, var(--tcb-skin-color-4))  !important; }:not(#tve) {{css_export_placeholder}} [data-css=\"tve-u-17067c4c6d7\"]:hover input, :not(#tve) {{css_export_placeholder}} [data-css=\"tve-u-17067c4c6d7\"]:hover input::placeholder, :not(#tve) {{css_export_placeholder}} [data-css=\"tve-u-17067c4c6d7\"]:hover select { color: var(--tve-color, var(--tcb-skin-color-0))  !important; --tcb-applied-color:var$(--tcb-skin-color-0)  !important; }:not(#tve) {{css_export_placeholder}} [data-css=\"tve-u-17067c4c6d7\"]:hover { --tve-color:var(--tcb-skin-color-0)  !important; }:not(#tve) {{css_export_placeholder}} [data-css=\"tve-u-17067c54b7e\"]:hover button { background-color: var(--tcb-skin-color-0)  !important; background-image: repeating-linear-gradient(135deg, rgba(255, 255, 255, 0.03), rgba(255, 255, 255, 0.03) 3px, transparent 3px, transparent 6px), linear-gradient(rgba(255, 255, 255, 0.04), rgba(255, 255, 255, 0.04)) !important; background-size: auto, auto !important; background-position: 50% 50%, 50% 50% !important; background-attachment: scroll, scroll !important; background-repeat: repeat, no-repeat !important; }{{css_export_placeholder}} [data-css=\"tve-u-17067c74a75\"] { padding: 40px !important; margin-top: 0px !important; margin-bottom: 0px !important; }{{css_export_placeholder}} [data-css=\"tve-u-17067c2cb29\"] > .tcb-flex-col { padding-left: 30px; }{{css_export_placeholder}} [data-css=\"tve-u-17067cc9831\"] { padding: 0px !important; margin-bottom: 15px !important; }{{css_export_placeholder}} [data-css=\"tve-u-17067cca48f\"] { margin-top: 0px !important; margin-bottom: 0px !important; }{{css_export_placeholder}} [data-css=\"tve-u-17067c2cb29\"] > .tcb-flex-col > .tcb-col { min-height: 174px; justify-content: center; }{{css_export_placeholder}} [data-css=\"tve-u-16f9009d4b0\"].tcb-post-list [data-css=\"tve-u-1708c5aa178\"] { --tve-font-size:20px; --tve-color:var(--tcb-skin-color-4); margin-top: 0px !important; margin-bottom: 0px !important; }{{css_export_placeholder}} [data-css=\"tve-u-16f9009d4b0\"].tcb-post-list .tcb-post-title[data-css=\"tve-u-1708c5aa178\"] a, {{css_export_placeholder}} [data-css=\"tve-u-16f9009d4b0\"].tcb-post-list .tcb-post-title[data-css=\"tve-u-1708c5aa178\"] { font-size: var(--tve-font-size, 20px); color: var(--tve-color, var(--tcb-skin-color-4)); --tcb-applied-color:var$(--tcb-skin-color-4); font-weight: normal !important; }","(max-width: 1023px)":"{{css_export_placeholder}} .tcb-post-list[data-css=\"tve-u-16f9009d4b0\"] .post-wrapper.thrv_wrapper { width: calc(50% - 7.5px); }{{css_export_placeholder}} .tcb-post-list[data-css=\"tve-u-16f9009d4b0\"] .post-wrapper.thrv_wrapper:nth-child(n+3) { margin-top: 50px !important; }{{css_export_placeholder}} .tcb-post-list[data-css=\"tve-u-16f9009d4b0\"] .post-wrapper.thrv_wrapper:not(:nth-child(n+3)) { margin-top: 0px !important; }{{css_export_placeholder}} .tcb-post-list[data-css=\"tve-u-16f9009d4b0\"] .post-wrapper.thrv_wrapper:not(:nth-child(2n)) { margin-right: 15px !important; }{{css_export_placeholder}} .tcb-post-list[data-css=\"tve-u-16f9009d4b0\"] .post-wrapper.thrv_wrapper:nth-child(2n) { margin-right: 0px !important; }{{css_export_placeholder}} .section-content { padding-left: 40px !important; padding-right: 40px !important; }{{css_export_placeholder}} [data-css=\"tve-u-17067c2cb29\"] { flex-wrap: nowrap !important; }{{css_export_placeholder}} [data-css=\"tve-u-17067ca78ec\"] > .tcb-flex-col { padding-left: 5px; }{{css_export_placeholder}} [data-css=\"tve-u-17067c29315\"] { max-width: 28.9%; }{{css_export_placeholder}} [data-css=\"tve-u-17067c2939b\"] { max-width: 71.1%; }{{css_export_placeholder}} [data-css=\"tve-u-17067ca78ec\"] { margin-left: -5px; flex-wrap: nowrap !important; }:not(#tve) {{css_export_placeholder}} [data-css=\"tve-u-17067c54b7e\"] button { font-size: var(--tve-font-size, 11px); }{{css_export_placeholder}} [data-css=\"tve-u-17067c54b7e\"] { --tve-font-size:11px; }:not(#tve) {{css_export_placeholder}} [data-css=\"tve-u-17067c4c6d7\"] input, :not(#tve) {{css_export_placeholder}} [data-css=\"tve-u-17067c4c6d7\"] select { font-size: var(--tve-font-size, 11px); letter-spacing: var(--tve-letter-spacing, 1px); }{{css_export_placeholder}} [data-css=\"tve-u-17067c4c6d7\"] { --tve-font-size:11px; --tve-letter-spacing:1px; }{{css_export_placeholder}} [data-css=\"tve-u-17067c74a75\"] { padding: 20px !important; }","(max-width: 767px)":"{{css_export_placeholder}} .tcb-post-list[data-css=\"tve-u-16f9009d4b0\"] .post-wrapper.thrv_wrapper { width: calc(100% + 0px); }{{css_export_placeholder}} [data-css=\"tve-u-16f9009d4b0\"].tcb-post-list .post-wrapper { min-width: 100%; }{{css_export_placeholder}} [data-css=\"tve-u-16f9009d4b0\"].tcb-post-list [data-css=\"tve-u-16f9009d4b7\"] { padding-left: 15px !important; padding-right: 15px !important; }{{css_export_placeholder}} .tcb-post-list[data-css=\"tve-u-16f9009d4b0\"] .post-wrapper.thrv_wrapper:nth-child(n+2) { margin-top: 20px !important; }{{css_export_placeholder}} .tcb-post-list[data-css=\"tve-u-16f9009d4b0\"] .post-wrapper.thrv_wrapper:not(:nth-child(n+2)) { margin-top: 0px !important; }{{css_export_placeholder}} .tcb-post-list[data-css=\"tve-u-16f9009d4b0\"] .post-wrapper.thrv_wrapper:nth-child(n) { margin-right: 0px !important; }{{css_export_placeholder}} .section-content { padding-left: 20px !important; padding-right: 20px !important; }{{css_export_placeholder}} [data-css=\"tve-u-16f9009d4b0\"] { margin-bottom: 50px !important; }{{css_export_placeholder}} [data-css=\"tve-u-17067c2cb29\"] > .tcb-flex-col > .tcb-col { min-height: 190px; }{{css_export_placeholder}} [data-css=\"tve-u-17067c2cb29\"] { flex-wrap: wrap !important; }{{css_export_placeholder}} [data-css=\"tve-u-17067c2cb29\"] > .tcb-flex-col { flex-basis: 390px !important; }{{css_export_placeholder}} [data-css=\"tve-u-17067cc9831\"] { margin-top: 15px !important; }{{css_export_placeholder}} [data-css=\"tve-u-17067cca48f\"] { margin-top: 0px !important; }:not(#tve) {{css_export_placeholder}} [data-css=\"tve-u-17067c4c6d7\"] input, :not(#tve) {{css_export_placeholder}} [data-css=\"tve-u-17067c4c6d7\"] select { margin-bottom: 14px !important; }"},"fonts":["@import url(\"https:\/\/fonts.googleapis.com\/css?family=Muli:400,400i,500,500i,600,300,900,800,700,200,800i&subset=latin&display=swap\");","@import url(\"https:\/\/fonts.googleapis.com\/css?family=Muli:400,600,500,800,300,700,200,900,400i,500i,800i,700i,600i,300i,900i&subset=latin&display=swap\");"],"dynamic":[]},"icons":[],"decoration":[],"comments":[],"attr":{"class":""}}}}